Date,股票代码,Open,Close,High,Low,Volume,Amount,振幅,涨跌幅,涨跌额,换手率
2015-01-05,002376,9.33,9.39,9.44,9.08,82425,91052423.0,3.91,1.95,0.18,1.57
2015-01-06,002376,9.44,9.65,9.67,9.3,110953,125580035.0,3.94,2.77,0.26,2.12
2015-01-07,002376,9.6,9.5,9.73,9.41,74040,84222103.0,3.32,-1.55,-0.15,1.41
2015-01-08,002376,9.48,9.52,9.67,9.47,71671,81423085.0,2.11,0.21,0.02,1.37
2015-01-09,002376,9.54,9.65,9.85,9.5,125089,143999653.0,3.68,1.37,0.13,2.39
2015-01-12,002376,9.5,9.45,9.69,9.33,59062,66767219.0,3.73,-2.07,-0.2,1.13
2015-01-13,002376,9.45,9.74,9.79,9.4,102647,117436828.0,4.13,3.07,0.29,1.96
2015-01-14,002376,9.74,9.56,9.78,9.51,71121,81280329.0,2.77,-1.85,-0.18,1.36
2015-01-15,002376,9.57,9.89,10.0,9.56,173103,201998954.0,4.6,3.45,0.33,3.3
2015-01-16,002376,9.85,10.04,10.05,9.77,140703,165460191.0,2.83,1.52,0.15,2.68
2015-01-19,002376,9.92,10.23,10.6,9.82,417452,504526160.0,7.77,1.89,0.19,7.96
2015-01-20,002376,10.34,11.21,11.24,10.17,531768,672538848.0,10.46,9.58,0.98,10.14
2015-01-21,002376,11.15,11.27,11.67,11.05,422590,554556000.0,5.53,0.54,0.06,8.06
2015-01-22,002376,11.29,11.45,11.6,11.16,259088,342307840.0,3.9,1.6,0.18,4.94
2015-01-23,002376,11.48,11.19,11.52,11.1,214450,279790768.0,3.67,-2.27,-0.26,4.09
2015-01-26,002376,11.18,11.24,11.26,10.96,182428,236082838.0,2.68,0.45,0.05,3.48
2015-01-27,002376,11.2,11.45,11.65,11.11,267675,354113088.0,4.8,1.87,0.21,5.11
2015-01-28,002376,11.39,11.12,11.4,11.08,149924,195595751.0,2.79,-2.88,-0.33,2.86
2015-01-29,002376,10.96,10.83,11.21,10.8,147766,188987724.0,3.69,-2.61,-0.29,2.82
2015-01-30,002376,10.81,10.85,11.02,10.76,108229,137312853.0,2.4,0.18,0.02,2.06
2015-02-02,002376,10.85,10.88,11.15,10.79,137990,176372097.0,3.32,0.28,0.03,2.63
2015-02-03,002376,10.95,10.9,11.0,10.71,195941,248706144.0,2.67,0.18,0.02,3.74
2015-02-04,002376,10.91,11.22,11.36,10.78,276033,355304928.0,5.32,2.94,0.32,5.26
2015-02-05,002376,11.22,10.91,11.43,10.87,250303,325426176.0,4.99,-2.76,-0.31,4.77
2015-02-06,002376,10.79,10.4,10.85,10.3,212569,262168485.0,5.04,-4.67,-0.51,4.05
2015-02-09,002376,10.36,10.2,10.57,10.1,134071,161833176.0,4.52,-1.92,-0.2,2.56
2015-02-10,002376,10.2,10.49,10.49,10.13,131537,159157657.0,3.53,2.84,0.29,2.51
2015-02-11,002376,10.52,10.68,10.75,10.3,198145,243503963.0,4.29,1.81,0.19,3.78
2015-02-12,002376,10.6,10.8,10.92,10.54,145179,182277736.0,3.56,1.12,0.12,2.77
2015-02-13,002376,10.83,10.79,11.05,10.75,138543,175699011.0,2.78,-0.09,-0.01,2.64
2015-02-16,002376,10.78,11.14,11.19,10.78,152180,195507946.0,3.8,3.24,0.35,2.9
2015-02-17,002376,11.23,11.05,11.3,10.98,97942,125786199.0,2.87,-0.81,-0.09,1.87
2015-02-25,002376,11.09,11.27,11.37,10.93,178959,233068661.0,3.98,1.99,0.22,3.41
2015-02-26,002376,11.18,11.2,11.24,10.98,124085,160255446.0,2.31,-0.62,-0.07,2.37
2015-02-27,002376,11.2,11.36,11.42,11.02,169836,221968554.0,3.57,1.43,0.16,3.24
2015-03-02,002376,11.48,11.72,11.76,11.32,215284,288621664.0,3.87,3.17,0.36,4.11
2015-05-08,002376,13.07,13.07,13.07,13.07,3448,5126819.0,0.0,11.52,1.35,0.07
2015-05-11,002376,14.56,14.56,14.56,14.56,5476,8958490.0,0.0,11.4,1.49,0.11
2015-05-12,002376,16.2,16.2,16.2,16.2,10832,19498410.0,0.0,11.26,1.64,0.21
2015-05-13,002376,17.89,18.0,18.0,17.1,529346,1031340512.0,5.56,11.11,1.8,10.42
2015-05-14,002376,18.4,18.99,19.98,18.22,823754,1721868544.0,9.78,5.5,0.99,16.21
2015-05-15,002376,18.33,18.04,18.86,17.5,441877,879342464.0,7.16,-5.0,-0.95,8.7
2015-05-18,002376,17.8,18.03,18.7,17.61,335243,669785696.0,6.04,-0.06,-0.01,6.6
2015-05-19,002376,17.99,20.01,20.01,17.7,488718,1019296528.0,12.81,10.98,1.98,9.62
2015-05-20,002376,21.5,19.7,22.19,19.65,552494,1269894000.0,12.69,-1.55,-0.31,10.87
2015-05-21,002376,19.28,21.14,21.5,19.26,455431,1022020256.0,11.37,7.31,1.44,8.96
2015-05-22,002376,21.14,20.61,21.5,19.97,362649,816230416.0,7.24,-2.51,-0.53,7.14
2015-05-25,002376,20.62,21.82,22.38,20.43,400507,925971312.0,9.46,5.87,1.21,7.88
2015-05-26,002376,21.5,22.4,22.88,21.37,431912,1032283248.0,6.92,2.66,0.58,8.5
2015-05-27,002376,22.65,21.37,22.65,20.98,445637,1043281408.0,7.46,-4.6,-1.03,8.77
2015-05-28,002376,21.38,19.05,22.1,19.05,415814,935084144.0,14.27,-10.86,-2.32,8.18
2015-05-29,002376,18.76,19.48,20.2,17.48,362007,759709200.0,14.28,2.26,0.43,7.12
2015-06-01,002376,20.9,21.61,21.61,20.9,294693,686061888.0,3.64,10.93,2.13,5.8
2015-06-02,002376,23.95,23.95,23.95,23.02,149254,384213808.0,4.3,10.83,2.34,2.94
2015-06-03,002376,25.79,25.08,26.5,23.37,629837,1688035440.0,13.07,4.72,1.13,12.4
2015-06-04,002376,24.5,27.16,27.64,22.78,491881,1363545104.0,19.38,8.29,2.08,9.68
2015-06-05,002376,28.5,28.87,29.99,27.72,390077,1198184432.0,8.36,6.3,1.71,7.68
2015-06-08,002376,29.2,27.1,30.2,25.8,442928,1283995808.0,15.24,-6.13,-1.77,8.72
2015-06-09,002376,26.4,26.1,27.44,25.25,264485,739889600.0,8.08,-3.69,-1.0,5.21
2015-06-10,002376,25.95,27.65,28.49,25.33,284857,830378352.0,12.11,5.94,1.55,5.61
2015-06-11,002376,27.99,27.72,28.2,26.36,235807,690100576.0,6.65,0.25,0.07,4.64
2015-06-12,002376,27.73,26.97,27.76,26.72,205403,593850816.0,3.75,-2.71,-0.75,4.04
2015-06-15,002376,26.52,25.3,27.49,25.21,283032,798829728.0,8.45,-6.19,-1.67,5.57
2015-06-16,002376,24.76,23.55,25.01,23.2,199818,517536672.0,7.15,-6.92,-1.75,3.93
2015-06-17,002376,23.32,25.0,25.29,22.65,193306,500957888.0,11.21,6.16,1.45,3.8
2015-06-18,002376,25.09,23.79,25.74,23.77,147048,389806656.0,7.88,-4.84,-1.21,2.89
2015-06-19,002376,22.7,21.23,23.53,21.23,153659,363573008.0,9.67,-10.76,-2.56,3.02
2015-06-23,002376,20.85,20.2,21.54,18.93,207677,453295776.0,12.29,-4.85,-1.03,4.09
2015-06-24,002376,20.56,20.45,20.95,19.2,308317,675344832.0,8.66,1.24,0.25,6.07
2015-06-25,002376,20.45,18.39,20.45,18.24,290298,616177856.0,10.81,-10.07,-2.06,5.71
2015-06-26,002376,17.7,16.38,17.8,16.38,227924,421159168.0,7.72,-10.93,-2.01,4.49
2015-06-29,002376,16.8,14.57,16.89,14.57,312985,526783984.0,14.16,-11.05,-1.81,6.16
2015-06-30,002376,14.21,16.2,16.2,13.09,455491,743996880.0,21.35,11.19,1.63,8.3
2015-07-01,002376,16.28,15.37,17.45,14.88,400490,735714240.0,15.86,-5.12,-0.83,7.3
2015-07-02,002376,15.1,14.29,16.24,13.86,348418,588311808.0,15.48,-7.03,-1.08,6.35
2015-07-03,002376,13.81,13.98,15.51,12.69,377243,587953568.0,19.73,-2.17,-0.31,6.87
2015-07-06,002376,15.55,13.7,15.55,12.41,408283,637382960.0,22.46,-2.0,-0.28,7.44
2015-07-07,002376,12.78,12.16,13.6,12.16,182342,258279075.0,10.51,-11.24,-1.54,3.32
2015-07-08,002376,10.77,10.77,11.16,10.77,496592,620181824.0,3.21,-11.43,-1.39,9.05
2015-07-09,002376,10.2,12.02,12.02,10.2,372851,501635888.0,16.9,11.61,1.25,6.79
2015-07-10,002376,13.2,13.39,13.39,12.5,149368,223434921.0,7.4,11.4,1.37,2.72
2015-07-13,002376,14.78,14.9,14.9,13.75,430864,697698400.0,8.59,11.28,1.51,7.85
2015-07-14,002376,15.0,15.19,16.5,14.35,518669,893613472.0,14.43,1.95,0.29,9.45
2015-07-15,002376,14.42,13.5,14.69,13.5,252329,397325088.0,7.83,-11.13,-1.69,4.6
2015-07-16,002376,12.06,13.63,14.24,12.02,281297,419628864.0,16.44,0.96,0.13,5.13
2015-07-17,002376,13.63,14.81,15.05,13.62,267388,430122144.0,10.49,8.66,1.18,4.87
2015-07-20,002376,14.6,14.87,15.59,13.81,402530,662341952.0,12.02,0.41,0.06,7.34
2015-07-21,002376,14.32,15.85,15.85,14.2,400762,682499936.0,11.1,6.59,0.98,7.3
2015-07-22,002376,15.63,15.61,15.93,14.9,296775,510415088.0,6.5,-1.51,-0.24,5.41
2015-07-23,002376,15.56,16.39,16.49,15.5,326764,580813600.0,6.34,5.0,0.78,5.95
2015-07-24,002376,16.58,15.55,16.65,15.4,311812,555700160.0,7.63,-5.13,-0.84,5.68
2015-07-27,002376,15.07,13.83,15.24,13.83,329245,536715136.0,9.07,-11.06,-1.72,6.0
2015-07-28,002376,12.45,12.44,13.59,12.28,249294,358582416.0,9.47,-10.05,-1.39,4.54
2015-07-29,002376,12.85,13.51,13.68,11.96,226900,324911072.0,13.83,8.6,1.07,4.13
2015-07-30,002376,13.2,12.54,13.72,12.31,249711,373006016.0,10.44,-7.18,-0.97,4.55
2015-07-31,002376,12.2,12.17,12.79,11.81,182347,255724155.0,7.81,-2.95,-0.37,3.32
2015-08-03,002376,12.1,11.11,12.1,10.78,192078,250605316.0,10.85,-8.71,-1.06,3.5
2015-08-04,002376,11.12,12.39,12.39,11.12,259695,350916432.0,11.43,11.52,1.28,4.73
2015-08-05,002376,12.57,12.48,13.07,12.25,271659,390450512.0,6.62,0.73,0.09,4.95
2015-08-06,002376,12.05,12.78,12.9,11.98,184080,262562182.0,7.37,2.4,0.3,3.35
2015-08-07,002376,13.01,13.42,13.6,13.01,228573,343878304.0,4.62,5.01,0.64,4.17
2015-08-10,002376,13.48,14.64,14.68,13.48,269291,425466016.0,8.94,9.09,1.22,4.91
2015-08-11,002376,15.14,15.3,15.95,15.14,454365,779113760.0,5.53,4.51,0.66,8.28
2015-08-12,002376,14.8,14.4,15.48,14.38,243548,403731232.0,7.19,-5.88,-0.9,4.44
2015-08-13,002376,14.9,15.27,15.39,14.48,234072,388436768.0,6.32,6.04,0.87,4.27
2015-08-14,002376,15.27,14.91,15.55,14.7,211864,355871616.0,5.57,-2.36,-0.36,3.86
2015-08-17,002376,14.71,14.71,14.82,14.15,196617,318326784.0,4.49,-1.34,-0.2,3.58
2015-08-18,002376,15.01,13.07,15.27,13.07,266280,427646576.0,14.96,-11.15,-1.64,4.85
2015-08-19,002376,12.7,13.3,13.59,11.78,216199,311584432.0,13.85,1.76,0.23,3.94
2015-08-20,002376,13.08,12.86,13.66,12.82,159014,236376535.0,6.32,-3.31,-0.44,2.9
2015-08-21,002376,12.31,12.15,12.8,11.81,165964,232552054.0,7.7,-5.52,-0.71,3.02
2015-08-24,002376,11.45,10.77,11.8,10.77,109969,139767500.0,8.48,-11.36,-1.38,2.0
2015-08-25,002376,9.52,9.52,10.15,9.52,204064,231219652.0,5.85,-11.61,-1.25,3.72
2015-08-26,002376,9.79,9.32,10.16,9.0,209247,237102812.0,12.18,-2.1,-0.2,3.81
2015-08-27,002376,9.64,10.07,10.11,9.4,166280,190216260.0,7.62,8.05,0.75,3.03
2015-08-28,002376,10.3,10.8,10.95,10.0,245991,297570112.0,9.43,7.25,0.73,4.48
2015-08-31,002376,10.65,9.83,10.69,9.81,140983,167997619.0,8.15,-8.98,-0.97,2.57
2015-09-01,002376,9.8,8.81,9.8,8.8,155741,167556525.0,10.17,-10.38,-1.02,2.84
2015-09-02,002376,8.38,9.01,9.36,8.2,158502,167710948.0,13.17,2.27,0.2,2.89
2015-09-07,002376,9.32,9.16,9.69,9.08,151684,167516565.0,6.77,1.66,0.15,2.76
2015-09-08,002376,9.09,9.81,9.93,8.99,156244,174472807.0,10.26,7.1,0.65,2.85
2015-09-09,002376,9.8,10.77,10.85,9.7,251609,302725872.0,11.72,9.79,0.96,4.59
2015-09-10,002376,10.32,10.4,10.65,10.19,127995,154790255.0,4.27,-3.44,-0.37,2.33
2015-09-11,002376,10.35,10.47,10.79,10.15,112954,137311233.0,6.15,0.67,0.07,2.06
2015-09-14,002376,10.55,9.25,10.62,9.25,178462,202192293.0,13.09,-11.65,-1.22,3.25
2015-09-15,002376,8.81,9.01,9.1,8.25,145630,150414022.0,9.19,-2.59,-0.24,2.65
2015-09-16,002376,8.9,9.94,10.08,8.76,196073,220470523.0,14.65,10.32,0.93,3.57
2015-09-17,002376,9.94,9.52,10.3,9.37,184519,214483874.0,9.36,-4.23,-0.42,3.36
2015-09-18,002376,9.59,9.58,9.75,9.32,89779,101202788.0,4.52,0.63,0.06,1.64
2015-09-21,002376,9.5,10.21,10.29,9.36,174036,203239163.0,9.71,6.58,0.63,3.17
2015-09-22,002376,10.4,10.2,10.64,10.01,158631,190832550.0,6.17,-0.1,-0.01,2.89
2015-09-23,002376,10.0,10.12,10.26,9.91,97888,115528696.0,3.43,-0.78,-0.08,1.78
2015-09-24,002376,10.1,10.38,10.6,10.1,99677,120247083.0,4.94,2.57,0.26,1.82
2015-09-25,002376,10.34,10.0,10.37,9.65,86629,100933846.0,6.94,-3.66,-0.38,1.58
2015-09-28,002376,9.9,10.27,10.3,9.66,69866,82318663.0,6.4,2.7,0.27,1.27
2015-09-29,002376,9.92,10.2,10.2,9.72,83064,97111479.0,4.67,-0.68,-0.07,1.51
2015-09-30,002376,10.17,10.33,10.5,9.96,80139,95747612.0,5.29,1.27,0.13,1.46
2015-10-08,002376,10.98,11.2,11.3,10.61,182318,231264331.0,6.68,8.42,0.87,3.32
2015-10-09,002376,11.07,11.52,11.7,11.01,144905,189863899.0,6.16,2.86,0.32,2.64
2015-10-12,002376,11.45,12.71,12.77,11.45,246353,344863648.0,11.46,10.33,1.19,4.49
2015-10-13,002376,12.31,12.33,12.95,12.18,251874,355438832.0,6.06,-2.99,-0.38,4.59
2015-10-14,002376,12.32,11.88,12.39,11.71,184491,252625971.0,5.52,-3.65,-0.45,3.36
2015-10-15,002376,11.75,12.29,12.35,11.64,188271,259876588.0,5.98,3.45,0.41,3.43
2015-10-16,002376,12.35,12.35,12.53,11.8,183070,255085973.0,5.94,0.49,0.06,3.34
2015-10-19,002376,12.4,12.53,12.66,12.2,178293,251975121.0,3.72,1.46,0.18,3.25
2015-10-20,002376,12.53,13.0,13.21,12.46,283708,415300768.0,5.99,3.75,0.47,5.17
2015-10-21,002376,12.85,11.64,13.0,11.53,243764,341406000.0,11.31,-10.46,-1.36,4.44
2015-10-22,002376,11.59,12.08,12.2,11.51,116056,157462890.0,5.93,3.78,0.44,2.11
2015-10-23,002376,12.19,12.4,12.61,12.08,166604,234023393.0,4.39,2.65,0.32,3.04
2015-10-26,002376,12.6,13.15,13.26,12.28,282327,410079520.0,7.9,6.05,0.75,5.14
2015-10-27,002376,12.89,13.97,14.2,12.18,368314,550608480.0,15.36,6.24,0.82,6.71
2015-10-28,002376,13.5,13.11,13.78,13.0,209767,317108112.0,5.58,-6.16,-0.86,3.82
2015-10-29,002376,13.31,12.94,13.43,12.84,117783,174183565.0,4.5,-1.3,-0.17,2.15
2015-10-30,002376,12.93,12.97,13.4,12.82,148551,221227778.0,4.48,0.23,0.03,2.71
2015-11-02,002376,12.46,12.77,13.28,12.38,152388,224045495.0,6.94,-1.54,-0.2,2.78
2015-11-03,002376,12.95,12.33,12.97,12.13,126503,179361237.0,6.58,-3.45,-0.44,2.31
2015-11-04,002376,12.42,13.3,13.36,12.33,202167,296556576.0,8.35,7.87,0.97,3.68
2015-11-05,002376,13.3,13.38,13.85,13.2,230016,349883312.0,4.89,0.6,0.08,4.19
2015-11-06,002376,13.38,13.82,13.96,13.26,186549,288479792.0,5.23,3.29,0.44,3.4
2015-11-09,002376,13.7,13.96,14.15,13.36,201702,312616224.0,5.72,1.01,0.14,3.68
2015-11-10,002376,13.8,14.06,14.46,13.66,170248,268830656.0,5.73,0.72,0.1,3.1
2015-11-11,002376,14.06,14.07,14.23,13.7,169955,265444091.0,3.77,0.07,0.01,3.1
2015-11-12,002376,14.02,13.94,14.28,13.45,191354,297910896.0,5.9,-0.92,-0.13,3.49
2015-11-13,002376,13.64,13.62,13.87,13.31,134524,206042499.0,4.02,-2.3,-0.32,2.45
2015-11-16,002376,13.23,14.55,14.59,13.18,217768,341547664.0,10.35,6.83,0.93,3.97
2015-11-17,002376,14.56,13.92,14.8,13.87,251032,400868224.0,6.39,-4.33,-0.63,4.57
2015-11-18,002376,13.94,13.47,14.11,13.38,135156,207546441.0,5.24,-3.23,-0.45,2.46
2015-11-19,002376,13.61,14.09,14.09,13.4,171531,264409828.0,5.12,4.6,0.62,3.13
2015-11-20,002376,14.35,14.18,14.46,13.99,264887,421541216.0,3.34,0.64,0.09,4.83
2015-11-23,002376,14.1,13.8,14.29,13.71,162458,254913530.0,4.09,-2.68,-0.38,2.96
2015-11-24,002376,13.85,14.38,14.45,13.72,162896,257321277.0,5.29,4.2,0.58,2.97
2015-11-25,002376,14.33,14.73,14.85,14.18,219014,356638592.0,4.66,2.43,0.35,3.99
2015-11-26,002376,14.96,15.39,16.07,14.85,344791,589282464.0,8.28,4.48,0.66,6.28
2015-11-27,002376,15.11,14.2,15.5,13.79,260257,429750224.0,11.11,-7.73,-1.19,4.74
2015-11-30,002376,14.2,14.21,14.6,12.81,182037,283845520.0,12.61,0.07,0.01,3.32
2015-12-01,002376,14.22,14.2,14.24,13.51,145484,228106573.0,5.14,-0.07,-0.01,2.65
2015-12-02,002376,14.02,14.0,14.19,13.0,127730,195851749.0,8.38,-1.41,-0.2,2.33
2015-12-03,002376,13.85,14.5,14.52,13.8,132987,210864626.0,5.14,3.57,0.5,2.42
2015-12-04,002376,14.27,14.59,15.1,14.18,184886,302352080.0,6.34,0.62,0.09,3.37
2015-12-07,002376,14.55,14.62,14.72,14.25,128787,208978079.0,3.22,0.21,0.03,2.35
2015-12-08,002376,14.5,14.92,15.37,13.63,316460,515996672.0,11.9,2.05,0.3,5.77
2015-12-09,002376,14.66,15.63,16.03,14.65,348120,602843584.0,9.25,4.76,0.71,6.34
2015-12-10,002376,16.5,16.2,17.36,16.07,466391,849006944.0,8.25,3.65,0.57,8.5
2015-12-11,002376,16.1,15.8,17.11,15.8,317572,574902736.0,8.09,-2.47,-0.4,5.79
2015-12-14,002376,15.1,17.26,17.36,15.1,317100,573698880.0,14.3,9.24,1.46,5.78
2015-12-15,002376,17.3,18.3,18.91,17.07,382381,755554656.0,10.66,6.03,1.04,6.97
2015-12-16,002376,18.1,18.7,19.15,17.8,265314,533983024.0,7.38,2.19,0.4,4.83
2015-12-17,002376,18.7,18.86,19.2,18.32,215059,439226160.0,4.71,0.86,0.16,3.92
2015-12-18,002376,18.67,17.89,18.84,17.88,159776,319425104.0,5.09,-5.14,-0.97,2.91
2015-12-21,002376,17.89,18.0,18.12,17.58,147652,288729760.0,3.02,0.61,0.11,2.69
2015-12-22,002376,18.0,18.06,18.57,17.84,115127,228605457.0,4.06,0.33,0.06,2.1
2015-12-23,002376,18.06,17.05,18.3,16.86,175475,334616560.0,7.97,-5.59,-1.01,3.2
2015-12-24,002376,17.05,17.12,17.23,16.35,106980,197666486.0,5.16,0.41,0.07,1.95
2015-12-25,002376,16.97,17.13,17.44,16.89,90985,171773667.0,3.21,0.06,0.01,1.66
2015-12-28,002376,17.15,17.03,17.96,16.9,132640,254829749.0,6.19,-0.58,-0.1,2.42
2015-12-29,002376,17.12,16.97,17.23,16.32,90871,167231007.0,5.34,-0.35,-0.06,1.66
2015-12-30,002376,17.22,17.76,17.85,16.95,133905,257378317.0,5.3,4.66,0.79,2.44
2015-12-31,002376,17.66,16.78,17.83,16.78,100022,189325630.0,5.91,-5.52,-0.98,1.82
2016-01-04,002376,16.58,14.93,16.76,14.93,84294,146323977.0,10.91,-11.03,-1.85,1.53
2016-01-05,002376,13.5,13.64,14.68,13.27,234526,362678544.0,9.44,-8.64,-1.29,4.26
2016-01-06,002376,14.0,14.4,14.51,13.61,118647,186500739.0,6.6,5.57,0.76,2.16
2016-01-07,002376,13.91,12.88,13.95,12.79,33664,50163543.0,8.06,-10.56,-1.52,0.61
2016-01-08,002376,12.1,13.45,14.1,12.1,137372,205712555.0,15.53,4.43,0.57,2.5
2016-01-11,002376,12.9,11.94,13.15,11.94,136878,192518806.0,9.0,-11.23,-1.51,2.48
2016-01-12,002376,11.7,12.15,12.61,11.49,136823,188666580.0,9.38,1.76,0.21,2.48
2016-01-13,002376,12.18,11.49,12.35,11.41,87517,118665157.0,7.74,-5.43,-0.66,1.58
2016-01-14,002376,10.9,12.2,12.46,10.7,127583,170016770.0,15.32,6.18,0.71,2.31
2016-01-15,002376,11.97,11.9,12.55,11.8,84619,117656527.0,6.15,-2.46,-0.3,1.53
2016-01-18,002376,11.5,12.23,12.52,11.5,78657,109181018.0,8.57,2.77,0.33,1.42
2016-01-19,002376,12.17,12.66,12.77,12.05,119045,169076085.0,5.89,3.52,0.43,2.15
2016-01-20,002376,12.6,12.8,13.16,12.4,126891,184978164.0,6.0,1.11,0.14,2.3
2016-01-21,002376,12.46,12.05,12.95,11.95,91604,130444983.0,7.81,-5.86,-0.75,1.66
2016-01-22,002376,12.11,12.23,12.41,11.8,74553,102628236.0,5.06,1.49,0.18,1.35
2016-01-25,002376,12.47,12.35,12.69,12.3,63650,90447039.0,3.19,0.98,0.12,1.15
2016-01-26,002376,12.13,10.95,12.29,10.95,73300,96545640.0,10.85,-11.34,-1.4,1.33
2016-01-27,002376,11.3,9.82,11.31,9.69,200984,235735466.0,14.79,-10.32,-1.13,3.64
2016-01-28,002376,9.59,9.3,9.96,9.04,109708,124239744.0,9.37,-5.3,-0.52,1.98
2016-01-29,002376,9.31,10.4,10.4,9.18,139490,164268004.0,13.12,11.83,1.1,2.52
2016-02-01,002376,10.5,10.01,10.74,9.86,119197,143631928.0,8.46,-3.75,-0.39,2.16
2016-02-02,002376,9.95,10.95,11.01,9.95,109068,135870816.0,10.59,9.39,0.94,1.97
2016-02-03,002376,10.65,11.63,11.78,10.53,113529,145416242.0,11.42,6.21,0.68,2.05
2016-02-04,002376,11.51,11.91,12.0,11.41,96042,129652774.0,5.07,2.41,0.28,1.74
2016-02-05,002376,11.88,11.51,11.89,11.4,45567,60576674.0,4.11,-3.36,-0.4,0.82
2016-02-15,002376,10.91,11.9,11.97,10.89,63407,84631464.0,9.38,3.39,0.39,1.15
2016-02-16,002376,11.91,12.38,12.5,11.91,91193,128281125.0,4.96,4.03,0.48,1.65
2016-02-17,002376,12.36,12.33,12.42,11.9,55811,77510656.0,4.2,-0.4,-0.05,1.01
2016-02-18,002376,12.44,12.05,12.54,12.05,50225,69593193.0,3.97,-2.27,-0.28,0.91
2016-02-19,002376,12.07,12.26,12.57,12.05,122655,172427139.0,4.32,1.74,0.21,2.22
2016-02-22,002376,12.48,12.42,12.91,12.26,79217,112797883.0,5.3,1.31,0.16,1.43
2016-02-23,002376,12.42,11.87,12.42,11.43,121196,164525035.0,7.97,-4.43,-0.55,2.19
2016-02-24,002376,11.78,11.73,11.94,11.33,82271,109704021.0,5.14,-1.18,-0.14,1.49
2016-02-25,002376,11.72,10.39,11.88,10.39,117505,149638498.0,12.7,-11.42,-1.34,2.13
2016-02-26,002376,10.55,10.04,10.66,9.48,170515,199814248.0,11.36,-3.37,-0.35,3.09
2016-02-29,002376,9.89,9.3,9.89,8.95,126736,139398246.0,9.36,-7.37,-0.74,2.29
2016-03-01,002376,9.07,9.5,9.57,8.99,146460,161760692.0,6.24,2.15,0.2,2.65
2016-03-02,002376,9.49,10.15,10.23,9.26,150340,172524349.0,10.21,6.84,0.65,2.72
2016-03-03,002376,10.12,9.98,10.5,9.98,116143,138196336.0,5.12,-1.67,-0.17,2.1
2016-03-04,002376,9.91,9.35,10.05,9.13,147332,165822283.0,9.22,-6.31,-0.63,2.67
2016-03-07,002376,9.45,9.56,9.77,9.35,80073,90305567.0,4.49,2.25,0.21,1.45
2016-03-08,002376,9.6,9.9,9.93,9.0,112405,126066140.0,9.73,3.56,0.34,2.03
2016-03-09,002376,9.52,9.83,10.0,9.42,80716,92647008.0,5.86,-0.71,-0.07,1.46
2016-03-10,002376,9.87,9.6,9.98,9.5,79402,90751701.0,4.88,-2.34,-0.23,1.44
2016-03-11,002376,9.51,9.73,9.79,9.38,45899,51979174.0,4.27,1.35,0.13,0.83
2016-03-14,002376,9.88,10.25,10.52,9.85,104232,124557683.0,6.89,5.34,0.52,1.89
2016-03-15,002376,10.2,10.02,10.25,9.9,79038,93131238.0,3.41,-2.24,-0.23,1.43
2016-03-16,002376,10.19,9.98,10.35,9.85,64431,75948048.0,4.99,-0.4,-0.04,1.17
2016-03-17,002376,9.96,10.58,10.75,9.96,115436,140091845.0,7.92,6.01,0.6,2.09
2016-03-18,002376,10.63,11.3,11.4,10.5,152852,193831155.0,8.51,6.81,0.72,2.77
2016-03-21,002376,11.39,11.43,11.55,11.21,157986,206067072.0,3.01,1.15,0.13,2.86
2016-03-22,002376,11.3,11.29,11.5,11.13,100748,131369553.0,3.24,-1.22,-0.14,1.82
2016-03-23,002376,11.32,11.48,11.5,11.1,111128,144750898.0,3.54,1.68,0.19,1.94
2016-03-24,002376,11.31,11.03,11.53,11.02,101673,131923769.0,4.44,-3.92,-0.45,1.78
2016-03-25,002376,11.08,11.07,11.21,10.88,69853,89075983.0,2.99,0.36,0.04,1.22
2016-03-28,002376,11.21,11.06,11.45,10.9,95080,123077973.0,4.97,-0.09,-0.01,1.66
2016-03-29,002376,11.01,10.8,11.13,10.5,120128,149762557.0,5.7,-2.35,-0.26,2.1
2016-03-30,002376,10.85,11.32,11.35,10.74,112139,142848912.0,5.65,4.81,0.52,1.96
2016-03-31,002376,11.35,11.37,11.8,11.08,122984,161084084.0,6.36,0.44,0.05,2.15
2016-04-01,002376,11.31,11.15,11.37,10.95,95047,121715575.0,3.69,-1.93,-0.22,1.66
2016-04-05,002376,11.22,11.59,11.63,11.06,107124,140762413.0,5.11,3.95,0.44,1.87
2016-04-06,002376,11.58,11.77,11.9,11.48,126918,170613096.0,3.62,1.55,0.18,2.22
2016-04-07,002376,11.76,11.3,11.92,11.23,98811,130571105.0,5.86,-3.99,-0.47,1.73
2016-04-08,002376,11.29,11.17,11.29,10.98,74310,95315939.0,2.74,-1.15,-0.13,1.3
2016-04-11,002376,11.3,11.44,11.62,11.27,111198,146543919.0,3.13,2.42,0.27,1.94
2016-04-12,002376,11.43,11.32,11.53,11.08,75386,97622538.0,3.93,-1.05,-0.12,1.32
2016-04-13,002376,11.37,11.54,11.86,11.37,141611,188911897.0,4.33,1.94,0.22,2.47
2016-04-14,002376,11.6,11.7,11.78,11.49,101646,135448062.0,2.51,1.39,0.16,1.77
2016-04-15,002376,11.72,11.8,11.8,11.53,85941,114944549.0,2.31,0.85,0.1,1.5
2016-04-18,002376,11.78,11.38,11.78,11.29,92833,121753683.0,4.15,-3.56,-0.42,1.62
2016-04-19,002376,11.45,11.47,11.52,11.31,71778,94054619.0,1.85,0.79,0.09,1.25
2016-04-20,002376,11.5,10.49,11.69,10.29,173813,219379659.0,12.21,-8.54,-0.98,3.04
2016-04-21,002376,10.5,10.27,10.65,10.25,82185,100072014.0,3.81,-2.1,-0.22,1.44
2016-04-22,002376,10.24,10.4,10.51,10.11,59947,72207772.0,3.89,1.27,0.13,1.05
2016-04-25,002376,10.4,10.41,10.41,9.94,82965,98373863.0,4.52,0.1,0.01,1.45
2016-04-26,002376,10.3,10.58,10.58,10.28,78895,95862837.0,2.88,1.63,0.17,1.38
2016-04-27,002376,10.58,10.46,10.64,10.42,55378,67734652.0,2.08,-1.13,-0.12,0.97
2016-04-28,002376,10.46,10.76,10.81,10.3,101951,124739256.0,4.88,2.87,0.3,1.78
2016-04-29,002376,10.83,11.11,11.29,10.76,145532,185670457.0,4.93,3.25,0.35,2.54
2016-05-03,002376,10.93,11.36,11.36,10.79,130885,168162348.0,5.13,2.25,0.25,2.29
2016-05-04,002376,11.24,11.34,11.45,11.13,92652,120263194.0,2.82,-0.18,-0.02,1.62
2016-05-05,002376,11.22,11.44,11.46,11.16,67739,88228088.0,2.65,0.88,0.1,1.18
2016-05-06,002376,11.48,10.69,11.62,10.69,99038,127074923.0,8.13,-6.56,-0.75,1.73
2016-05-09,002376,10.51,10.25,10.59,10.2,75286,90728092.0,3.65,-4.12,-0.44,1.31
2016-05-10,002376,10.28,10.25,10.39,10.17,32267,38680353.0,2.15,0.0,0.0,0.56
2016-05-11,002376,10.36,10.17,10.41,10.14,38894,46569066.0,2.63,-0.78,-0.08,0.68
2016-05-12,002376,10.0,10.15,10.22,9.79,37908,44465682.0,4.23,-0.2,-0.02,0.66
2016-05-13,002376,10.14,10.08,10.32,10.05,35517,42208853.0,2.66,-0.69,-0.07,0.62
2016-05-16,002376,10.15,10.28,10.28,10.02,43477,51517475.0,2.58,1.98,0.2,0.76
2016-05-17,002376,10.32,10.27,10.44,10.15,57231,68568310.0,2.82,-0.1,-0.01,1.0
2016-05-18,002376,10.15,9.88,10.15,9.8,42008,48966128.0,3.41,-3.8,-0.39,0.73
2016-05-19,002376,9.92,10.1,10.28,9.9,48834,57762401.0,3.85,2.23,0.22,0.85
2016-05-20,002376,10.05,10.26,10.28,9.95,29659,34694585.0,3.27,1.58,0.16,0.52
2016-05-23,002376,10.35,10.58,10.95,10.3,66939,81520629.0,6.34,3.12,0.32,1.17
2016-05-24,002376,10.59,10.25,10.6,10.05,69161,81834416.0,5.2,-3.12,-0.33,1.21
2016-05-25,002376,10.38,10.23,10.5,10.17,48618,57773168.0,3.22,-0.2,-0.02,0.85
2016-05-26,002376,10.23,10.35,10.35,9.97,47036,54984742.0,3.71,1.17,0.12,0.82
2016-05-27,002376,10.25,10.21,10.37,10.19,35396,41867690.0,1.74,-1.35,-0.14,0.62
2016-05-30,002376,10.15,10.45,10.57,10.03,72622,86600803.0,5.29,2.35,0.24,1.27
2016-05-31,002376,10.45,10.95,11.01,10.38,147408,182612659.0,6.03,4.78,0.5,2.57
2016-06-01,002376,11.0,11.1,11.22,10.88,97188,122600410.0,3.11,1.37,0.15,1.7
2016-06-02,002376,10.96,11.11,11.18,10.91,56621,71345002.0,2.43,0.09,0.01,0.99
2016-06-03,002376,11.11,11.16,11.29,11.0,61868,78482066.0,2.61,0.45,0.05,1.08
2016-06-06,002376,11.25,11.16,11.41,11.13,74514,95422917.0,2.51,0.0,0.0,1.3
2016-06-07,002376,11.15,11.07,11.2,10.97,49733,62718151.0,2.06,-0.81,-0.09,0.87
2016-06-08,002376,11.03,11.18,11.39,10.95,69716,88764915.0,3.97,0.99,0.11,1.22
2016-06-13,002376,10.97,10.33,11.11,10.27,69901,86301951.0,7.51,-7.6,-0.85,1.22
2016-06-14,002376,10.33,10.52,10.55,10.3,68187,81774341.0,2.42,1.84,0.19,1.19
2016-06-15,002376,10.4,11.04,11.12,10.31,68056,84238301.0,7.7,4.94,0.52,1.19
2016-06-16,002376,10.99,10.98,11.17,10.91,64268,80757071.0,2.36,-0.54,-0.06,1.12
2016-06-17,002376,11.0,11.1,11.3,10.98,54184,68844554.0,2.91,1.09,0.12,0.95
2016-06-20,002376,11.09,11.46,11.54,11.03,96975,125426183.0,4.59,3.24,0.36,1.69
2016-06-21,002376,11.57,11.19,11.75,11.13,94347,122658641.0,5.41,-2.36,-0.27,1.65
2016-06-22,002376,11.19,11.33,11.44,11.05,118114,150838206.0,3.49,1.25,0.14,2.06
2016-06-23,002376,11.29,11.46,11.74,11.25,128397,168020094.0,4.32,1.15,0.13,2.24
2016-06-24,002376,11.39,11.67,11.98,10.81,200264,261454930.0,10.21,1.83,0.21,3.5
2016-06-27,002376,11.7,12.05,12.11,11.68,226868,304832112.0,3.68,3.26,0.38,3.97
2016-06-28,002376,11.95,12.1,12.13,11.74,165139,223061032.0,3.24,0.41,0.05,2.89
2016-06-29,002376,12.3,11.93,12.35,11.87,118881,161398260.0,3.97,-1.4,-0.17,2.08
2016-06-30,002376,11.93,11.81,12.03,11.7,95273,127380969.0,2.77,-1.01,-0.12,1.67
2016-07-01,002376,11.88,11.82,12.1,11.76,98953,133268830.0,2.88,0.08,0.01,1.73
2016-07-04,002376,11.76,12.0,12.07,11.73,106300,143801429.0,2.88,1.52,0.18,1.86
2016-07-05,002376,11.97,11.87,12.11,11.79,101267,136188764.0,2.67,-1.08,-0.13,1.77
2016-07-06,002376,11.84,11.89,12.0,11.78,68292,91973014.0,1.85,0.17,0.02,1.19
2016-07-07,002376,11.99,11.95,12.07,11.66,91667,123129487.0,3.45,0.5,0.06,1.6
2016-07-08,002376,11.88,11.88,11.97,11.74,73783,98933372.0,1.92,-0.59,-0.07,1.29
2016-07-11,002376,11.84,11.8,12.04,11.71,84360,113635647.0,2.78,-0.67,-0.08,1.47
2016-07-12,002376,11.8,11.99,11.99,11.59,86455,115601699.0,3.39,1.61,0.19,1.51
2016-07-13,002376,11.98,12.29,12.3,11.92,138904,189300314.0,3.17,2.5,0.3,2.43
2016-07-14,002376,12.15,12.08,12.22,12.02,78309,106933035.0,1.63,-1.71,-0.21,1.37
2016-07-15,002376,12.11,11.9,12.14,11.86,57095,77260386.0,2.32,-1.49,-0.18,1.0
2016-07-18,002376,11.85,11.61,11.93,11.49,82850,109376078.0,3.7,-2.44,-0.29,1.45
2016-07-19,002376,11.55,11.66,11.71,11.51,57028,74969685.0,1.72,0.43,0.05,1.0
2016-07-20,002376,11.7,11.64,11.81,11.62,55915,74062371.0,1.63,-0.17,-0.02,0.98
2016-07-21,002376,11.65,11.73,11.91,11.63,91961,122543023.0,2.41,0.77,0.09,1.61
2016-07-22,002376,11.68,11.7,11.81,11.59,59352,78758055.0,1.88,-0.26,-0.03,1.04
2016-07-25,002376,11.71,11.74,11.81,11.62,53701,71245739.0,1.62,0.34,0.04,0.94
2016-07-26,002376,11.64,12.05,12.08,11.64,90960,122778895.0,3.75,2.64,0.31,1.59
2016-07-27,002376,12.04,11.14,12.07,11.09,139204,181436859.0,8.13,-7.55,-0.91,2.43
2016-07-28,002376,11.04,11.1,11.28,10.97,59459,75373602.0,2.78,-0.36,-0.04,1.04
2016-07-29,002376,11.16,10.91,11.16,10.85,42760,53591172.0,2.79,-1.71,-0.19,0.75
2016-08-01,002376,10.89,10.56,10.89,10.4,48469,58784470.0,4.49,-3.21,-0.35,0.85
2016-08-02,002376,10.6,10.75,10.87,10.6,59707,73623777.0,2.56,1.8,0.19,1.04
2016-08-03,002376,10.74,10.72,10.8,10.62,40729,49895888.0,1.67,-0.28,-0.03,0.71
2016-08-04,002376,10.72,10.86,10.88,10.65,48143,59440851.0,2.15,1.31,0.14,0.84
2016-08-05,002376,10.84,10.72,10.93,10.7,39392,48606644.0,2.12,-1.29,-0.14,0.69
2016-08-08,002376,10.78,10.88,10.9,10.67,29087,35958546.0,2.15,1.49,0.16,0.51
2016-08-09,002376,10.92,11.0,11.08,10.85,64434,80583954.0,2.11,1.1,0.12,1.13
2016-08-10,002376,10.94,10.93,11.08,10.89,51181,64096108.0,1.73,-0.64,-0.07,0.89
2016-08-11,002376,10.9,10.71,10.99,10.7,34536,42732490.0,2.65,-2.01,-0.22,0.6
2016-08-12,002376,10.7,10.89,10.92,10.7,29507,36430575.0,2.05,1.68,0.18,0.52
2016-08-15,002376,10.94,11.28,11.35,10.81,79661,101153583.0,4.96,3.58,0.39,1.39
2016-08-16,002376,11.29,11.25,11.32,11.18,54024,69157886.0,1.24,-0.27,-0.03,0.94
2016-08-17,002376,11.2,11.36,11.38,11.18,52723,67672059.0,1.78,0.98,0.11,0.92
2016-08-18,002376,11.4,11.48,11.61,11.34,86696,112906408.0,2.38,1.06,0.12,1.52
2016-08-19,002376,11.45,11.88,12.07,11.4,158192,211262438.0,5.84,3.48,0.4,2.76
2016-08-22,002376,11.92,11.77,12.05,11.65,83582,111502568.0,3.37,-0.93,-0.11,1.46
2016-08-23,002376,11.78,11.9,11.95,11.66,85508,114404997.0,2.46,1.1,0.13,1.49
2016-08-24,002376,11.93,11.78,11.97,11.73,51133,68517778.0,2.02,-1.01,-0.12,0.89
2016-08-25,002376,11.66,11.67,11.82,11.4,67021,87820604.0,3.57,-0.93,-0.11,1.17
2016-08-26,002376,11.66,11.56,11.85,11.55,53039,70193542.0,2.57,-0.94,-0.11,0.93
2016-08-29,002376,11.55,11.61,11.67,11.51,44310,58261364.0,1.38,0.43,0.05,0.77
2016-08-30,002376,11.71,11.86,12.08,11.58,150392,201732449.0,4.31,2.15,0.25,2.63
2016-08-31,002376,11.78,11.7,11.86,11.53,86228,113711800.0,2.78,-1.35,-0.16,1.51
2016-09-01,002376,11.73,11.74,11.98,11.64,95766,128110562.0,2.91,0.34,0.04,1.67
2016-09-02,002376,11.63,12.04,12.31,11.63,193302,263176303.0,5.79,2.56,0.3,3.38
2016-09-05,002376,12.05,12.11,12.22,11.98,118586,161761810.0,1.99,0.58,0.07,2.07
2016-09-06,002376,12.06,12.07,12.13,11.7,144656,194716880.0,3.55,-0.33,-0.04,2.53
2016-09-07,002376,12.02,12.55,12.85,11.98,266630,375366080.0,7.21,3.98,0.48,4.66
2016-09-08,002376,12.53,12.64,12.7,12.35,176023,248443159.0,2.79,0.72,0.09,3.08
2016-09-09,002376,12.7,12.38,12.83,12.36,135473,191196208.0,3.72,-2.06,-0.26,2.37
2016-09-12,002376,12.08,11.7,12.15,11.68,131389,176536507.0,3.8,-5.49,-0.68,2.3
2016-09-13,002376,11.77,11.85,11.97,11.71,104579,140201738.0,2.22,1.28,0.15,1.83
2016-09-14,002376,11.79,11.51,11.79,11.48,73081,96193475.0,2.62,-2.87,-0.34,1.28
2016-09-19,002376,11.61,11.88,11.89,11.57,72345,96341296.0,2.78,3.21,0.37,1.26
2016-09-20,002376,11.88,11.8,11.91,11.76,40977,54722229.0,1.26,-0.67,-0.08,0.72
2016-09-21,002376,11.85,12.1,12.17,11.85,91852,125115696.0,2.71,2.54,0.3,1.61
2016-09-22,002376,12.35,12.15,12.41,12.1,98940,136253267.0,2.56,0.41,0.05,1.73
2016-09-23,002376,12.12,11.95,12.21,11.91,54931,74720589.0,2.47,-1.65,-0.2,0.96
2016-09-26,002376,11.85,11.85,12.19,11.85,91474,124381382.0,2.85,-0.84,-0.1,1.6
2016-09-27,002376,11.83,11.82,11.85,11.43,70897,93732948.0,3.54,-0.25,-0.03,1.24
2016-09-28,002376,11.82,11.88,11.99,11.73,49675,66828657.0,2.2,0.51,0.06,0.87
2016-09-29,002376,11.88,12.09,12.1,11.83,41459,56100683.0,2.27,1.77,0.21,0.72
2016-09-30,002376,12.07,12.16,12.29,11.97,59776,82170512.0,2.65,0.58,0.07,1.04
2016-10-10,002376,12.25,12.44,12.57,12.11,86612,120790527.0,3.78,2.3,0.28,1.51
2016-10-11,002376,12.4,12.45,12.49,12.32,56104,78277469.0,1.37,0.08,0.01,0.98
2016-10-12,002376,12.4,12.52,12.54,12.32,57471,80178340.0,1.77,0.56,0.07,1.0
2016-10-13,002376,12.45,12.31,12.52,12.28,61243,85201655.0,1.92,-1.68,-0.21,1.07
2016-10-14,002376,12.36,12.55,12.69,12.26,130296,183462293.0,3.49,1.95,0.24,2.28
2016-10-17,002376,12.5,12.18,12.74,12.18,127538,178888188.0,4.46,-2.95,-0.37,2.23
2016-10-18,002376,12.16,12.29,12.37,12.15,92845,128224147.0,1.81,0.9,0.11,1.62
2016-10-19,002376,12.3,12.32,12.39,12.21,71776,99448261.0,1.46,0.24,0.03,1.25
2016-10-20,002376,12.23,12.16,12.31,12.06,100571,137942975.0,2.03,-1.3,-0.16,1.76
2016-10-21,002376,12.18,12.07,12.28,11.89,79319,108239189.0,3.21,-0.74,-0.09,1.39
2016-10-24,002376,12.07,12.19,12.27,12.02,57645,78962841.0,2.07,0.99,0.12,1.01
2016-10-25,002376,12.21,12.11,12.29,12.06,54875,75189430.0,1.89,-0.66,-0.08,0.96
2016-10-26,002376,12.11,11.8,12.11,11.66,135376,181043488.0,3.72,-2.56,-0.31,2.37
2016-10-27,002376,11.81,11.84,11.86,11.72,49977,66729086.0,1.19,0.34,0.04,0.87
2016-10-28,002376,11.82,11.66,11.89,11.64,57607,76574698.0,2.11,-1.52,-0.18,1.01
2016-10-31,002376,11.66,11.85,11.89,11.58,53955,71687390.0,2.66,1.63,0.19,0.94
2016-11-01,002376,11.89,11.86,11.9,11.75,58956,78861811.0,1.27,0.08,0.01,1.03
2016-11-02,002376,11.81,11.68,11.86,11.68,37909,50515734.0,1.52,-1.52,-0.18,0.66
2016-11-03,002376,11.66,11.84,11.9,11.65,60334,80750782.0,2.14,1.37,0.16,1.05
2016-11-04,002376,11.85,11.77,11.86,11.71,43100,57495718.0,1.27,-0.59,-0.07,0.75
2016-11-07,002376,11.71,11.74,11.85,11.67,59146,78803726.0,1.53,-0.25,-0.03,1.03
2016-11-08,002376,11.79,11.82,11.91,11.78,67464,90375402.0,1.11,0.68,0.08,1.18
2016-11-09,002376,11.85,11.84,11.91,11.45,120866,159831469.0,3.89,0.17,0.02,2.11
2016-11-10,002376,11.81,11.92,11.96,11.81,106142,142684825.0,1.27,0.68,0.08,1.86
2016-11-11,002376,11.92,11.99,12.04,11.79,95196,128134905.0,2.1,0.59,0.07,1.66
2016-11-14,002376,12.01,12.18,12.24,11.91,168971,230290139.0,2.75,1.58,0.19,2.95
2016-11-15,002376,12.13,12.3,12.33,12.07,96120,132256195.0,2.13,0.99,0.12,1.68
2016-11-16,002376,12.3,12.15,12.33,12.13,65525,90137770.0,1.63,-1.22,-0.15,1.15
2016-11-17,002376,12.15,12.09,12.18,11.96,52484,71376086.0,1.81,-0.49,-0.06,0.92
2016-11-18,002376,12.09,12.07,12.22,12.0,64228,87709682.0,1.82,-0.17,-0.02,1.12
2016-11-21,002376,12.05,11.84,12.11,11.8,99737,134787400.0,2.57,-1.91,-0.23,1.74
2016-11-22,002376,11.81,12.04,12.04,11.74,106931,143347127.0,2.53,1.69,0.2,1.87
2016-11-23,002376,12.0,12.0,12.22,11.91,74450,101192297.0,2.57,-0.33,-0.04,1.3
2016-11-24,002376,12.0,12.09,12.16,11.91,66953,91122177.0,2.08,0.75,0.09,1.17
2016-12-06,002376,11.95,11.6,11.95,11.43,124182,163343614.0,4.3,-4.05,-0.49,2.17
2016-12-07,002376,11.55,11.55,11.62,11.46,55289,72348327.0,1.38,-0.43,-0.05,0.97
2016-12-08,002376,11.57,11.59,11.74,11.53,61663,81026277.0,1.82,0.35,0.04,1.08
2016-12-09,002376,11.6,11.35,11.61,11.24,82599,106730486.0,3.19,-2.07,-0.24,1.44
2016-12-12,002376,11.28,10.55,11.35,10.53,88671,110162947.0,7.22,-7.05,-0.8,1.55
2016-12-13,002376,10.54,10.64,10.68,10.5,48344,58790034.0,1.71,0.85,0.09,0.84
2016-12-14,002376,10.64,10.55,10.81,10.53,53797,65530410.0,2.63,-0.85,-0.09,0.94
2016-12-15,002376,10.52,10.62,10.77,10.5,43772,53443194.0,2.56,0.66,0.07,0.77
2016-12-16,002376,10.62,10.76,10.79,10.62,41710,51269941.0,1.6,1.32,0.14,0.73
2016-12-19,002376,10.66,10.72,10.79,10.65,25113,30788153.0,1.3,-0.37,-0.04,0.44
2016-12-20,002376,10.68,10.71,10.8,10.65,25072,30754288.0,1.4,-0.09,-0.01,0.44
2016-12-21,002376,10.74,10.75,10.79,10.69,48247,59283935.0,0.93,0.37,0.04,0.84
2016-12-22,002376,10.68,10.71,10.76,10.6,33078,40491575.0,1.49,-0.37,-0.04,0.58
2016-12-23,002376,10.71,10.58,10.73,10.54,32648,39744178.0,1.77,-1.21,-0.13,0.57
2016-12-26,002376,10.54,10.7,10.7,10.47,36269,43965358.0,2.17,1.13,0.12,0.63
2016-12-27,002376,10.7,10.67,10.75,10.62,22581,27619528.0,1.21,-0.28,-0.03,0.39
2016-12-28,002376,10.69,10.58,10.7,10.55,29984,36481373.0,1.41,-0.84,-0.09,0.52
2016-12-29,002376,10.54,10.6,10.68,10.54,31881,38743070.0,1.32,0.19,0.02,0.56
2016-12-30,002376,10.6,10.85,10.85,10.58,47014,57629470.0,2.55,2.36,0.25,0.82
2017-01-03,002376,10.78,11.02,11.05,10.78,55185,68828128.0,2.49,1.57,0.17,0.97
2017-01-04,002376,11.02,11.16,11.25,11.02,72190,91627040.0,2.09,1.27,0.14,1.26
2017-01-05,002376,11.12,11.04,11.22,11.01,41483,52431695.0,1.88,-1.08,-0.12,0.73
2017-01-06,002376,11.08,11.01,11.11,10.98,28886,36369827.0,1.18,-0.27,-0.03,0.51
2017-01-09,002376,11.05,11.06,11.12,10.92,24139,30303137.0,1.82,0.45,0.05,0.42
2017-01-10,002376,11.45,11.32,11.53,11.2,98088,126646722.0,2.98,2.35,0.26,1.72
2017-01-11,002376,11.33,11.17,11.4,11.16,38881,49938712.0,2.12,-1.33,-0.15,0.68
2017-01-12,002376,11.14,11.19,11.38,11.14,27899,35738882.0,2.15,0.18,0.02,0.49
2017-01-13,002376,11.13,11.22,11.35,11.11,51045,65328406.0,2.14,0.27,0.03,0.89
2017-01-16,002376,11.16,10.98,11.29,10.7,69303,87236086.0,5.26,-2.14,-0.24,1.21
2017-01-17,002376,10.89,11.4,11.49,10.89,55200,70703242.0,5.46,3.83,0.42,0.97
2017-01-18,002376,11.39,11.33,11.49,11.2,51668,66792761.0,2.54,-0.61,-0.07,0.9
2017-01-19,002376,11.32,11.18,11.37,11.18,26334,33715675.0,1.68,-1.32,-0.15,0.46
2017-01-20,002376,11.13,11.37,11.48,11.09,43735,56519773.0,3.49,1.7,0.19,0.77
2017-01-23,002376,11.37,11.4,11.61,11.28,47059,61213979.0,2.9,0.26,0.03,0.82
2017-01-24,002376,11.39,11.29,11.47,11.23,35314,45462377.0,2.11,-0.96,-0.11,0.62
2017-01-25,002376,11.29,11.32,11.45,11.19,32227,41428242.0,2.3,0.27,0.03,0.56
2017-01-26,002376,11.34,11.44,11.46,11.28,22054,28535216.0,1.59,1.06,0.12,0.39
2017-02-03,002376,11.45,11.44,11.5,11.21,31198,40168611.0,2.53,0.0,0.0,0.55
2017-02-06,002376,11.39,11.54,11.65,11.35,62906,82333666.0,2.62,0.87,0.1,1.1
2017-02-07,002376,11.56,11.54,11.59,11.44,49676,64909783.0,1.3,0.0,0.0,0.87
2017-02-08,002376,11.54,11.59,11.68,11.46,59805,78590282.0,1.91,0.43,0.05,1.05
2017-02-09,002376,11.57,11.63,11.65,11.47,76946,100844673.0,1.55,0.35,0.04,1.35
2017-02-10,002376,11.55,11.6,11.88,11.55,85849,113870191.0,2.84,-0.26,-0.03,1.5
2017-02-13,002376,11.51,11.72,11.82,11.5,77131,101999370.0,2.76,1.03,0.12,1.35
2017-02-14,002376,11.74,11.74,11.92,11.65,65084,86799095.0,2.3,0.17,0.02,1.14
2017-02-15,002376,11.67,11.49,11.81,11.46,67289,88648611.0,2.98,-2.13,-0.25,1.18
2017-02-16,002376,11.65,11.6,11.7,11.52,61745,81067681.0,1.57,0.96,0.11,1.08
2017-02-17,002376,11.59,11.4,11.59,11.35,65234,84881879.0,2.07,-1.72,-0.2,1.14
2017-02-20,002376,11.41,11.7,11.72,11.38,64901,84971076.0,2.98,2.63,0.3,1.14
2017-02-21,002376,11.68,11.67,11.78,11.6,73820,97606871.0,1.54,-0.26,-0.03,1.29
2017-02-22,002376,11.69,11.84,11.88,11.62,84642,112730688.0,2.23,1.46,0.17,1.48
2017-02-23,002376,11.81,11.89,11.94,11.73,82985,111332822.0,1.77,0.42,0.05,1.45
2017-02-24,002376,11.85,11.8,11.9,11.69,69589,92741022.0,1.77,-0.76,-0.09,1.22
2017-02-27,002376,11.81,11.76,11.83,11.62,83207,110327082.0,1.78,-0.34,-0.04,1.46
2017-02-28,002376,11.76,11.9,12.03,11.68,91390,122949104.0,2.98,1.19,0.14,1.6
2017-03-01,002376,11.89,11.71,11.96,11.67,80622,107811077.0,2.44,-1.6,-0.19,1.41
2017-03-02,002376,11.75,11.77,11.8,11.6,63756,84439872.0,1.71,0.51,0.06,1.12
2017-03-03,002376,11.66,11.76,11.78,11.6,37279,49364694.0,1.53,-0.08,-0.01,0.65
2017-03-06,002376,11.73,11.9,12.0,11.67,115735,155721603.0,2.81,1.19,0.14,2.03
2017-03-07,002376,11.88,12.02,12.03,11.81,71997,97059705.0,1.85,1.01,0.12,1.26
2017-03-08,002376,11.97,11.92,12.1,11.86,71869,97234834.0,2.0,-0.83,-0.1,1.26
2017-03-09,002376,11.88,11.78,11.91,11.74,47999,64097430.0,1.43,-1.17,-0.14,0.84
2017-03-10,002376,11.8,11.94,12.11,11.8,79279,107300579.0,2.63,1.36,0.16,1.39
2017-03-13,002376,11.92,12.01,12.02,11.78,46400,62475743.0,2.01,0.59,0.07,0.81
2017-03-14,002376,12.0,11.94,12.04,11.86,42174,56918722.0,1.5,-0.58,-0.07,0.74
2017-03-15,002376,11.95,12.0,12.0,11.86,38615,52114796.0,1.17,0.5,0.06,0.68
2017-03-16,002376,12.04,12.06,12.11,11.91,71038,96281231.0,1.67,0.5,0.06,1.24
2017-03-17,002376,12.04,11.93,12.3,11.9,125988,172534833.0,3.32,-1.08,-0.13,2.21
2017-03-20,002376,11.89,12.09,12.1,11.83,70972,95906397.0,2.26,1.34,0.16,1.24
2017-03-21,002376,12.1,12.13,12.17,12.05,52039,71138487.0,0.99,0.33,0.04,0.91
2017-03-22,002376,12.02,12.3,12.31,11.94,81902,112288754.0,3.05,1.4,0.17,1.43
2017-03-23,002376,12.3,12.54,12.55,12.2,133215,185629688.0,2.85,1.95,0.24,2.33
2017-03-24,002376,12.54,12.59,12.83,12.38,141160,200516377.0,3.59,0.4,0.05,2.47
2017-03-27,002376,12.6,12.25,12.65,12.21,105442,146775011.0,3.49,-2.7,-0.34,1.85
2017-03-28,002376,12.27,12.32,12.35,12.13,50510,69782992.0,1.8,0.57,0.07,0.88
2017-03-29,002376,12.33,12.28,12.47,12.1,70998,98105468.0,3.0,-0.32,-0.04,1.24
2017-03-30,002376,12.56,12.05,12.65,12.02,134078,185856347.0,5.13,-1.87,-0.23,2.35
2017-03-31,002376,12.11,12.3,12.43,12.03,89323,123183737.0,3.32,2.07,0.25,1.56
2017-04-05,002376,12.33,12.64,12.64,12.2,114411,160134005.0,3.58,2.76,0.34,2.0
2017-04-06,002376,12.65,12.51,12.69,12.43,93564,131762457.0,2.06,-1.03,-0.13,1.64
2017-04-07,002376,12.45,13.02,13.16,12.45,227135,328557360.0,5.68,4.08,0.51,3.98
2017-04-10,002376,12.95,12.99,13.35,12.81,138180,201113228.0,4.15,-0.23,-0.03,2.42
2017-04-11,002376,12.95,12.9,13.12,12.55,146324,210539569.0,4.39,-0.69,-0.09,2.56
2017-04-12,002376,12.91,12.73,12.97,12.67,75716,108568753.0,2.33,-1.32,-0.17,1.33
2017-04-13,002376,12.66,12.78,12.98,12.66,74062,106734124.0,2.51,0.39,0.05,1.3
2017-04-14,002376,12.79,12.55,12.83,12.45,80981,114274087.0,2.97,-1.8,-0.23,1.42
2017-04-17,002376,12.5,12.48,12.7,12.31,76634,107619314.0,3.11,-0.56,-0.07,1.34
2017-04-18,002376,12.49,12.31,12.55,12.29,76933,107208724.0,2.08,-1.36,-0.17,1.35
2017-04-19,002376,12.25,12.37,12.44,12.0,84145,115218405.0,3.57,0.49,0.06,1.47
2017-04-20,002376,12.26,12.42,12.5,12.14,62980,87312555.0,2.91,0.4,0.05,1.1
2017-04-21,002376,12.38,12.35,12.57,12.2,65105,90755898.0,2.98,-0.56,-0.07,1.14
2017-04-24,002376,12.28,11.84,12.38,11.77,82593,112772748.0,4.94,-4.13,-0.51,1.45
2017-04-25,002376,11.84,11.75,11.94,11.55,90857,120779145.0,3.29,-0.76,-0.09,1.59
2017-04-26,002376,11.74,11.9,12.01,11.66,51236,68924794.0,2.98,1.28,0.15,0.9
2017-04-27,002376,11.9,12.03,12.09,11.57,58721,78491999.0,4.37,1.09,0.13,1.03
2017-04-28,002376,11.99,12.05,12.15,11.88,54773,74187933.0,2.24,0.17,0.02,0.96
2017-05-02,002376,12.03,11.64,12.12,11.62,91977,123128093.0,4.15,-3.4,-0.41,1.61
2017-05-03,002376,11.64,11.93,11.96,11.55,68268,90848974.0,3.52,2.49,0.29,1.19
2017-05-04,002376,11.85,11.93,12.11,11.76,50491,68255451.0,2.93,0.0,0.0,0.88
2017-05-05,002376,11.86,11.83,12.04,11.81,38806,52307988.0,1.93,-0.84,-0.1,0.68
2017-05-08,002376,11.77,11.76,12.0,11.72,63789,85557514.0,2.37,-0.59,-0.07,1.12
2017-05-09,002376,11.78,11.9,11.97,11.65,63604,84904931.0,2.72,1.19,0.14,1.11
2017-05-10,002376,11.83,11.36,12.03,11.23,109085,144794653.0,6.72,-4.54,-0.54,1.91
2017-05-11,002376,11.2,11.21,11.33,10.64,150130,188382593.0,6.07,-1.32,-0.15,2.63
2017-05-12,002376,11.14,11.22,11.36,11.07,39095,49990532.0,2.59,0.09,0.01,0.68
2017-05-15,002376,11.22,11.17,11.37,11.1,45431,58095573.0,2.41,-0.45,-0.05,0.8
2017-05-16,002376,11.18,11.56,11.56,11.01,60125,77532242.0,4.92,3.49,0.39,1.05
2017-05-17,002376,11.5,11.46,11.63,11.45,37294,48802652.0,1.56,-0.87,-0.1,0.65
2017-05-18,002376,11.45,11.44,11.57,11.36,29650,38584245.0,1.83,-0.17,-0.02,0.52
2017-05-19,002376,11.47,11.44,11.5,11.35,20303,26362031.0,1.31,0.0,0.0,0.36
2017-05-22,002376,11.52,11.22,11.53,11.15,43472,55151794.0,3.32,-1.92,-0.22,0.76
2017-05-23,002376,11.17,11.0,11.43,10.98,33936,42670074.0,4.01,-1.96,-0.22,0.59
2017-05-24,002376,11.0,11.25,11.31,10.95,29147,36499339.0,3.27,2.27,0.25,0.51
2017-05-25,002376,11.25,11.38,11.42,11.05,47418,59854933.0,3.29,1.16,0.13,0.83
2017-05-26,002376,11.54,11.36,11.54,11.33,25288,32314158.0,1.85,-0.18,-0.02,0.44
2017-05-31,002376,11.45,11.2,11.59,11.1,43467,55171906.0,4.31,-1.41,-0.16,0.76
2017-06-01,002376,11.22,10.81,11.22,10.65,48726,59824361.0,5.09,-3.48,-0.39,0.85
2017-06-02,002376,10.76,10.9,10.98,10.69,35004,42565845.0,2.68,0.83,0.09,0.61
2017-06-05,002376,10.98,11.27,11.29,10.93,49435,61954788.0,3.3,3.39,0.37,0.87
2017-06-06,002376,11.27,11.33,11.37,11.11,38774,48903677.0,2.31,0.53,0.06,0.68
2017-06-07,002376,11.33,11.66,11.84,11.25,111052,144208889.0,5.21,2.91,0.33,1.94
2017-06-08,002376,11.72,11.65,11.79,11.64,39911,52041744.0,1.29,-0.09,-0.01,0.7
2017-06-09,002376,11.7,11.78,11.82,11.65,34133,44719034.0,1.46,1.12,0.13,0.6
2017-06-12,002376,11.7,11.3,11.8,11.22,85191,109172281.0,4.92,-4.07,-0.48,1.49
2017-06-13,002376,11.29,11.53,11.58,11.22,48854,62644840.0,3.19,2.04,0.23,0.86
2017-06-14,002376,11.53,11.6,11.8,11.44,51912,67360237.0,3.12,0.61,0.07,0.91
2017-06-15,002376,11.56,11.76,11.83,11.51,68886,90146659.0,2.76,1.38,0.16,1.21
2017-06-16,002376,11.76,11.77,11.9,11.69,36998,48618026.0,1.79,0.09,0.01,0.65
2017-06-19,002376,11.85,11.81,11.85,11.67,29816,39114381.0,1.53,0.34,0.04,0.52
2017-06-20,002376,11.78,11.87,11.95,11.78,48714,64503338.0,1.44,0.51,0.06,0.85
2017-06-21,002376,11.93,11.94,11.94,11.72,39056,51547099.0,1.85,0.59,0.07,0.68
2017-06-22,002376,11.9,11.64,12.03,11.63,49697,65523955.0,3.35,-2.51,-0.3,0.87
2017-06-23,002376,11.64,11.65,11.76,11.48,37269,48264841.0,2.41,0.09,0.01,0.65
2017-06-26,002376,11.64,11.95,11.95,11.6,54195,71668729.0,3.0,2.58,0.3,0.95
2017-06-27,002376,11.95,12.01,12.14,11.93,53397,71561789.0,1.76,0.5,0.06,0.93
2017-06-28,002376,11.99,11.92,12.1,11.88,37064,49427878.0,1.83,-0.75,-0.09,0.65
2017-06-29,002376,11.92,12.23,12.28,11.89,56155,75561760.0,3.27,2.6,0.31,0.98
2017-06-30,002376,12.17,12.37,12.43,12.11,60208,81837558.0,2.62,1.14,0.14,1.05
2017-07-03,002376,12.35,12.29,12.41,12.13,63814,86726101.0,2.26,-0.65,-0.08,1.11
2017-07-04,002376,12.28,12.46,12.51,12.08,77649,106202420.0,3.5,1.38,0.17,1.35
2017-07-05,002376,12.36,12.36,12.48,12.34,51711,71044740.0,1.12,-0.8,-0.1,0.9
2017-07-06,002376,12.33,12.24,12.51,12.2,60758,83262805.0,2.51,-0.97,-0.12,1.06
2017-07-07,002376,12.24,12.13,12.29,12.03,70002,94167968.0,2.12,-0.9,-0.11,1.22
2017-07-10,002376,12.15,12.15,12.25,11.9,75458,101383093.0,2.89,0.16,0.02,1.31
2017-07-11,002376,12.09,11.91,12.19,11.86,54964,73629499.0,2.72,-1.98,-0.24,0.96
2017-07-12,002376,11.85,11.3,11.95,10.58,206941,259728014.0,11.5,-5.12,-0.61,3.61
2017-07-13,002376,11.22,10.96,11.23,10.85,129419,160517228.0,3.36,-3.01,-0.34,2.26
2017-07-14,002376,11.02,11.06,11.18,10.93,68321,84948473.0,2.28,0.91,0.1,1.19
2017-07-17,002376,11.06,10.56,11.12,10.45,117469,141328925.0,6.06,-4.52,-0.5,2.05
2017-07-18,002376,10.52,10.83,10.88,10.48,40922,49458958.0,3.79,2.56,0.27,0.71
2017-07-19,002376,10.75,11.02,11.03,10.68,56996,69537076.0,3.23,1.75,0.19,0.99
2017-07-20,002376,10.94,10.9,11.07,10.9,40842,50393655.0,1.54,-1.09,-0.12,0.71
2017-07-21,002376,10.99,10.95,11.11,10.91,33265,41070768.0,1.83,0.46,0.05,0.58
2017-07-24,002376,10.97,10.82,10.99,10.61,67358,81661800.0,3.47,-1.19,-0.13,1.17
2017-07-25,002376,10.8,10.77,10.87,10.7,41455,50216549.0,1.57,-0.46,-0.05,0.72
2017-07-26,002376,10.77,10.66,10.79,10.45,79257,94788493.0,3.16,-1.02,-0.11,1.38
2017-07-27,002376,10.65,10.95,11.14,10.56,83217,101934005.0,5.44,2.72,0.29,1.45
2017-07-28,002376,10.98,11.07,11.2,10.96,54372,67639771.0,2.19,1.1,0.12,0.95
2017-07-31,002376,11.05,11.36,11.44,10.96,69449,87024251.0,4.34,2.62,0.29,1.21
2017-08-01,002376,11.29,11.24,11.37,11.15,45051,56597600.0,1.94,-1.06,-0.12,0.79
2017-08-02,002376,11.18,11.05,11.3,11.02,31212,38992976.0,2.49,-1.69,-0.19,0.54
2017-08-03,002376,11.05,11.09,11.23,11.02,29224,36419767.0,1.9,0.36,0.04,0.51
2017-08-04,002376,11.12,10.86,11.12,10.86,32928,40537966.0,2.34,-2.07,-0.23,0.57
2017-08-07,002376,10.82,11.26,11.43,10.82,55540,69737164.0,5.62,3.68,0.4,0.97
2017-08-08,002376,11.23,11.19,11.33,11.08,34337,43145646.0,2.22,-0.62,-0.07,0.6
2017-08-09,002376,11.16,11.23,11.31,11.09,22459,28248599.0,1.97,0.36,0.04,0.39
2017-08-10,002376,11.15,11.18,11.28,10.98,28415,35514106.0,2.67,-0.45,-0.05,0.5
2017-08-11,002376,11.1,11.03,11.22,11.0,21657,26934777.0,1.97,-1.34,-0.15,0.38
2017-08-14,002376,11.03,11.52,11.52,10.97,66279,84269456.0,4.99,4.44,0.49,1.16
2017-08-15,002376,11.53,11.48,11.57,11.31,32630,41637380.0,2.26,-0.35,-0.04,0.57
2017-08-16,002376,11.41,11.71,11.72,11.38,55150,71416781.0,2.96,2.0,0.23,0.96
2017-08-17,002376,11.71,11.71,11.8,11.59,47658,62327053.0,1.79,0.0,0.0,0.83
2017-08-18,002376,11.61,11.58,11.74,11.55,28568,37046573.0,1.62,-1.11,-0.13,0.5
2017-08-21,002376,11.6,11.69,11.86,11.52,66793,86991369.0,2.94,0.95,0.11,1.16
2017-08-22,002376,11.77,11.71,11.77,11.5,55215,71568927.0,2.31,0.17,0.02,0.96
2017-08-23,002376,11.77,11.59,11.77,11.53,31703,41123520.0,2.05,-1.02,-0.12,0.55
2017-08-24,002376,11.5,11.59,11.81,11.5,33025,42941130.0,2.67,0.0,0.0,0.58
2017-08-25,002376,11.55,11.76,11.81,11.55,39511,51675273.0,2.24,1.47,0.17,0.69
2017-08-28,002376,11.81,11.88,12.0,11.75,48543,64207695.0,2.13,1.02,0.12,0.85
2017-08-29,002376,11.83,11.77,11.93,11.75,28408,37425154.0,1.52,-0.93,-0.11,0.5
2017-08-30,002376,11.74,11.84,11.85,11.65,30593,40114605.0,1.7,0.59,0.07,0.53
2017-08-31,002376,11.83,11.67,11.84,11.55,42289,54923899.0,2.45,-1.44,-0.17,0.74
2017-09-01,002376,11.67,11.75,11.76,11.62,31139,40630700.0,1.2,0.69,0.08,0.54
2017-09-04,002376,11.72,11.83,11.99,11.69,51664,68110788.0,2.55,0.68,0.08,0.9
2017-09-05,002376,11.83,11.97,12.13,11.81,59640,79428022.0,2.7,1.18,0.14,1.04
2017-09-06,002376,11.86,11.87,11.94,11.71,45513,59863449.0,1.92,-0.84,-0.1,0.79
2017-09-07,002376,11.9,11.78,12.06,11.77,44641,59273744.0,2.44,-0.76,-0.09,0.78
2017-09-08,002376,11.77,11.6,11.86,11.43,63815,82861137.0,3.65,-1.53,-0.18,1.11
2017-09-11,002376,11.55,11.65,11.76,11.55,43620,56711541.0,1.81,0.43,0.05,0.76
2017-09-12,002376,11.61,11.84,11.98,11.6,74555,97814152.0,3.26,1.63,0.19,1.3
2017-09-13,002376,11.86,11.75,11.98,11.68,65166,85560608.0,2.53,-0.76,-0.09,1.14
2017-09-14,002376,11.76,11.77,11.88,11.67,50315,65922680.0,1.79,0.17,0.02,0.88
2017-09-15,002376,11.77,11.55,11.77,11.51,49054,63454869.0,2.21,-1.87,-0.22,0.85
2017-09-18,002376,11.53,11.55,11.61,11.5,35043,45191893.0,0.95,0.0,0.0,0.61
2017-09-19,002376,11.55,11.27,11.57,11.16,67068,84913474.0,3.55,-2.42,-0.28,1.17
2017-09-20,002376,11.3,11.45,11.47,11.3,37677,48082169.0,1.51,1.6,0.18,0.66
2017-09-21,002376,11.45,11.35,11.51,11.34,39115,49950669.0,1.48,-0.87,-0.1,0.68
2017-09-22,002376,11.36,11.33,11.41,11.15,36244,45610302.0,2.29,-0.18,-0.02,0.63
2017-09-25,002376,11.28,11.12,11.4,11.07,29475,37012501.0,2.91,-1.85,-0.21,0.51
2017-09-26,002376,11.13,11.11,11.2,10.99,26360,32806643.0,1.89,-0.09,-0.01,0.46
2017-09-27,002376,11.11,11.15,11.22,11.06,31359,39178567.0,1.44,0.36,0.04,0.55
2017-09-28,002376,11.15,11.16,11.2,11.08,18963,23727656.0,1.08,0.09,0.01,0.33
2017-09-29,002376,11.14,11.19,11.22,11.13,22409,28062577.0,0.81,0.27,0.03,0.39
2017-10-09,002376,11.35,11.27,11.38,11.22,61368,77573870.0,1.43,0.71,0.08,1.07
2017-10-10,002376,11.28,11.57,11.58,11.24,59669,76584164.0,3.02,2.66,0.3,1.04
2017-10-11,002376,11.56,11.55,11.62,11.43,41722,53691362.0,1.64,-0.17,-0.02,0.73
2017-10-12,002376,11.58,11.43,11.58,11.31,39125,50081842.0,2.34,-1.04,-0.12,0.68
2017-10-13,002376,11.41,11.43,11.48,11.32,41499,52815763.0,1.4,0.0,0.0,0.72
2017-10-16,002376,11.44,11.1,11.5,11.1,53341,67412114.0,3.5,-2.89,-0.33,0.93
2017-10-17,002376,11.1,10.99,11.27,10.92,51909,64459153.0,3.15,-0.99,-0.11,0.9
2017-10-18,002376,11.01,10.93,11.18,10.91,44064,54699403.0,2.46,-0.55,-0.06,0.77
2017-10-19,002376,10.95,11.01,11.2,10.9,58821,72906650.0,2.74,0.73,0.08,1.03
2017-10-20,002376,11.01,11.09,11.11,10.96,31023,38427681.0,1.36,0.73,0.08,0.54
2017-10-23,002376,11.09,11.01,11.13,10.91,66191,81745498.0,1.98,-0.72,-0.08,1.15
2017-10-24,002376,11.03,10.87,11.04,10.79,53201,65082253.0,2.27,-1.27,-0.14,0.93
2017-10-25,002376,10.89,11.01,11.03,10.83,33226,40769906.0,1.84,1.29,0.14,0.58
2017-10-26,002376,11.03,10.96,11.03,10.86,66538,81622997.0,1.54,-0.45,-0.05,1.16
2017-10-27,002376,10.95,10.84,11.03,10.84,41751,51220906.0,1.73,-1.09,-0.12,0.73
2017-10-30,002376,10.84,10.62,10.87,10.6,64154,77359458.0,2.49,-2.03,-0.22,1.12
2017-10-31,002376,10.65,10.68,10.72,10.6,39576,47540043.0,1.13,0.56,0.06,0.69
2017-11-01,002376,10.71,10.7,10.76,10.62,53888,64946147.0,1.31,0.19,0.02,0.94
2017-11-02,002376,10.65,10.69,10.87,10.65,40150,48594226.0,2.06,-0.09,-0.01,0.7
2017-11-03,002376,10.7,10.46,10.73,10.32,73243,86740928.0,3.84,-2.15,-0.23,1.28
2017-11-06,002376,10.5,10.55,10.58,10.35,35361,41849765.0,2.2,0.86,0.09,0.62
2017-11-07,002376,10.55,10.51,10.57,10.43,30261,35832228.0,1.33,-0.38,-0.04,0.53
2017-11-08,002376,10.53,10.63,10.68,10.47,69020,82273237.0,2.0,1.14,0.12,1.2
2017-11-09,002376,10.64,10.6,10.64,10.53,34321,40950938.0,1.03,-0.28,-0.03,0.6
2017-11-10,002376,10.6,10.75,10.82,10.49,67199,80812162.0,3.11,1.42,0.15,1.17
2017-11-13,002376,10.72,10.78,10.84,10.68,51546,62430208.0,1.49,0.28,0.03,0.9
2017-11-14,002376,10.79,10.73,10.89,10.69,54808,66549639.0,1.86,-0.46,-0.05,0.96
2017-11-15,002376,10.71,10.57,10.77,10.51,37140,44372600.0,2.42,-1.49,-0.16,0.65
2017-11-16,002376,10.56,10.54,10.64,10.49,24400,29067967.0,1.42,-0.28,-0.03,0.43
2017-11-17,002376,10.54,10.1,10.6,10.0,49435,57692033.0,5.69,-4.17,-0.44,0.86
2017-11-20,002376,10.09,10.02,10.14,9.83,49395,55827893.0,3.07,-0.79,-0.08,0.86
2017-11-21,002376,10.03,9.84,10.08,9.76,55415,62365715.0,3.19,-1.8,-0.18,0.97
2017-11-22,002376,9.83,10.03,10.11,9.81,65646,74560246.0,3.05,1.93,0.19,1.14
2017-11-23,002376,10.04,9.96,10.1,9.89,33152,37531642.0,2.09,-0.7,-0.07,0.58
2017-11-24,002376,9.96,9.96,10.18,9.79,46104,52309338.0,3.92,0.0,0.0,0.8
2017-11-27,002376,10.03,9.92,10.08,9.87,28438,32236528.0,2.11,-0.4,-0.04,0.5
2017-11-28,002376,10.0,10.09,10.1,9.92,23475,26767393.0,1.81,1.71,0.17,0.41
2017-11-29,002376,10.12,10.05,10.12,9.98,28104,32012901.0,1.39,-0.4,-0.04,0.49
2017-11-30,002376,10.06,10.03,10.09,9.97,23558,26826684.0,1.19,-0.2,-0.02,0.41
2017-12-01,002376,10.06,10.12,10.12,9.97,24575,28059707.0,1.5,0.9,0.09,0.43
2017-12-04,002376,10.12,9.91,10.12,9.91,21270,24139224.0,2.08,-2.08,-0.21,0.37
2017-12-05,002376,9.88,9.41,9.96,9.39,47861,52568876.0,5.75,-5.05,-0.5,0.83
2017-12-06,002376,9.5,9.53,9.56,9.33,32138,34622417.0,2.44,1.28,0.12,0.56
2017-12-07,002376,9.49,9.61,9.68,9.44,20373,22256247.0,2.52,0.84,0.08,0.36
2017-12-08,002376,9.61,9.72,9.79,9.49,25274,27977748.0,3.12,1.14,0.11,0.44
2017-12-11,002376,9.71,9.87,9.89,9.7,24310,27185007.0,1.95,1.54,0.15,0.42
2017-12-12,002376,9.87,9.78,9.99,9.78,25456,28576909.0,2.13,-0.91,-0.09,0.44
2017-12-13,002376,9.78,10.1,10.12,9.76,45143,51332132.0,3.68,3.27,0.32,0.79
2017-12-14,002376,10.05,10.11,10.23,10.01,29721,34110459.0,2.18,0.1,0.01,0.52
2017-12-15,002376,10.11,10.0,10.12,9.99,23008,26229251.0,1.29,-1.09,-0.11,0.4
2017-12-18,002376,10.06,10.02,10.14,9.87,24065,27279235.0,2.7,0.2,0.02,0.42
2017-12-19,002376,10.0,9.97,10.09,9.91,25185,28561698.0,1.8,-0.5,-0.05,0.44
2017-12-20,002376,10.03,10.28,10.46,10.0,104573,121868659.0,4.61,3.11,0.31,1.82
2017-12-21,002376,10.25,10.26,10.37,10.18,59142,68831766.0,1.85,-0.19,-0.02,1.03
2017-12-22,002376,10.21,10.21,10.33,10.17,31972,37055461.0,1.56,-0.49,-0.05,0.56
2017-12-25,002376,10.22,9.9,10.24,9.86,38506,43741045.0,3.72,-3.04,-0.31,0.67
2017-12-26,002376,9.89,9.91,10.04,9.81,33973,38250217.0,2.32,0.1,0.01,0.59
2017-12-27,002376,9.98,9.87,10.01,9.87,38639,43576218.0,1.41,-0.4,-0.04,0.67
2017-12-28,002376,9.85,9.66,9.92,9.6,67669,75092345.0,3.24,-2.13,-0.21,1.18
2017-12-29,002376,9.68,9.76,9.81,9.66,36177,40056502.0,1.55,1.04,0.1,0.63
2018-01-02,002376,9.81,9.96,9.98,9.78,33379,37505979.0,2.05,2.05,0.2,0.58
2018-01-03,002376,9.95,10.27,10.4,9.95,82318,95539650.0,4.52,3.11,0.31,1.43
2018-01-04,002376,10.28,10.31,10.42,10.25,57285,66865771.0,1.66,0.39,0.04,1.0
2018-01-05,002376,10.28,10.33,10.46,10.18,50587,59044140.0,2.72,0.19,0.02,0.88
2018-01-08,002376,10.2,10.25,10.34,10.08,58777,68012819.0,2.52,-0.77,-0.08,1.02
2018-01-09,002376,10.25,10.44,10.5,10.18,72142,84346147.0,3.12,1.85,0.19,1.26
2018-01-10,002376,10.52,10.53,10.64,10.3,77527,91447060.0,3.26,0.86,0.09,1.35
2018-01-11,002376,10.44,10.55,10.58,10.33,58320,68893835.0,2.37,0.19,0.02,1.02
2018-01-12,002376,10.47,10.95,11.11,10.47,140639,171990832.0,6.07,3.79,0.4,2.45
2018-01-15,002376,10.96,11.25,11.8,10.9,225720,287528608.0,8.22,2.74,0.3,3.93
2018-01-16,002376,11.17,11.29,11.37,11.01,77296,96757021.0,3.2,0.36,0.04,1.35
2018-01-17,002376,11.27,11.24,11.47,10.83,82172,103320070.0,5.67,-0.44,-0.05,1.43
2018-01-18,002376,11.11,11.55,11.59,11.11,78789,100538375.0,4.27,2.76,0.31,1.37
2018-01-19,002376,11.53,11.15,11.61,11.14,92203,116619604.0,4.07,-3.46,-0.4,1.61
2018-01-22,002376,11.1,11.45,11.58,11.09,80996,103542937.0,4.39,2.69,0.3,1.41
2018-01-23,002376,11.45,11.34,11.6,11.28,56743,72600704.0,2.79,-0.96,-0.11,0.99
2018-01-24,002376,11.33,12.06,12.16,11.32,209297,275330928.0,7.41,6.35,0.72,3.65
2018-01-25,002376,12.06,11.92,12.62,11.85,227734,310521840.0,6.38,-1.16,-0.14,3.97
2018-01-26,002376,12.03,11.83,12.14,11.74,91077,120573065.0,3.36,-0.76,-0.09,1.59
2018-01-29,002376,11.83,11.95,12.13,11.59,138476,183203366.0,4.56,1.01,0.12,2.41
2018-01-30,002376,11.89,11.94,12.29,11.82,105834,141522770.0,3.93,-0.08,-0.01,1.84
2018-01-31,002376,11.81,11.94,12.14,11.79,100932,134402235.0,2.93,0.0,0.0,1.76
2018-02-01,002376,11.91,11.44,12.17,11.35,137101,178971646.0,6.87,-4.19,-0.5,2.39
2018-02-02,002376,11.48,11.45,11.6,10.86,95256,120992421.0,6.47,0.09,0.01,1.66
2018-02-05,002376,11.22,11.68,11.88,11.16,84824,110720141.0,6.29,2.01,0.23,1.48
2018-02-06,002376,11.36,11.21,12.01,11.08,113256,146352747.0,7.96,-4.02,-0.47,1.97
2018-02-07,002376,11.45,11.31,11.79,11.13,120483,154184126.0,5.89,0.89,0.1,2.1
2018-02-08,002376,11.34,12.48,12.58,11.23,263377,355563872.0,11.94,10.34,1.17,4.59
2018-02-09,002376,12.05,11.25,12.29,11.1,257739,338240352.0,9.54,-9.86,-1.23,4.49
2018-02-12,002376,11.33,12.51,12.51,11.33,213652,291881600.0,10.49,11.2,1.26,3.72
2018-02-13,002376,13.0,13.44,13.69,12.9,356120,519798288.0,6.31,7.43,0.93,6.21
2018-02-14,002376,13.43,13.38,13.53,13.07,148066,216459372.0,3.42,-0.45,-0.06,2.58
2018-02-22,002376,13.62,13.81,13.89,13.15,181120,268665888.0,5.53,3.21,0.43,3.16
2018-02-23,002376,13.64,13.35,13.72,13.23,128598,190292184.0,3.55,-3.33,-0.46,2.24
2018-02-26,002376,13.29,14.01,14.01,13.02,230348,344368880.0,7.42,4.94,0.66,4.01
2018-02-27,002376,13.65,13.13,13.65,13.09,325820,477376448.0,4.0,-6.28,-0.88,5.68
2018-02-28,002376,13.05,13.57,13.83,12.87,265886,393805024.0,7.31,3.35,0.44,4.63
2018-03-01,002376,13.39,14.09,14.09,13.29,249142,374749600.0,5.9,3.83,0.52,4.34
2018-03-02,002376,13.83,13.46,14.07,13.33,187642,281985808.0,5.25,-4.47,-0.63,3.27
2018-03-05,002376,13.25,13.46,13.61,13.09,124593,183206578.0,3.86,0.0,0.0,2.17
2018-03-06,002376,13.2,13.91,14.03,13.2,200004,301740656.0,6.17,3.34,0.45,3.49
2018-03-07,002376,14.07,13.92,14.65,13.91,256753,401281968.0,5.32,0.07,0.01,4.47
2018-03-08,002376,13.78,13.39,13.78,12.95,255819,375933360.0,5.96,-3.81,-0.53,4.46
2018-03-09,002376,13.19,13.56,13.9,13.19,198255,295303872.0,5.3,1.27,0.17,3.45
2018-03-12,002376,13.79,14.05,14.62,13.72,244773,379042768.0,6.64,3.61,0.49,4.27
2018-03-13,002376,13.98,14.35,14.6,13.79,208928,325242400.0,5.77,2.14,0.3,3.64
2018-03-14,002376,14.24,13.67,14.53,13.64,189861,290693328.0,6.2,-4.74,-0.68,3.31
2018-03-15,002376,13.54,13.77,13.88,13.19,137524,204461436.0,5.05,0.73,0.1,2.4
2018-03-16,002376,13.65,13.44,13.9,13.35,104978,158037398.0,3.99,-2.4,-0.33,1.83
2018-03-19,002376,13.28,13.45,13.82,13.28,104703,156432661.0,4.02,0.07,0.01,1.82
2018-03-20,002376,13.2,13.28,13.41,13.02,103973,151525736.0,2.9,-1.26,-0.17,1.81
2018-03-21,002376,13.31,13.16,13.78,13.14,117013,173522133.0,4.82,-0.9,-0.12,2.04
2018-03-22,002376,13.21,13.5,13.59,13.01,101339,148969591.0,4.41,2.58,0.34,1.77
2018-03-23,002376,12.95,12.59,13.33,12.03,140403,198256152.0,9.63,-6.74,-0.91,2.45
2018-03-26,002376,12.29,13.25,13.43,12.16,126202,179922225.0,10.09,5.24,0.66,2.2
2018-03-27,002376,13.35,14.14,14.23,13.35,203203,310566960.0,6.64,6.72,0.89,3.54
2018-03-28,002376,13.96,14.49,14.6,13.88,211984,334123936.0,5.09,2.48,0.35,3.69
2018-03-29,002376,14.49,14.44,14.95,14.35,143709,229443887.0,4.14,-0.35,-0.05,2.5
2018-03-30,002376,14.58,15.73,15.95,14.58,221285,371525472.0,9.49,8.93,1.29,3.86
2018-04-02,002376,15.82,15.62,16.07,15.41,135688,231974084.0,4.2,-0.7,-0.11,2.36
2018-04-03,002376,15.29,15.51,15.61,15.01,123343,205431426.0,3.84,-0.7,-0.11,2.15
2018-04-04,002376,15.45,14.88,15.64,14.84,112267,185299118.0,5.16,-4.06,-0.63,1.96
2018-04-09,002376,14.97,15.02,15.49,14.7,93569,154001888.0,5.31,0.94,0.14,1.63
2018-04-10,002376,15.04,14.75,15.2,14.36,142997,229084253.0,5.59,-1.8,-0.27,2.49
2018-04-11,002376,15.06,15.1,15.7,14.97,146433,243396480.0,4.95,2.37,0.35,2.55
2018-04-12,002376,15.25,15.23,15.6,14.96,104397,173454829.0,4.24,0.86,0.13,1.82
2018-04-13,002376,15.5,16.6,16.89,15.35,278923,492858960.0,10.11,9.0,1.37,4.86
2018-04-16,002376,16.56,17.19,17.38,16.25,196105,358661600.0,6.81,3.55,0.59,3.42
2018-04-17,002376,17.01,15.53,17.33,15.4,211365,368708160.0,11.23,-9.66,-1.66,3.68
2018-04-18,002376,15.84,16.43,16.72,14.88,192051,332331472.0,11.85,5.8,0.9,3.35
2018-04-19,002376,16.24,15.9,16.5,15.7,97384,169360721.0,4.87,-3.23,-0.53,1.7
2018-04-20,002376,15.95,15.67,16.06,15.25,73310,124905117.0,5.09,-1.45,-0.23,1.28
2018-04-23,002376,15.66,15.12,15.76,14.68,96564,160243541.0,6.89,-3.51,-0.55,1.68
2018-04-24,002376,15.06,16.03,16.1,14.78,120096,202448177.0,8.73,6.02,0.91,2.09
2018-04-25,002376,15.76,15.72,16.37,15.46,107517,184450684.0,5.68,-1.93,-0.31,1.87
2018-04-26,002376,15.79,16.29,16.58,15.45,191480,336090000.0,7.19,3.63,0.57,3.34
2018-04-27,002376,16.14,16.18,16.65,15.88,105671,185799725.0,4.73,-0.68,-0.11,1.84
2018-05-02,002376,16.13,16.13,16.85,15.91,98802,175582060.0,5.81,-0.31,-0.05,1.72
2018-05-03,002376,16.16,16.45,16.46,15.5,84798,146998970.0,5.95,1.98,0.32,1.48
2018-05-04,002376,16.33,16.7,16.86,16.2,86792,156471201.0,4.01,1.52,0.25,1.51
2018-05-07,002376,16.7,17.05,17.43,16.64,69884,129031218.0,4.73,2.1,0.35,1.22
2018-05-08,002376,16.94,17.92,18.09,16.94,109268,207407473.0,6.74,5.1,0.87,1.9
2018-05-09,002376,17.8,17.15,17.8,17.07,90217,168082633.0,4.07,-4.3,-0.77,1.57
2018-05-10,002376,17.24,17.11,17.27,16.69,72179,132064118.0,3.38,-0.23,-0.04,1.26
2018-05-11,002376,17.0,16.61,17.17,16.48,54648,98566957.0,4.03,-2.92,-0.5,0.95
2018-05-14,002376,16.51,16.26,16.83,16.26,49514,88426007.0,3.43,-2.11,-0.35,0.86
2018-05-15,002376,16.26,17.0,17.15,16.12,63241,113520347.0,6.33,4.55,0.74,1.1
2018-05-16,002376,16.55,15.85,16.55,15.45,185842,321983584.0,6.47,-6.76,-1.15,3.24
2018-05-17,002376,15.7,15.7,15.95,15.2,89118,150583119.0,4.73,-0.95,-0.15,1.55
2018-05-18,002376,15.55,15.76,15.88,15.38,51340,87568154.0,3.18,0.38,0.06,0.89
2018-05-21,002376,15.85,16.65,16.93,15.85,107929,192596860.0,6.85,5.65,0.89,1.88
2018-05-22,002376,16.9,17.09,17.51,16.87,92642,170953006.0,3.84,2.64,0.44,1.61
2018-05-23,002376,17.14,17.04,17.3,16.76,49784,90506889.0,3.16,-0.29,-0.05,0.87
2018-05-24,002376,17.21,17.05,17.22,16.8,44201,80256644.0,2.46,0.06,0.01,0.77
2018-05-25,002376,17.08,16.43,17.15,16.26,68264,120918252.0,5.22,-3.64,-0.62,1.19
2018-05-28,002376,16.39,15.9,16.42,15.76,65635,112271704.0,4.02,-3.23,-0.53,1.14
2018-05-29,002376,15.71,16.58,16.9,15.71,85662,152173858.0,7.48,4.28,0.68,1.49
2018-05-30,002376,16.25,15.97,16.62,15.75,59628,102953710.0,5.25,-3.68,-0.61,1.04
2018-05-31,002376,16.35,15.6,16.39,15.4,90626,152829894.0,6.2,-2.32,-0.37,1.58
2018-06-01,002376,15.55,15.18,15.88,14.88,82132,136017541.0,6.41,-2.69,-0.42,1.43
2018-06-04,002376,15.18,14.06,15.35,13.99,149223,231345863.0,8.96,-7.38,-1.12,2.6
2018-06-05,002376,14.01,15.23,15.28,14.01,115154,182577560.0,9.03,8.32,1.17,2.01
2018-06-06,002376,15.33,15.18,15.74,15.08,83273,137708904.0,4.33,-0.33,-0.05,1.45
2018-06-07,002376,15.39,15.18,15.84,15.12,60790,100561492.0,4.74,0.0,0.0,1.06
2018-06-08,002376,15.2,14.83,15.3,14.46,55292,88292025.0,5.53,-2.31,-0.35,0.96
2018-06-11,002376,14.75,14.75,15.28,14.71,46643,75119401.0,3.84,-0.54,-0.08,0.81
2018-06-12,002376,14.78,14.72,15.07,14.05,62998,98715000.0,6.92,-0.2,-0.03,1.1
2018-06-13,002376,14.7,14.22,14.91,14.14,78198,122013054.0,5.23,-3.4,-0.5,1.36
2018-06-14,002376,14.15,14.5,14.66,13.96,85313,132001152.0,4.92,1.97,0.28,1.49
2018-06-15,002376,14.35,14.14,14.36,13.92,57551,87922811.0,3.03,-2.48,-0.36,1.0
2018-06-19,002376,13.75,13.24,14.1,12.75,95578,139597079.0,9.55,-6.36,-0.9,1.67
2018-06-20,002376,13.25,13.66,14.0,13.07,95391,140048106.0,7.02,3.17,0.42,1.66
2018-06-21,002376,13.57,13.15,13.79,13.02,50243,73311330.0,5.64,-3.73,-0.51,0.88
2018-06-22,002376,13.1,13.77,14.0,12.85,67239,99380269.0,8.75,4.71,0.62,1.17
2018-06-25,002376,13.87,13.95,14.34,13.84,74108,113297044.0,3.63,1.31,0.18,1.29
2018-06-26,002376,13.61,14.94,15.01,13.57,110111,172919902.0,10.32,7.1,0.99,1.92
2018-06-27,002376,14.95,14.87,15.42,14.69,103549,167700872.0,4.89,-0.47,-0.07,1.8
2018-06-28,002376,14.79,14.61,15.0,14.51,75091,119522543.0,3.3,-1.75,-0.26,1.31
2018-06-29,002376,14.51,15.39,15.52,14.18,143061,229911969.0,9.17,5.34,0.78,2.49
2018-07-02,002376,15.25,14.82,15.35,14.53,96013,155046739.0,5.33,-3.7,-0.57,1.67
2018-07-03,002376,14.7,15.19,15.37,14.55,77592,125314478.0,5.53,2.5,0.37,1.35
2018-07-04,002376,15.04,14.35,15.24,14.29,102895,163023343.0,6.25,-5.53,-0.84,1.79
2018-07-05,002376,14.53,14.42,14.93,14.18,78609,123554214.0,5.23,0.49,0.07,1.37
2018-07-06,002376,14.44,14.54,14.96,13.86,99749,155716719.0,7.63,0.83,0.12,1.73
2018-07-09,002376,14.55,14.89,14.93,14.35,89765,142335575.0,3.99,2.41,0.35,1.56
2018-07-10,002376,14.81,14.15,14.91,14.1,105043,163197327.0,5.44,-4.97,-0.74,1.83
2018-07-11,002376,13.85,13.95,14.14,13.58,76760,114919668.0,3.96,-1.41,-0.2,1.33
2018-07-12,002376,13.86,14.6,14.91,13.86,92139,143382782.0,7.53,4.66,0.65,1.6
2018-07-13,002376,14.6,14.57,14.75,14.43,45732,71854454.0,2.19,-0.21,-0.03,0.8
2018-07-16,002376,14.75,14.36,14.75,14.26,44627,69589794.0,3.36,-1.44,-0.21,0.78
2018-07-17,002376,14.35,14.27,14.35,13.85,68321,103914191.0,3.48,-0.63,-0.09,1.19
2018-07-18,002376,14.16,13.66,14.41,13.55,62550,94463500.0,6.03,-4.27,-0.61,1.09
2018-07-19,002376,13.62,13.79,14.17,13.58,48629,73193207.0,4.32,0.95,0.13,0.85
2018-07-20,002376,14.0,13.94,14.13,13.65,48253,72833630.0,3.48,1.09,0.15,0.84
2018-07-23,002376,13.85,14.95,15.25,13.85,125943,200217196.0,10.04,7.25,1.01,2.19
2018-07-24,002376,15.05,15.65,15.69,14.86,131507,216654790.0,5.55,4.68,0.7,2.29
2018-07-25,002376,15.54,15.5,15.7,15.39,79101,131771141.0,1.98,-0.96,-0.15,1.38
2018-07-26,002376,15.45,14.75,15.59,14.45,128881,205982837.0,7.35,-4.84,-0.75,2.24
2018-07-27,002376,14.63,14.61,14.95,14.46,60840,96290345.0,3.32,-0.95,-0.14,1.06
2018-07-30,002376,14.46,14.07,14.59,13.94,56704,86889649.0,4.45,-3.7,-0.54,0.99
2018-07-31,002376,14.07,14.02,14.23,13.94,42920,65371959.0,2.06,-0.36,-0.05,0.75
2018-08-01,002376,14.02,14.08,14.4,13.95,65986,101143357.0,3.21,0.43,0.06,1.15
2018-08-02,002376,13.85,13.65,14.08,13.35,62868,92470465.0,5.18,-3.05,-0.43,1.09
2018-08-03,002376,13.62,13.35,13.77,13.3,37490,54887258.0,3.44,-2.2,-0.3,0.65
2018-08-06,002376,13.32,12.45,13.54,12.31,91876,128970876.0,9.21,-6.74,-0.9,1.6
2018-08-07,002376,12.49,12.71,12.82,12.21,88405,121361584.0,4.9,2.09,0.26,1.54
2018-08-08,002376,12.71,11.66,12.82,11.5,138690,182854034.0,10.39,-8.26,-1.05,2.41
2018-08-09,002376,11.41,12.59,12.89,11.41,161997,217881480.0,12.69,7.98,0.93,2.82
2018-08-10,002376,12.46,13.15,13.33,12.46,108280,153427305.0,6.91,4.45,0.56,1.88
2018-08-13,002376,12.9,13.56,13.7,12.9,90530,131534415.0,6.08,3.12,0.41,1.57
2018-08-14,002376,13.7,13.28,13.7,13.17,44660,64792078.0,3.91,-2.06,-0.28,0.78
2018-08-15,002376,13.28,12.81,13.43,12.55,63241,88888107.0,6.63,-3.54,-0.47,1.1
2018-08-16,002376,12.65,12.59,13.24,12.51,63082,87882824.0,5.7,-1.72,-0.22,1.1
2018-08-17,002376,12.9,12.74,13.03,12.4,55769,77450382.0,5.0,1.19,0.15,0.97
2018-08-20,002376,13.05,14.13,14.13,13.01,156681,231192461.0,8.79,10.91,1.39,2.72
2018-08-21,002376,14.85,14.78,15.09,14.4,194478,309422720.0,4.88,4.6,0.65,3.38
2018-08-22,002376,14.8,14.63,15.04,14.46,89176,140941267.0,3.92,-1.01,-0.15,1.55
2018-08-23,002376,14.5,14.77,15.05,14.19,130561,206109127.0,5.88,0.96,0.14,2.27
2018-08-24,002376,14.63,14.43,14.7,14.33,71457,111745450.0,2.51,-2.3,-0.34,1.24
2018-08-27,002376,14.43,15.01,15.26,14.36,100022,160847952.0,6.24,4.02,0.58,1.74
2018-08-28,002376,15.03,15.07,15.18,14.8,51327,82864297.0,2.53,0.4,0.06,0.89
2018-08-29,002376,15.05,14.81,15.05,14.66,52441,83713192.0,2.59,-1.73,-0.26,0.91
2018-08-30,002376,14.75,14.55,14.93,14.4,65293,102844248.0,3.58,-1.76,-0.26,1.14
2018-08-31,002376,14.46,14.58,15.1,14.42,82868,131534019.0,4.67,0.21,0.03,1.44
2018-09-03,002376,14.69,15.84,16.11,14.17,141346,231660670.0,13.31,8.64,1.26,2.46
2018-09-04,002376,15.92,16.21,16.47,15.85,130207,224834871.0,3.91,2.34,0.37,2.26
2018-09-05,002376,16.12,16.03,16.49,15.8,78361,135348231.0,4.26,-1.11,-0.18,1.36
2018-09-06,002376,16.0,15.8,16.11,15.46,73726,124880274.0,4.05,-1.43,-0.23,1.28
2018-09-07,002376,15.59,15.13,15.98,14.77,149909,246271916.0,7.66,-4.24,-0.67,2.61
2018-09-10,002376,15.04,14.95,15.15,14.66,66646,106929007.0,3.24,-1.19,-0.18,1.16
2018-09-11,002376,14.89,15.53,15.57,14.85,73562,121087528.0,4.82,3.88,0.58,1.28
2018-09-12,002376,15.5,15.47,15.83,15.21,57653,96321007.0,3.99,-0.39,-0.06,1.0
2018-09-13,002376,15.6,15.93,15.97,15.0,75379,125878635.0,6.27,2.97,0.46,1.31
2018-09-14,002376,15.55,15.04,15.73,14.84,98880,161755886.0,5.59,-5.59,-0.89,1.72
2018-09-17,002376,14.85,14.73,15.27,14.43,53693,85537075.0,5.59,-2.06,-0.31,0.93
2018-09-18,002376,14.75,15.62,15.8,14.46,76369,124284797.0,9.1,6.04,0.89,1.33
2018-09-19,002376,15.46,16.04,16.33,15.4,109632,187536589.0,5.95,2.69,0.42,1.91
2018-09-20,002376,15.93,16.34,16.71,15.86,84124,147414941.0,5.3,1.87,0.3,1.46
2018-09-21,002376,16.39,16.55,16.65,15.86,74771,129891663.0,4.83,1.29,0.21,1.3
2018-09-25,002376,16.45,16.35,16.85,16.18,58095,102611692.0,4.05,-1.21,-0.2,1.01
2018-09-26,002376,16.37,16.34,16.52,16.06,54728,95464889.0,2.81,-0.06,-0.01,0.95
2018-09-27,002376,16.35,16.67,16.85,16.19,57174,101496803.0,4.04,2.02,0.33,0.99
2018-09-28,002376,16.62,16.58,16.9,15.76,116081,200334472.0,6.84,-0.54,-0.09,2.02
2018-10-08,002376,16.19,15.93,16.57,15.77,56829,98073329.0,4.83,-3.92,-0.65,0.99
2018-10-09,002376,15.85,15.27,16.1,15.04,86310,143543176.0,6.65,-4.14,-0.66,1.5
2018-10-10,002376,15.3,15.5,15.5,14.85,45871,75067936.0,4.26,1.51,0.23,0.8
2018-10-11,002376,14.86,14.42,15.14,14.06,74270,117201351.0,6.97,-6.97,-1.08,1.29
2018-10-12,002376,14.21,15.23,15.3,13.68,109903,171379325.0,11.23,5.62,0.81,1.91
2018-10-15,002376,15.07,14.49,15.44,14.25,65972,105415119.0,7.81,-4.86,-0.74,1.15
2018-10-16,002376,14.45,13.76,14.53,13.16,90875,136062180.0,9.45,-5.04,-0.73,1.58
2018-10-17,002376,13.85,14.68,14.69,13.47,93005,142310086.0,8.87,6.69,0.92,1.62
2018-10-18,002376,14.64,14.29,14.64,14.13,55926,87010795.0,3.47,-2.66,-0.39,0.97
2018-10-19,002376,14.07,15.25,15.35,13.96,99074,159473603.0,9.73,6.72,0.96,1.72
2018-10-22,002376,15.58,16.4,16.86,15.58,178737,311865104.0,8.39,7.54,1.15,3.11
2018-10-23,002376,16.4,16.72,16.97,16.23,161556,287732768.0,4.51,1.95,0.32,2.81
2018-10-24,002376,16.51,16.37,16.68,16.22,71235,125336915.0,2.75,-2.09,-0.35,1.24
2018-10-25,002376,15.93,16.65,16.67,15.71,105914,182992324.0,5.86,1.71,0.28,1.84
2018-10-26,002376,16.63,15.75,16.82,15.38,130774,224918815.0,8.65,-5.41,-0.9,2.27
2018-10-29,002376,15.51,14.85,15.83,14.71,143218,234372460.0,7.11,-5.71,-0.9,2.49
2018-10-30,002376,15.0,14.67,15.11,14.08,115699,183637546.0,6.94,-1.21,-0.18,2.01
2018-10-31,002376,14.8,14.75,15.2,14.7,79673,127913943.0,3.41,0.55,0.08,1.39
2018-11-01,002376,14.85,15.49,15.81,14.84,128174,211778011.0,6.58,5.02,0.74,2.23
2018-11-02,002376,15.83,16.2,16.38,15.83,139393,240667172.0,3.55,4.58,0.71,2.42
2018-11-05,002376,16.12,16.15,16.38,15.63,84962,145702397.0,4.63,-0.31,-0.05,1.48
2018-11-06,002376,16.05,16.52,16.91,15.69,129829,227392096.0,7.55,2.29,0.37,2.26
2018-11-07,002376,16.53,16.0,16.9,16.0,97608,171450252.0,5.45,-3.15,-0.52,1.7
2018-11-08,002376,16.18,15.78,16.21,15.68,79612,135165524.0,3.31,-1.38,-0.22,1.38
2018-11-09,002376,15.79,16.19,16.68,15.55,108963,189503407.0,7.16,2.6,0.41,1.89
2018-11-12,002376,16.35,17.7,17.84,16.19,212623,390531776.0,10.19,9.33,1.51,3.7
2018-11-13,002376,17.4,17.85,18.03,17.4,144863,273601664.0,3.56,0.85,0.15,2.52
2018-11-14,002376,17.83,17.6,18.13,17.35,116617,219440600.0,4.37,-1.4,-0.25,2.03
2018-11-15,002376,17.4,17.65,17.74,17.21,125370,233018909.0,3.01,0.28,0.05,2.18
2018-11-16,002376,17.56,17.75,18.05,17.18,119614,224090482.0,4.93,0.57,0.1,2.08
2018-11-19,002376,17.65,17.33,17.67,17.03,70524,129902424.0,3.61,-2.37,-0.42,1.23
2018-11-20,002376,17.18,16.55,17.25,16.48,97087,175102178.0,4.44,-4.5,-0.78,1.69
2018-11-21,002376,16.42,16.2,16.7,15.97,138539,241104877.0,4.41,-2.11,-0.35,2.41
2018-11-22,002376,16.34,16.48,16.63,16.16,85000,149587286.0,2.9,1.73,0.28,1.48
2018-11-23,002376,16.55,15.65,16.55,15.65,106921,182213552.0,5.46,-5.04,-0.83,1.86
2018-11-26,002376,15.48,15.76,15.83,15.48,50960,85629469.0,2.24,0.7,0.11,0.89
2018-11-27,002376,15.95,16.16,16.19,15.75,60477,103672114.0,2.79,2.54,0.4,1.05
2018-11-28,002376,16.04,16.3,16.32,15.67,69205,118903369.0,4.02,0.87,0.14,1.2
2018-11-29,002376,16.61,16.28,16.85,16.24,118354,210080206.0,3.74,-0.12,-0.02,2.06
2018-11-30,002376,16.22,16.86,16.91,15.99,94170,167380235.0,5.65,3.56,0.58,1.64
2018-12-03,002376,17.4,17.14,17.5,16.89,140117,256053260.0,3.62,1.66,0.28,2.44
2018-12-04,002376,16.98,16.94,17.01,16.74,54206,97676340.0,1.58,-1.17,-0.2,0.94
2018-12-05,002376,16.63,17.09,17.24,16.54,67634,122556285.0,4.13,0.89,0.15,1.18
2018-12-06,002376,16.94,16.4,16.97,16.4,71713,127622989.0,3.34,-4.04,-0.69,1.25
2018-12-07,002376,16.34,16.4,16.58,16.09,48326,84378580.0,2.99,0.0,0.0,0.84
2018-12-10,002376,16.25,15.97,16.35,15.86,51905,89215397.0,2.99,-2.62,-0.43,0.9
2018-12-11,002376,16.13,15.91,16.18,15.73,59770,101905275.0,2.82,-0.38,-0.06,1.04
2018-12-12,002376,15.92,15.82,16.07,15.81,46470,79276825.0,1.63,-0.57,-0.09,0.81
2018-12-13,002376,15.9,16.25,16.35,15.67,79114,136223537.0,4.3,2.72,0.43,1.38
2018-12-14,002376,16.15,15.62,16.2,15.6,72670,123326020.0,3.69,-3.88,-0.63,1.26
2018-12-17,002376,15.52,14.35,15.63,14.0,173397,270545040.0,10.44,-8.13,-1.27,3.01
2018-12-18,002376,14.28,14.45,14.77,14.16,85710,134422360.0,4.25,0.7,0.1,1.49
2018-12-19,002376,14.45,14.4,14.57,14.26,41376,64421241.0,2.15,-0.35,-0.05,0.72
2018-12-20,002376,14.38,14.1,14.49,13.8,96597,147307083.0,4.79,-2.08,-0.3,1.68
2018-12-21,002376,14.11,14.06,14.29,13.95,41149,62852545.0,2.41,-0.28,-0.04,0.72
2018-12-24,002376,14.07,14.41,14.6,14.02,65943,102604823.0,4.13,2.49,0.35,1.15
2018-12-25,002376,14.29,14.64,14.77,14.06,61850,96356753.0,4.93,1.6,0.23,1.08
2018-12-26,002376,14.55,14.35,14.93,14.34,51414,81253230.0,4.03,-1.98,-0.29,0.89
2018-12-27,002376,14.7,14.55,14.9,14.53,65949,104757984.0,2.58,1.39,0.2,1.15
2018-12-28,002376,14.51,14.19,14.73,13.98,77807,120157407.0,5.15,-2.47,-0.36,1.35
2019-01-02,002376,14.25,14.23,14.36,13.95,52950,81323574.0,2.89,0.28,0.04,0.92
2019-01-03,002376,13.85,13.61,14.36,13.4,70496,105603586.0,6.75,-4.36,-0.62,1.22
2019-01-04,002376,13.46,14.65,14.77,13.46,93315,143583271.0,9.63,7.64,1.04,1.62
2019-01-07,002376,14.59,14.82,14.98,14.58,71817,114529149.0,2.73,1.16,0.17,1.25
2019-01-08,002376,14.78,14.83,14.97,14.67,38570,61619348.0,2.02,0.07,0.01,0.67
2019-01-09,002376,14.84,14.7,15.14,14.53,53940,86317259.0,4.11,-0.88,-0.13,0.94
2019-01-10,002376,14.7,14.69,15.0,14.63,43055,68669967.0,2.52,-0.07,-0.01,0.75
2019-01-11,002376,14.66,14.44,14.79,14.09,75317,116709138.0,4.77,-1.7,-0.25,1.31
2019-01-14,002376,14.43,14.15,14.52,14.01,90791,138954471.0,3.53,-2.01,-0.29,1.58
2019-01-15,002376,14.18,15.04,15.17,14.15,116331,185401955.0,7.21,6.29,0.89,2.02
2019-01-16,002376,15.03,15.18,15.4,15.03,82957,135870306.0,2.46,0.93,0.14,1.44
2019-01-17,002376,15.3,15.02,15.49,14.93,83580,136823687.0,3.69,-1.05,-0.16,1.45
2019-01-18,002376,15.19,15.25,15.29,14.96,52797,85917410.0,2.2,1.53,0.23,0.92
2019-01-21,002376,15.2,15.24,15.41,14.95,53109,86997167.0,3.02,-0.07,-0.01,0.92
2019-01-22,002376,15.19,15.16,15.38,14.98,30816,50256916.0,2.62,-0.52,-0.08,0.54
2019-01-23,002376,15.11,14.97,15.11,14.9,33384,53801075.0,1.39,-1.25,-0.19,0.58
2019-01-24,002376,14.98,15.26,15.49,14.97,43317,71194796.0,3.47,1.94,0.29,0.75
2019-01-25,002376,15.28,15.23,15.29,15.08,29900,48917553.0,1.38,-0.2,-0.03,0.52
2019-01-28,002376,15.32,14.94,15.33,14.66,97655,156071889.0,4.4,-1.9,-0.29,1.7
2019-01-29,002376,14.84,14.69,14.91,14.53,35553,56274196.0,2.54,-1.67,-0.25,0.62
2019-01-30,002376,14.66,14.35,14.9,14.25,52750,82695175.0,4.42,-2.31,-0.34,0.92
2019-01-31,002376,14.4,14.36,14.5,14.13,50574,78312356.0,2.58,0.07,0.01,0.88
2019-02-01,002376,14.48,14.79,14.86,14.36,44907,71082986.0,3.48,2.99,0.43,0.78
2019-02-11,002376,14.84,15.45,15.63,14.7,82622,135191542.0,6.29,4.46,0.66,1.43
2019-02-12,002376,15.44,15.82,16.01,15.35,73552,124370339.0,4.27,2.39,0.37,1.28
2019-02-13,002376,15.9,16.1,16.7,15.76,111067,192565820.0,5.94,1.77,0.28,1.93
2019-02-14,002376,16.16,16.15,16.39,15.98,56555,98004228.0,2.55,0.31,0.05,0.98
2019-02-15,002376,16.15,16.05,16.38,16.0,54601,94629789.0,2.35,-0.62,-0.1,0.95
2019-02-18,002376,16.17,16.86,17.03,16.11,98361,175687826.0,5.73,5.05,0.81,1.71
2019-02-19,002376,16.95,16.9,17.13,16.62,82599,148526953.0,3.02,0.24,0.04,1.43
2019-02-20,002376,16.78,16.78,16.9,16.47,52045,92803267.0,2.54,-0.71,-0.12,0.9
2019-02-21,002376,16.84,16.56,17.13,16.41,72358,130049102.0,4.29,-1.31,-0.22,1.26
2019-02-22,002376,16.5,17.5,17.5,16.49,84224,153457534.0,6.1,5.68,0.94,1.46
2019-02-25,002376,17.75,18.14,18.22,16.99,229662,430573712.0,7.03,3.66,0.64,3.99
2019-02-26,002376,17.85,17.46,17.93,17.36,150947,283891280.0,3.14,-3.75,-0.68,2.62
2019-02-27,002376,17.23,17.27,17.69,17.03,104749,194048385.0,3.78,-1.09,-0.19,1.82
2019-02-28,002376,17.34,17.53,18.0,17.2,87171,163882739.0,4.63,1.51,0.26,1.51
2019-03-01,002376,17.54,17.15,17.58,16.36,151773,274124192.0,6.96,-2.17,-0.38,2.64
2019-03-04,002376,17.15,16.77,17.4,16.59,272636,494458560.0,4.72,-2.22,-0.38,4.73
2019-03-05,002376,16.75,17.24,17.26,16.54,158892,286683232.0,4.29,2.8,0.47,2.76
2019-03-06,002376,17.31,17.2,17.9,16.85,181783,334372592.0,6.09,-0.23,-0.04,3.16
2019-03-07,002376,17.2,17.25,17.53,16.76,179758,327717920.0,4.48,0.29,0.05,3.12
2019-03-08,002376,16.97,16.55,17.09,16.43,153716,275300464.0,3.83,-4.06,-0.7,2.67
2019-03-11,002376,16.65,17.27,17.27,16.33,217788,391103136.0,5.68,4.35,0.72,3.78
2019-03-12,002376,17.25,18.53,18.61,17.2,324092,619786336.0,8.16,7.3,1.26,5.63
2019-03-13,002376,18.58,17.23,18.66,17.09,221761,424474016.0,8.47,-7.02,-1.3,3.85
2019-03-14,002376,17.1,16.32,17.1,16.06,174310,308379264.0,6.04,-5.28,-0.91,3.03
2019-03-15,002376,16.4,16.33,16.68,16.1,125719,220795657.0,3.55,0.06,0.01,2.18
2019-03-18,002376,16.33,16.75,16.8,16.0,114748,201832021.0,4.9,2.57,0.42,1.99
2019-03-19,002376,16.66,16.31,16.73,16.18,152521,267527712.0,3.28,-2.63,-0.44,2.65
2019-03-20,002376,16.28,16.32,16.49,15.95,120622,209186461.0,3.31,0.06,0.01,2.09
2019-03-21,002376,16.33,16.42,16.53,16.11,116980,204635020.0,2.57,0.61,0.1,2.03
2019-03-22,002376,16.42,16.24,16.48,16.05,88312,153645590.0,2.62,-1.1,-0.18,1.53
2019-03-25,002376,16.09,16.01,16.14,15.94,72462,124576910.0,1.23,-1.42,-0.23,1.26
2019-03-26,002376,16.03,16.02,16.33,15.84,99815,172101443.0,3.06,0.06,0.01,1.73
2019-03-27,002376,16.07,16.19,16.23,15.57,124039,213293163.0,4.12,1.06,0.17,2.15
2019-03-28,002376,16.06,16.36,16.55,15.93,115131,201501608.0,3.83,1.05,0.17,2.0
2019-03-29,002376,16.38,16.5,16.57,16.09,107587,188861019.0,2.93,0.86,0.14,1.87
2019-04-01,002376,16.49,17.04,17.25,16.4,184652,333805984.0,5.15,3.27,0.54,3.21
2019-04-02,002376,16.99,16.95,17.13,16.81,109618,198575326.0,1.88,-0.53,-0.09,1.9
2019-04-03,002376,16.82,16.76,17.09,16.59,106663,191097211.0,2.95,-1.12,-0.19,1.85
2019-04-04,002376,16.69,16.21,16.73,16.12,154687,270180208.0,3.64,-3.28,-0.55,2.67
2019-04-08,002376,16.2,15.94,16.31,15.76,130083,222948318.0,3.39,-1.67,-0.27,2.24
2019-04-09,002376,15.88,16.05,16.07,15.78,112704,192775605.0,1.82,0.69,0.11,1.94
2019-04-10,002376,15.95,15.74,15.96,15.52,136783,230651101.0,2.74,-1.93,-0.31,2.23
2019-04-11,002376,15.75,16.02,16.24,15.55,126311,216743214.0,4.38,1.78,0.28,2.06
2019-04-12,002376,15.98,15.77,16.01,15.65,79676,134990295.0,2.25,-1.56,-0.25,1.3
2019-04-15,002376,15.93,15.96,16.23,15.92,95288,163949353.0,1.97,1.2,0.19,1.55
2019-04-16,002376,16.02,15.97,16.02,15.34,103038,173536782.0,4.26,0.06,0.01,1.68
2019-04-17,002376,16.05,15.77,16.05,15.76,88894,151096465.0,1.82,-1.25,-0.2,1.45
2019-04-18,002376,15.85,15.45,15.85,15.43,94671,158032136.0,2.66,-2.03,-0.32,1.54
2019-04-19,002376,15.48,15.44,15.55,15.26,52821,87405516.0,1.88,-0.06,-0.01,0.86
2019-04-22,002376,15.48,15.27,15.57,15.26,74155,122787570.0,2.01,-1.1,-0.17,1.21
2019-04-23,002376,15.29,14.94,15.36,14.87,93048,150003956.0,3.21,-2.16,-0.33,1.52
2019-04-24,002376,14.91,14.68,15.02,14.31,164568,258853092.0,4.75,-1.74,-0.26,2.68
2019-04-25,002376,14.61,14.16,14.75,14.15,92147,143715309.0,4.09,-3.54,-0.52,1.5
2019-04-26,002376,14.23,14.28,14.46,14.12,71744,111105423.0,2.4,0.85,0.12,1.17
2019-04-29,002376,13.82,13.68,13.93,13.37,149885,221910081.0,3.92,-4.2,-0.6,2.44
2019-04-30,002376,13.68,13.13,13.74,12.9,158031,228602960.0,6.14,-4.02,-0.55,2.57
2019-05-06,002376,12.75,11.7,12.83,11.7,166101,221388045.0,8.61,-10.89,-1.43,2.71
2019-05-07,002376,11.75,11.82,11.91,11.47,127337,163789965.0,3.76,1.03,0.12,2.07
2019-05-08,002376,11.55,11.66,12.04,11.42,102659,133082888.0,5.25,-1.35,-0.16,1.67
2019-05-09,002376,11.65,11.55,11.8,11.55,62497,80051505.0,2.14,-0.94,-0.11,1.02
2019-05-10,002376,11.7,11.98,12.01,11.42,107112,138489565.0,5.11,3.72,0.43,1.74
2019-05-13,002376,11.83,11.75,11.91,11.67,66036,85456028.0,2.0,-1.92,-0.23,1.08
2019-05-14,002376,11.59,11.64,11.89,11.56,54844,70657729.0,2.81,-0.94,-0.11,0.89
2019-05-15,002376,11.74,11.74,11.8,11.64,62322,80182360.0,1.37,0.86,0.1,1.01
2019-05-16,002376,11.73,12.13,12.2,11.69,117465,154616048.0,4.34,3.32,0.39,1.91
2019-05-17,002376,12.13,11.57,12.14,11.52,92291,119489415.0,5.11,-4.62,-0.56,1.5
2019-05-20,002376,11.5,11.64,11.73,11.16,67642,85210908.0,4.93,0.61,0.07,1.1
2019-05-21,002376,11.55,11.78,11.91,11.51,90384,116817024.0,3.44,1.2,0.14,1.47
2019-05-22,002376,11.85,11.7,11.92,11.62,64298,83126795.0,2.55,-0.68,-0.08,1.05
2019-05-23,002376,11.7,11.23,11.73,11.23,70814,89207498.0,4.27,-4.02,-0.47,1.15
2019-05-24,002376,11.21,11.3,11.38,10.99,58687,72452908.0,3.47,0.62,0.07,0.96
2019-05-27,002376,11.32,11.56,11.62,11.2,52655,66536130.0,3.72,2.3,0.26,0.86
2019-05-28,002376,11.56,11.58,11.7,11.51,48102,61403190.0,1.64,0.17,0.02,0.78
2019-05-29,002376,11.65,11.54,11.69,11.53,40672,51029792.0,1.38,-0.35,-0.04,0.66
2019-05-30,002376,11.48,11.3,11.52,11.12,56757,69395976.0,3.47,-2.08,-0.24,0.92
2019-05-31,002376,11.32,11.37,11.49,11.31,48281,59735996.0,1.59,0.62,0.07,0.79
2019-06-03,002376,11.11,10.85,11.37,10.82,101202,120999157.0,4.84,-4.57,-0.52,1.65
2019-06-04,002376,10.91,10.57,10.99,10.5,94849,111053074.0,4.52,-2.58,-0.28,1.54
2019-06-05,002376,10.73,10.85,11.2,10.73,134694,160673567.0,4.45,2.65,0.28,2.19
2019-06-06,002376,10.85,10.53,10.93,10.35,82930,96007740.0,5.35,-2.95,-0.32,1.35
2019-06-10,002376,10.57,10.72,10.79,10.43,57855,67094309.0,3.42,1.8,0.19,0.94
2019-06-11,002376,10.72,11.14,11.17,10.55,107456,128088796.0,5.78,3.92,0.42,1.75
2019-06-12,002376,11.03,11.0,11.2,10.97,63094,75632949.0,2.06,-1.26,-0.14,1.03
2019-06-13,002376,10.97,11.02,11.1,10.83,44295,52983033.0,2.45,0.18,0.02,0.72
2019-06-14,002376,11.05,10.75,11.07,10.7,43151,51031460.0,3.36,-2.45,-0.27,0.7
2019-06-17,002376,10.74,10.79,10.9,10.64,34561,40458969.0,2.42,0.37,0.04,0.56
2019-06-18,002376,10.78,10.84,10.9,10.6,41568,48812043.0,2.78,0.46,0.05,0.68
2019-06-19,002376,11.02,10.9,11.15,10.87,71074,85009982.0,2.58,0.55,0.06,1.16
2019-06-20,002376,10.94,11.02,11.08,10.81,76415,91087217.0,2.48,1.1,0.12,1.24
2019-06-21,002376,11.07,11.35,11.42,11.05,100858,123440238.0,3.36,2.99,0.33,1.64
2019-06-24,002376,11.35,11.4,11.53,11.26,77245,95297970.0,2.38,0.44,0.05,1.26
2019-06-25,002376,11.37,11.15,11.37,11.07,70589,85614634.0,2.63,-2.19,-0.25,1.15
2019-06-26,002376,11.14,11.22,11.45,11.08,48905,59889202.0,3.32,0.63,0.07,0.8
2019-06-27,002376,11.31,11.19,11.42,11.13,55222,67389384.0,2.58,-0.27,-0.03,0.9
2019-06-28,002376,11.16,11.0,11.21,10.98,53685,64521869.0,2.06,-1.7,-0.19,0.87
2019-07-01,002376,11.28,11.37,11.45,11.13,113552,139478030.0,2.91,3.36,0.37,1.77
2019-07-02,002376,11.38,11.43,11.47,11.31,81909,101219254.0,1.41,0.53,0.06,1.28
2019-07-03,002376,11.46,11.24,11.49,11.21,62731,76761366.0,2.45,-1.66,-0.19,0.98
2019-07-04,002376,11.25,11.23,11.32,11.19,37217,45350902.0,1.16,-0.09,-0.01,0.58
2019-07-05,002376,11.23,11.2,11.25,11.13,41417,50265624.0,1.07,-0.27,-0.03,0.65
2019-07-08,002376,11.16,10.82,11.16,10.57,112312,131565843.0,5.27,-3.39,-0.38,1.75
2019-07-09,002376,10.76,10.69,10.77,10.57,52763,61359001.0,1.85,-1.2,-0.13,0.82
2019-07-10,002376,10.69,10.53,10.78,10.5,40841,47191055.0,2.62,-1.5,-0.16,0.64
2019-07-11,002376,10.59,10.5,10.67,10.46,28299,32560128.0,1.99,-0.28,-0.03,0.44
2019-07-12,002376,10.53,10.49,10.65,10.45,46450,53311854.0,1.9,-0.1,-0.01,0.72
2019-07-15,002376,10.48,10.57,10.63,10.24,41185,47038994.0,3.72,0.76,0.08,0.64
2019-07-16,002376,10.97,10.92,11.35,10.87,145263,174561829.0,4.54,3.31,0.35,2.26
2019-07-17,002376,10.75,10.9,10.95,10.67,57755,68190395.0,2.56,-0.18,-0.02,0.9
2019-07-18,002376,10.76,10.97,11.01,10.72,88345,104576187.0,2.66,0.64,0.07,1.38
2019-07-19,002376,10.89,10.91,11.03,10.85,79144,94002726.0,1.64,-0.55,-0.06,1.23
2019-07-22,002376,10.93,10.56,10.96,10.46,60391,70197555.0,4.58,-3.21,-0.35,0.94
2019-07-23,002376,10.59,10.64,10.76,10.55,55754,64644464.0,1.99,0.76,0.08,0.87
2019-07-24,002376,10.68,10.81,10.92,10.64,56921,66944060.0,2.63,1.6,0.17,0.89
2019-07-25,002376,10.83,11.04,11.2,10.78,105211,126350593.0,3.89,2.13,0.23,1.64
2019-07-26,002376,11.0,11.49,11.64,10.97,154707,190291499.0,6.07,4.08,0.45,2.41
2019-07-29,002376,11.34,11.32,11.47,11.26,107176,131637437.0,1.83,-1.48,-0.17,1.67
2019-07-30,002376,11.34,11.35,11.44,11.27,76125,93533679.0,1.5,0.27,0.03,1.19
2019-07-31,002376,11.35,11.17,11.4,11.12,86678,105427456.0,2.47,-1.59,-0.18,1.35
2019-08-01,002376,11.15,11.1,11.4,11.01,85273,103331875.0,3.49,-0.63,-0.07,1.33
2019-08-02,002376,10.91,10.97,11.0,10.69,70381,83295293.0,2.79,-1.17,-0.13,1.1
2019-08-05,002376,10.86,10.85,11.14,10.85,64238,76667636.0,2.64,-1.09,-0.12,1.0
2019-08-06,002376,10.58,10.57,10.68,10.28,123150,141008282.0,3.69,-2.58,-0.28,1.92
2019-08-07,002376,10.63,10.57,10.79,10.47,77741,89906022.0,3.03,0.0,0.0,1.21
2019-08-08,002376,10.62,10.49,10.64,10.45,54830,63020667.0,1.8,-0.76,-0.08,0.85
2019-08-09,002376,10.51,10.28,10.59,10.27,61380,69584151.0,3.05,-2.0,-0.21,0.96
2019-08-12,002376,10.29,10.38,10.38,10.15,53148,59600460.0,2.24,0.97,0.1,0.83
2019-08-13,002376,10.29,10.17,10.29,10.07,49513,55097188.0,2.12,-2.02,-0.21,0.77
2019-08-14,002376,10.29,10.29,10.55,10.25,76409,86816851.0,2.95,1.18,0.12,1.19
2019-08-15,002376,10.05,10.21,10.23,10.0,73938,81906702.0,2.24,-0.78,-0.08,1.15
2019-08-16,002376,10.22,10.48,10.58,10.17,88274,99955073.0,4.02,2.64,0.27,1.38
2019-08-19,002376,10.57,10.9,10.92,10.52,111141,129746988.0,3.82,4.01,0.42,1.73
2019-08-20,002376,10.88,11.07,11.2,10.86,123395,147512909.0,3.12,1.56,0.17,1.92
2019-08-21,002376,10.96,11.22,11.23,10.94,97691,118100026.0,2.62,1.36,0.15,1.52
2019-08-22,002376,11.27,11.24,11.33,11.14,86278,105081183.0,1.69,0.18,0.02,1.35
2019-08-23,002376,11.0,11.19,11.51,10.95,161573,197677127.0,4.98,-0.44,-0.05,2.52
2019-08-26,002376,10.96,11.23,11.39,10.93,98084,119072949.0,4.11,0.36,0.04,1.53
2019-08-27,002376,11.24,11.23,11.41,11.17,90472,110688576.0,2.14,0.0,0.0,1.41
2019-08-28,002376,11.23,11.23,11.35,11.16,69793,85085758.0,1.69,0.0,0.0,1.09
2019-08-29,002376,11.26,11.08,11.3,11.05,71767,86662599.0,2.23,-1.34,-0.15,1.12
2019-08-30,002376,11.14,10.99,11.24,10.95,88882,107020642.0,2.62,-0.81,-0.09,1.39
2019-09-02,002376,10.95,11.2,11.25,10.95,93777,112884678.0,2.73,1.91,0.21,1.46
2019-09-03,002376,11.19,11.32,11.35,11.12,72685,88820195.0,2.05,1.07,0.12,1.13
2019-09-04,002376,11.33,11.99,11.99,11.15,201473,253340289.0,7.42,5.92,0.67,3.14
2019-09-05,002376,11.95,11.91,12.25,11.86,165924,215680592.0,3.25,-0.67,-0.08,2.59
2019-09-06,002376,12.02,12.14,12.14,11.86,118281,153642122.0,2.35,1.93,0.23,1.84
2019-09-09,002376,12.21,12.36,12.52,11.98,129663,170817746.0,4.45,1.81,0.22,2.02
2019-09-10,002376,12.36,12.14,12.38,12.08,85534,112244111.0,2.43,-1.78,-0.22,1.33
2019-09-11,002376,12.23,12.1,12.28,12.08,60799,79644427.0,1.65,-0.33,-0.04,0.95
2019-09-12,002376,12.15,12.64,12.8,12.15,165358,222362705.0,5.37,4.46,0.54,2.58
2019-09-16,002376,12.77,12.92,13.31,12.66,176264,245632974.0,5.14,2.22,0.28,2.75
2019-09-17,002376,12.91,12.6,12.91,12.5,109259,148579941.0,3.17,-2.48,-0.32,1.7
2019-09-18,002376,12.6,12.46,12.71,12.38,71369,96022498.0,2.62,-1.11,-0.14,1.11
2019-09-19,002376,12.5,12.9,12.91,12.37,85643,116556313.0,4.33,3.53,0.44,1.34
2019-09-20,002376,13.01,12.64,13.01,12.56,80489,110175426.0,3.49,-2.02,-0.26,1.25
2019-09-23,002376,12.52,12.34,12.52,12.1,100227,132388133.0,3.32,-2.37,-0.3,1.56
2019-09-24,002376,12.33,12.31,12.49,12.18,92392,122759761.0,2.51,-0.24,-0.03,1.44
2019-09-25,002376,12.24,12.08,12.27,12.04,83206,108747604.0,1.87,-1.87,-0.23,1.3
2019-09-26,002376,12.23,11.65,12.25,11.55,86635,110941549.0,5.79,-3.56,-0.43,1.35
2019-09-27,002376,11.58,11.82,12.01,11.58,56815,72598909.0,3.69,1.46,0.17,0.89
2019-09-30,002376,11.76,11.55,11.9,11.51,54437,68459531.0,3.3,-2.28,-0.27,0.85
2019-10-08,002376,11.55,11.48,11.72,11.4,49512,61861013.0,2.77,-0.61,-0.07,0.77
2019-10-09,002376,11.43,11.6,11.61,11.31,60338,75040714.0,2.61,1.05,0.12,0.94
2019-10-10,002376,11.59,11.73,11.77,11.52,47306,59722679.0,2.16,1.12,0.13,0.74
2019-10-11,002376,11.74,11.66,11.88,11.42,69586,87650378.0,3.92,-0.6,-0.07,1.08
2019-10-14,002376,11.75,12.02,12.13,11.73,90787,117511807.0,3.43,3.09,0.36,1.42
2019-10-15,002376,11.96,11.73,12.13,11.68,95710,122336809.0,3.74,-2.41,-0.29,1.49
2019-10-16,002376,11.72,11.56,11.89,11.5,84858,106827467.0,3.32,-1.45,-0.17,1.32
2019-10-17,002376,11.62,11.85,11.93,11.56,72189,92196093.0,3.2,2.51,0.29,1.13
2019-10-18,002376,11.87,11.64,11.89,11.62,50620,64114624.0,2.28,-1.77,-0.21,0.79
2019-10-21,002376,11.59,11.57,11.64,11.37,35612,44375926.0,2.32,-0.6,-0.07,0.56
2019-10-22,002376,11.59,11.79,11.82,11.59,40716,51710933.0,1.99,1.9,0.22,0.63
2019-10-23,002376,11.79,11.75,12.02,11.73,42520,54625215.0,2.46,-0.34,-0.04,0.66
2019-10-24,002376,11.7,12.21,12.28,11.55,82758,106489083.0,6.21,3.91,0.46,1.29
2019-10-25,002376,12.05,12.03,12.21,11.83,91274,118047193.0,3.11,-1.47,-0.18,1.42
2019-10-28,002376,12.05,12.54,12.62,11.9,140293,186819793.0,5.99,4.24,0.51,2.19
2019-10-29,002376,12.27,11.77,12.3,11.75,160529,208691073.0,4.39,-6.14,-0.77,2.5
2019-10-30,002376,11.59,11.14,11.6,11.07,149228,182783842.0,4.5,-5.35,-0.63,2.33
2019-10-31,002376,11.17,11.1,11.29,11.04,55425,66959137.0,2.24,-0.36,-0.04,0.86
2019-11-01,002376,11.09,11.1,11.22,11.05,42193,51049464.0,1.53,0.0,0.0,0.66
2019-11-04,002376,11.16,11.13,11.23,11.12,31436,38085089.0,0.99,0.27,0.03,0.49
2019-11-05,002376,11.15,11.12,11.2,11.1,40962,49518753.0,0.9,-0.09,-0.01,0.64
2019-11-06,002376,11.1,11.21,11.37,11.1,45681,55640501.0,2.43,0.81,0.09,0.71
2019-11-07,002376,11.25,11.3,11.34,11.15,27827,34002527.0,1.69,0.8,0.09,0.43
2019-11-08,002376,11.35,11.38,11.53,11.32,40306,49876558.0,1.86,0.71,0.08,0.63
2019-11-11,002376,11.3,11.0,11.3,10.99,35826,43300618.0,2.72,-3.34,-0.38,0.56
2019-11-12,002376,11.02,11.08,11.11,10.71,48599,57529240.0,3.64,0.73,0.08,0.76
2019-11-13,002376,11.03,10.83,11.04,10.79,28862,34159430.0,2.26,-2.26,-0.25,0.45
2019-11-14,002376,10.85,10.82,10.89,10.78,36383,42877871.0,1.02,-0.09,-0.01,0.57
2019-11-15,002376,10.8,10.75,10.87,10.67,43283,50614138.0,1.85,-0.65,-0.07,0.67
2019-11-18,002376,10.67,10.82,10.87,10.67,19207,22573082.0,1.86,0.65,0.07,0.3
2019-11-19,002376,10.82,10.97,10.99,10.79,46307,55054339.0,1.85,1.39,0.15,0.72
2019-11-20,002376,10.96,10.75,10.96,10.75,30502,35993773.0,1.91,-2.01,-0.22,0.48
2019-11-21,002376,10.73,10.6,10.74,10.55,52650,60883703.0,1.77,-1.4,-0.15,0.82
2019-11-22,002376,10.63,10.46,10.71,10.43,42696,49091204.0,2.64,-1.32,-0.14,0.67
2019-11-25,002376,10.49,10.43,10.49,10.37,27272,31020809.0,1.15,-0.29,-0.03,0.43
2019-11-26,002376,10.45,10.43,10.49,10.38,18545,21090686.0,1.05,0.0,0.0,0.29
2019-11-27,002376,10.43,10.53,10.64,10.35,30750,35363617.0,2.78,0.96,0.1,0.48
2019-11-28,002376,10.59,10.57,10.61,10.51,20999,24195901.0,0.95,0.38,0.04,0.33
2019-11-29,002376,10.57,10.71,10.79,10.55,34746,40394913.0,2.27,1.32,0.14,0.54
2019-12-02,002376,10.71,10.74,10.82,10.71,20781,24338770.0,1.03,0.28,0.03,0.32
2019-12-03,002376,10.73,10.8,10.81,10.65,16812,19672442.0,1.49,0.56,0.06,0.26
2019-12-04,002376,10.77,10.75,10.82,10.65,20524,23977500.0,1.57,-0.46,-0.05,0.32
2019-12-05,002376,10.75,10.86,10.89,10.71,42035,49438604.0,1.67,1.02,0.11,0.66
2019-12-06,002376,10.88,10.9,10.92,10.81,25347,29974208.0,1.01,0.37,0.04,0.4
2019-12-09,002376,10.93,11.0,11.01,10.83,33059,39334836.0,1.65,0.92,0.1,0.52
2019-12-10,002376,11.14,11.29,11.4,11.02,70774,86268526.0,3.45,2.64,0.29,1.1
2019-12-11,002376,11.22,11.44,11.56,11.18,78222,96627422.0,3.37,1.33,0.15,1.22
2019-12-12,002376,11.28,11.23,11.32,11.19,53881,65748382.0,1.14,-1.84,-0.21,0.84
2019-12-13,002376,11.29,11.23,11.35,11.06,56368,68339821.0,2.58,0.0,0.0,0.88
2019-12-16,002376,11.27,11.45,11.45,11.23,65192,80095034.0,1.96,1.96,0.22,1.02
2019-12-17,002376,11.47,11.58,11.7,11.45,72188,90664276.0,2.18,1.14,0.13,1.13
2019-12-18,002376,11.58,11.48,11.67,11.45,58026,72610093.0,1.9,-0.86,-0.1,0.9
2019-12-19,002376,11.47,11.53,11.57,11.44,34482,42942727.0,1.13,0.44,0.05,0.54
2019-12-20,002376,11.54,11.26,11.57,11.26,51302,63317150.0,2.69,-2.34,-0.27,0.8
2019-12-23,002376,11.26,10.96,11.27,10.93,60370,72716433.0,3.02,-2.66,-0.3,0.94
2019-12-24,002376,10.97,11.03,11.08,10.92,37133,44346232.0,1.46,0.64,0.07,0.58
2019-12-25,002376,11.04,11.05,11.13,10.94,42803,51285871.0,1.72,0.18,0.02,0.67
2019-12-26,002376,11.13,11.2,11.22,11.07,39209,47491372.0,1.36,1.36,0.15,0.61
2019-12-27,002376,11.18,11.08,11.38,11.07,55935,68015834.0,2.77,-1.07,-0.12,0.87
2019-12-30,002376,11.09,11.04,11.1,10.88,77521,92334295.0,1.99,-0.36,-0.04,1.21
2019-12-31,002376,11.05,11.15,11.27,11.04,48906,59171952.0,2.08,1.0,0.11,0.76
2020-01-02,002376,11.22,11.42,11.43,11.21,101165,124450723.0,1.97,2.42,0.27,1.58
2020-01-03,002376,11.45,11.45,11.52,11.34,59682,73905518.0,1.58,0.26,0.03,0.93
2020-01-06,002376,11.38,11.67,11.74,11.33,111164,139616470.0,3.58,1.92,0.22,1.73
2020-01-07,002376,11.66,11.69,11.74,11.55,79984,100825139.0,1.63,0.17,0.02,1.25
2020-01-08,002376,11.56,11.62,11.86,11.55,102157,129415575.0,2.65,-0.6,-0.07,1.59
2020-01-09,002376,11.72,11.74,11.89,11.63,95432,121064355.0,2.24,1.03,0.12,1.49
2020-01-10,002376,11.76,11.62,11.84,11.46,83047,104402361.0,3.24,-1.02,-0.12,1.3
2020-01-13,002376,11.66,11.7,11.73,11.52,72573,91267109.0,1.81,0.69,0.08,1.13
2020-01-14,002376,11.72,11.57,11.8,11.55,79811,100426470.0,2.14,-1.11,-0.13,1.24
2020-01-15,002376,11.57,11.65,11.77,11.47,80730,101405014.0,2.59,0.69,0.08,1.26
2020-01-16,002376,11.65,11.52,11.73,11.49,65326,81898088.0,2.06,-1.12,-0.13,1.02
2020-01-17,002376,11.57,11.37,11.6,11.37,69071,85800621.0,2.0,-1.3,-0.15,1.08
2020-01-20,002376,11.39,11.56,11.56,11.25,85168,105168272.0,2.73,1.67,0.19,1.33
2020-01-21,002376,11.49,11.4,11.73,11.37,77066,96163268.0,3.11,-1.38,-0.16,1.2
2020-01-22,002376,11.39,11.39,11.48,11.05,73273,89582758.0,3.77,-0.09,-0.01,1.14
2020-01-23,002376,11.28,10.79,11.3,10.63,107229,127703769.0,5.88,-5.27,-0.6,1.67
2020-02-03,002376,9.62,9.62,9.69,9.62,103213,109110270.0,0.65,-10.84,-1.17,1.61
2020-02-04,002376,9.43,9.54,9.69,9.33,118330,123725276.0,3.74,-0.83,-0.08,1.85
2020-02-05,002376,9.58,9.68,9.83,9.45,133396,141911107.0,3.98,1.47,0.14,2.08
2020-02-06,002376,9.68,9.91,10.04,9.59,155773,167674349.0,4.65,2.38,0.23,2.43
2020-02-07,002376,10.01,11.0,11.0,9.98,250921,291395088.0,10.29,11.0,1.09,3.91
2020-02-10,002376,12.2,11.69,12.2,11.46,647602,839077056.0,6.73,6.27,0.69,10.1
2020-02-11,002376,12.15,11.41,12.16,11.2,482732,610607952.0,8.21,-2.4,-0.28,7.53
2020-02-12,002376,11.31,12.09,12.17,11.16,392083,492318688.0,8.85,5.96,0.68,6.11
2020-02-13,002376,11.93,11.6,12.0,11.53,256068,323958224.0,3.89,-4.05,-0.49,3.99
2020-02-14,002376,11.62,11.44,11.73,11.31,195781,243444777.0,3.62,-1.38,-0.16,3.05
2020-02-17,002376,11.56,12.04,12.11,11.49,292984,375453792.0,5.42,5.24,0.6,4.57
2020-02-18,002376,12.09,12.13,12.51,11.91,259625,340146752.0,4.98,0.75,0.09,4.05
2020-02-19,002376,12.03,11.85,12.2,11.79,153266,198243125.0,3.38,-2.31,-0.28,2.39
2020-02-20,002376,11.86,12.13,12.14,11.6,217652,279800464.0,4.56,2.36,0.28,3.39
2020-02-21,002376,12.05,12.54,12.6,11.98,312757,418024544.0,5.11,3.38,0.41,4.88
2020-02-24,002376,12.43,12.69,12.92,12.38,279751,382385088.0,4.31,1.2,0.15,4.36
2020-02-25,002376,12.29,12.28,12.5,11.79,274987,360830784.0,5.59,-3.23,-0.41,4.29
2020-02-26,002376,12.05,11.65,12.21,11.63,206235,265198916.0,4.72,-5.13,-0.63,3.22
2020-02-27,002376,11.69,11.73,12.02,11.46,189394,240688153.0,4.81,0.69,0.08,2.95
2020-02-28,002376,11.43,10.96,11.51,10.91,192816,235257479.0,5.12,-6.56,-0.77,3.01
2020-03-02,002376,11.05,11.24,11.35,10.93,146011,177015819.0,3.83,2.55,0.28,2.28
2020-03-03,002376,11.38,11.33,11.71,11.2,156909,194652104.0,4.54,0.8,0.09,2.45
2020-03-04,002376,11.37,11.29,11.55,11.09,132555,162668113.0,4.06,-0.35,-0.04,2.07
2020-03-05,002376,11.45,11.44,11.5,11.24,162931,200812177.0,2.3,1.33,0.15,2.54
2020-03-06,002376,11.37,11.43,11.61,11.26,126598,156677432.0,3.06,-0.09,-0.01,1.97
2020-03-09,002376,11.16,11.08,11.43,11.07,117589,142941231.0,3.15,-3.06,-0.35,1.83
2020-03-10,002376,10.98,11.25,11.29,10.87,113521,136644977.0,3.79,1.53,0.17,1.77
2020-03-11,002376,11.27,11.05,11.41,11.05,107532,131009063.0,3.2,-1.78,-0.2,1.68
2020-03-12,002376,10.87,10.66,10.93,10.55,105155,122993070.0,3.44,-3.53,-0.39,1.64
2020-03-13,002376,10.05,10.5,10.66,9.94,99595,111884193.0,6.75,-1.5,-0.16,1.55
2020-03-16,002376,10.65,10.05,10.75,10.02,87448,99073932.0,6.95,-4.29,-0.45,1.36
2020-03-17,002376,10.25,10.2,10.26,9.94,63384,70112058.0,3.18,1.49,0.15,0.99
2020-03-18,002376,10.25,10.1,10.47,10.07,61612,69108757.0,3.92,-0.98,-0.1,0.96
2020-03-19,002376,10.09,10.32,10.35,10.0,70154,77940864.0,3.47,2.18,0.22,1.09
2020-03-20,002376,10.4,10.36,10.45,10.14,56366,63384305.0,3.0,0.39,0.04,0.88
2020-03-23,002376,10.13,9.96,10.17,9.95,60755,66820842.0,2.12,-3.86,-0.4,0.95
2020-03-24,002376,10.13,10.13,10.22,9.92,60081,66290167.0,3.01,1.71,0.17,0.94
2020-03-25,002376,10.33,10.29,10.36,10.19,58283,65487797.0,1.68,1.58,0.16,0.91
2020-03-26,002376,10.16,10.31,10.38,10.13,79445,89018833.0,2.43,0.19,0.02,1.24
2020-03-27,002376,10.38,10.27,10.43,10.26,46983,53095992.0,1.65,-0.39,-0.04,0.73
2020-03-30,002376,10.09,10.02,10.13,9.82,57155,62326346.0,3.02,-2.43,-0.25,0.89
2020-03-31,002376,10.08,9.92,10.12,9.91,39771,43521237.0,2.1,-1.0,-0.1,0.62
2020-04-01,002376,9.92,9.69,9.95,9.68,59907,64584396.0,2.72,-2.32,-0.23,0.93
2020-04-02,002376,9.64,9.87,9.88,9.62,57686,61673791.0,2.68,1.86,0.18,0.9
2020-04-03,002376,9.85,9.79,9.89,9.75,35008,37712400.0,1.42,-0.81,-0.08,0.55
2020-04-07,002376,9.95,10.04,10.09,9.93,51772,56695390.0,1.63,2.55,0.25,0.81
2020-04-08,002376,10.02,10.05,10.1,9.96,42513,46732912.0,1.39,0.1,0.01,0.66
2020-04-09,002376,10.13,10.08,10.15,10.06,40503,44744928.0,0.9,0.3,0.03,0.63
2020-04-10,002376,10.08,9.67,10.1,9.6,85859,92185515.0,4.96,-4.07,-0.41,1.34
2020-04-13,002376,9.53,9.28,9.53,9.24,82155,84589932.0,3.0,-4.03,-0.39,1.28
2020-04-14,002376,9.35,9.43,9.49,9.29,79987,82885289.0,2.16,1.62,0.15,1.25
2020-04-15,002376,9.42,9.4,9.49,9.36,41905,43419838.0,1.38,-0.32,-0.03,0.65
2020-04-16,002376,9.35,9.37,9.39,9.24,56916,58376960.0,1.6,-0.32,-0.03,0.89
2020-04-17,002376,9.41,9.4,9.59,9.38,94240,98375915.0,2.24,0.32,0.03,1.47
2020-04-20,002376,9.49,9.65,9.65,9.43,75684,79544717.0,2.34,2.66,0.25,1.18
2020-04-21,002376,9.58,9.49,9.58,9.4,43899,45825402.0,1.87,-1.66,-0.16,0.68
2020-04-22,002376,9.5,9.51,9.51,9.4,41198,42900638.0,1.16,0.21,0.02,0.64
2020-04-23,002376,9.6,9.22,9.6,9.22,130658,134092411.0,4.0,-3.05,-0.29,2.04
2020-04-24,002376,9.21,9.06,9.27,9.01,81231,81731955.0,2.82,-1.74,-0.16,1.27
2020-04-27,002376,9.1,9.02,9.19,8.97,45159,45302559.0,2.43,-0.44,-0.04,0.7
2020-04-28,002376,8.95,8.76,9.01,8.51,81731,79282511.0,5.54,-2.88,-0.26,1.27
2020-04-29,002376,8.78,8.74,8.83,8.69,33571,32589170.0,1.6,-0.23,-0.02,0.52
2020-04-30,002376,8.79,9.03,9.03,8.79,63164,62612305.0,2.75,3.32,0.29,0.98
2020-05-06,002376,8.94,9.17,9.2,8.92,84372,84708778.0,3.1,1.55,0.14,1.32
2020-05-07,002376,9.17,9.08,9.22,9.07,47191,47615775.0,1.64,-0.98,-0.09,0.74
2020-05-08,002376,9.1,9.2,9.27,9.1,48804,49549382.0,1.87,1.32,0.12,0.76
2020-05-11,002376,9.15,9.02,9.2,8.97,73868,74137643.0,2.5,-1.96,-0.18,1.15
2020-05-12,002376,9.03,8.96,9.04,8.83,46049,45470413.0,2.33,-0.67,-0.06,0.72
2020-05-13,002376,8.9,9.13,9.25,8.9,65227,65709040.0,3.91,1.9,0.17,1.02
2020-05-14,002376,9.06,9.0,9.12,8.97,41543,41480590.0,1.64,-1.42,-0.13,0.65
2020-05-15,002376,9.02,8.99,9.09,8.98,33968,33918476.0,1.22,-0.11,-0.01,0.53
2020-05-18,002376,8.98,8.88,9.04,8.85,39306,38831653.0,2.11,-1.22,-0.11,0.61
2020-05-19,002376,8.97,9.13,9.19,8.89,57124,57053825.0,3.38,2.82,0.25,0.89
2020-05-20,002376,9.1,9.12,9.29,8.95,58943,59511017.0,3.72,-0.11,-0.01,0.92
2020-05-21,002376,9.19,9.13,9.25,9.09,44190,44688436.0,1.75,0.11,0.01,0.69
2020-05-22,002376,9.1,9.0,9.18,8.94,34681,34745413.0,2.63,-1.42,-0.13,0.54
2020-05-25,002376,9.01,9.5,9.55,9.01,123430,127086738.0,6.0,5.56,0.5,1.92
2020-05-26,002376,9.41,9.47,9.55,9.31,77258,80164057.0,2.53,-0.32,-0.03,1.2
2020-05-27,002376,9.56,9.38,9.56,9.33,51840,52607299.0,2.43,-0.95,-0.09,0.81
2020-05-28,002376,9.38,9.37,9.53,9.25,48775,49363755.0,2.99,-0.11,-0.01,0.76
2020-05-29,002376,9.32,9.29,9.42,9.24,60309,60701087.0,1.92,-0.85,-0.08,0.94
2020-06-01,002376,9.35,9.58,9.63,9.34,75427,77413975.0,3.12,3.12,0.29,1.18
2020-06-02,002376,9.6,9.64,9.68,9.52,56741,58834703.0,1.67,0.63,0.06,0.88
2020-06-03,002376,9.62,9.47,9.72,9.45,72621,74886400.0,2.8,-1.76,-0.17,1.13
2020-06-04,002376,9.52,9.43,9.55,9.29,58074,58946663.0,2.75,-0.42,-0.04,0.91
2020-06-05,002376,9.5,9.38,9.56,9.28,69088,70038531.0,2.97,-0.53,-0.05,1.08
2020-06-08,002376,9.41,9.4,9.55,9.38,46051,46977000.0,1.81,0.21,0.02,0.72
2020-06-09,002376,9.42,9.64,9.7,9.36,100581,103475604.0,3.62,2.55,0.24,1.57
2020-06-10,002376,9.69,9.58,9.69,9.52,56068,57910688.0,1.76,-0.62,-0.06,0.87
2020-06-11,002376,9.6,9.6,9.77,9.52,76955,79989426.0,2.61,0.21,0.02,1.2
2020-06-12,002376,9.41,9.41,9.5,9.34,79938,81346873.0,1.67,-1.98,-0.19,1.25
2020-06-15,002376,9.38,9.4,9.52,9.33,51185,52214295.0,2.02,-0.11,-0.01,0.8
2020-06-16,002376,9.49,9.65,9.67,9.42,81395,83819855.0,2.66,2.66,0.25,1.27
2020-06-17,002376,9.74,9.72,9.82,9.62,88111,92151226.0,2.07,0.73,0.07,1.37
2020-06-18,002376,9.74,9.7,9.78,9.62,61132,63853774.0,1.65,-0.21,-0.02,0.95
2020-06-19,002376,9.69,9.75,9.75,9.65,53132,55562131.0,1.03,0.52,0.05,0.83
2020-06-22,002376,9.72,9.76,9.82,9.72,68730,72334467.0,1.03,0.1,0.01,1.07
2020-06-23,002376,9.84,9.59,9.91,9.58,78926,82361787.0,3.38,-1.74,-0.17,1.23
2020-06-24,002376,9.6,9.56,9.68,9.55,49412,51118319.0,1.36,-0.31,-0.03,0.77
2020-06-29,002376,9.53,9.36,9.53,9.33,62166,63106499.0,2.09,-2.09,-0.2,0.97
2020-06-30,002376,9.41,9.44,9.48,9.41,45592,46468613.0,0.75,0.85,0.08,0.71
2020-07-01,002376,9.44,9.49,9.55,9.37,48870,49819273.0,1.91,0.53,0.05,0.76
2020-07-02,002376,9.48,9.65,9.67,9.36,80783,83252844.0,3.27,1.69,0.16,1.26
2020-07-03,002376,9.74,9.8,9.99,9.7,118023,124825110.0,3.01,1.55,0.15,1.84
2020-07-06,002376,9.98,10.23,10.33,9.97,163792,179028309.0,3.67,4.39,0.43,2.55
2020-07-07,002376,10.32,10.14,10.48,10.09,174862,192325270.0,3.81,-0.88,-0.09,2.73
2020-07-08,002376,10.17,10.5,10.52,10.16,148981,165571671.0,3.55,3.55,0.36,2.32
2020-07-09,002376,10.5,10.6,10.67,10.37,145317,164004283.0,2.86,0.95,0.1,2.27
2020-07-10,002376,10.57,10.39,10.66,10.36,128549,144254793.0,2.83,-1.98,-0.21,2.0
2020-07-13,002376,10.37,10.79,10.89,10.32,157501,179532123.0,5.49,3.85,0.4,2.46
2020-07-14,002376,10.8,10.72,11.06,10.55,138707,159837587.0,4.73,-0.65,-0.07,2.16
2020-07-15,002376,10.77,10.25,10.78,10.23,150841,168712732.0,5.13,-4.38,-0.47,2.35
2020-07-16,002376,10.3,9.93,10.41,9.9,125027,136448847.0,4.98,-3.12,-0.32,1.95
2020-07-17,002376,9.98,9.92,10.07,9.81,68275,72982303.0,2.62,-0.1,-0.01,1.06
2020-07-20,002376,9.94,10.19,10.19,9.92,71618,77392756.0,2.72,2.72,0.27,1.12
2020-07-21,002376,10.17,10.21,10.35,10.15,69853,76827103.0,1.96,0.2,0.02,1.09
2020-07-22,002376,10.19,10.2,10.33,10.06,88482,97199181.0,2.64,-0.1,-0.01,1.38
2020-07-23,002376,10.13,9.93,10.17,9.84,114850,123012091.0,3.24,-2.65,-0.27,1.79
2020-07-24,002376,9.91,9.45,9.99,9.45,141357,148166849.0,5.44,-4.83,-0.48,2.2
2020-07-27,002376,9.51,9.32,9.55,9.2,75581,76048766.0,3.7,-1.38,-0.13,1.18
2020-07-28,002376,9.37,9.42,9.44,9.31,39844,40348068.0,1.39,1.07,0.1,0.62
2020-07-29,002376,9.37,9.62,9.63,9.31,56857,58304233.0,3.4,2.12,0.2,0.89
2020-07-30,002376,9.61,9.51,9.69,9.46,69837,71854296.0,2.39,-1.14,-0.11,1.09
2020-07-31,002376,9.5,9.67,9.7,9.46,67341,69785184.0,2.52,1.68,0.16,1.05
2020-08-03,002376,9.72,9.98,10.01,9.72,90224,96185724.0,3.0,3.21,0.31,1.41
2020-08-04,002376,10.02,10.06,10.31,10.02,105064,114414425.0,2.91,0.8,0.08,1.64
2020-08-05,002376,10.1,10.22,10.3,10.05,78932,86304917.0,2.49,1.59,0.16,1.23
2020-08-06,002376,10.22,10.23,10.28,10.02,69002,75355603.0,2.54,0.1,0.01,1.08
2020-08-07,002376,10.18,10.01,10.2,9.85,67439,72554454.0,3.42,-2.15,-0.22,1.05
2020-08-10,002376,9.99,10.21,10.38,9.97,100855,110769665.0,4.1,2.0,0.2,1.57
2020-08-11,002376,10.22,10.0,10.27,9.99,79378,86462652.0,2.74,-2.06,-0.21,1.24
2020-08-12,002376,9.99,10.01,10.1,9.89,77437,83181840.0,2.1,0.1,0.01,1.21
2020-08-13,002376,10.05,10.1,10.15,10.0,55929,60564231.0,1.5,0.9,0.09,0.87
2020-08-14,002376,10.08,10.18,10.2,9.98,56662,61474012.0,2.18,0.79,0.08,0.88
2020-08-17,002376,10.21,10.23,10.37,10.18,81907,90268296.0,1.87,0.49,0.05,1.28
2020-08-18,002376,10.22,10.21,10.28,10.17,57353,62974432.0,1.08,-0.2,-0.02,0.89
2020-08-19,002376,10.22,9.98,10.22,9.94,63748,68983568.0,2.74,-2.25,-0.23,0.99
2020-08-20,002376,9.98,9.94,10.06,9.88,37662,40350664.0,1.8,-0.4,-0.04,0.59
2020-08-21,002376,9.98,9.96,10.1,9.92,39436,42449366.0,1.81,0.2,0.02,0.61
2020-08-24,002376,10.01,10.24,10.25,9.87,76371,82979361.0,3.82,2.81,0.28,1.19
2020-08-25,002376,10.26,10.22,10.49,10.19,94813,104960450.0,2.93,-0.2,-0.02,1.48
2020-08-26,002376,10.21,9.99,10.32,9.97,78353,84971499.0,3.42,-2.25,-0.23,1.22
2020-08-27,002376,10.04,10.05,10.1,9.89,51947,55819954.0,2.1,0.6,0.06,0.81
2020-08-28,002376,9.93,9.96,10.04,9.8,89673,95455159.0,2.39,-0.9,-0.09,1.4
2020-08-31,002376,10.01,10.04,10.3,9.98,92971,101343838.0,3.21,0.8,0.08,1.45
2020-09-01,002376,10.03,10.07,10.13,9.97,49775,53759172.0,1.59,0.3,0.03,0.78
2020-09-02,002376,10.07,10.1,10.14,10.01,56517,61138088.0,1.29,0.3,0.03,0.88
2020-09-03,002376,10.1,10.14,10.14,10.0,57168,61893162.0,1.39,0.4,0.04,0.89
2020-09-04,002376,9.99,9.99,10.06,9.94,67883,72888971.0,1.18,-1.48,-0.15,1.06
2020-09-07,002376,9.99,9.77,10.06,9.75,78576,83846731.0,3.1,-2.2,-0.22,1.22
2020-09-08,002376,9.82,9.85,9.89,9.71,47544,50198167.0,1.84,0.82,0.08,0.74
2020-09-09,002376,9.77,9.65,9.93,9.56,59029,62098122.0,3.76,-2.03,-0.2,0.92
2020-09-10,002376,9.8,9.29,9.8,9.18,87686,89682339.0,6.42,-3.73,-0.36,1.37
2020-09-11,002376,9.28,9.31,9.33,9.16,45168,45224424.0,1.83,0.22,0.02,0.7
2020-09-14,002376,9.33,9.32,9.43,9.23,41227,41474870.0,2.15,0.11,0.01,0.64
2020-09-15,002376,9.31,9.23,9.32,9.2,40888,40845786.0,1.29,-0.97,-0.09,0.64
2020-09-16,002376,9.25,9.19,9.29,9.14,33891,33746811.0,1.63,-0.43,-0.04,0.53
2020-09-17,002376,9.19,9.32,9.38,9.12,36783,36750447.0,2.83,1.41,0.13,0.57
2020-09-18,002376,9.35,9.38,9.4,9.27,27250,27485641.0,1.39,0.64,0.06,0.42
2020-09-21,002376,9.39,9.32,9.46,9.3,28066,28390572.0,1.71,-0.64,-0.06,0.44
2020-09-22,002376,9.26,9.24,9.32,9.19,22458,22455208.0,1.39,-0.86,-0.08,0.35
2020-09-23,002376,9.24,9.23,9.29,9.2,20297,20276187.0,0.97,-0.11,-0.01,0.32
2020-09-24,002376,9.19,9.11,9.21,9.1,29219,28913373.0,1.19,-1.3,-0.12,0.46
2020-09-25,002376,9.16,9.19,9.22,9.12,21659,21486176.0,1.1,0.88,0.08,0.34
2020-09-28,002376,9.22,9.15,9.26,9.15,21425,21316885.0,1.2,-0.44,-0.04,0.33
2020-09-29,002376,9.19,9.26,9.34,9.16,21304,21335867.0,1.97,1.2,0.11,0.33
2020-09-30,002376,9.27,9.23,9.3,9.12,25535,25459125.0,1.94,-0.32,-0.03,0.4
2020-10-09,002376,9.31,9.32,9.4,9.27,27242,27460872.0,1.41,0.98,0.09,0.42
2020-10-12,002376,9.41,9.68,9.7,9.41,65407,67447849.0,3.11,3.86,0.36,1.02
2020-10-13,002376,9.61,9.63,9.64,9.51,31717,32765651.0,1.34,-0.52,-0.05,0.49
2020-10-14,002376,9.63,9.58,9.63,9.51,16206,16691693.0,1.25,-0.52,-0.05,0.25
2020-10-15,002376,9.53,9.48,9.59,9.46,24495,25126785.0,1.36,-1.04,-0.1,0.38
2020-10-16,002376,9.47,9.53,9.55,9.41,21989,22487688.0,1.48,0.53,0.05,0.34
2020-10-19,002376,9.51,9.53,9.69,9.51,25143,25949963.0,1.89,0.0,0.0,0.39
2020-10-20,002376,9.56,9.53,9.59,9.47,23168,23827696.0,1.26,0.0,0.0,0.36
2020-10-21,002376,9.54,9.4,9.57,9.35,25590,26058763.0,2.31,-1.36,-0.13,0.4
2020-10-22,002376,9.37,9.37,9.41,9.31,20516,20728767.0,1.06,-0.32,-0.03,0.32
2020-10-23,002376,9.39,9.25,9.46,9.23,24102,24292539.0,2.45,-1.28,-0.12,0.38
2020-10-26,002376,9.23,9.19,9.25,9.13,29493,29303262.0,1.3,-0.65,-0.06,0.46
2020-10-27,002376,9.16,9.12,9.2,9.05,40035,39551688.0,1.63,-0.76,-0.07,0.62
2020-10-28,002376,9.12,9.13,9.19,9.01,30206,29736992.0,1.97,0.11,0.01,0.47
2020-10-29,002376,9.01,8.87,9.07,8.85,58238,56403936.0,2.41,-2.85,-0.26,0.91
2020-10-30,002376,8.91,8.6,8.94,8.52,67542,63933217.0,4.74,-3.04,-0.27,1.05
2020-11-02,002376,8.6,8.25,8.6,8.22,82315,74732260.0,4.42,-4.07,-0.35,1.28
2020-11-03,002376,8.28,8.37,8.43,8.19,41659,37872167.0,2.91,1.45,0.12,0.65
2020-11-04,002376,8.36,8.28,8.4,8.27,31538,28611505.0,1.55,-1.08,-0.09,0.49
2020-11-05,002376,8.31,8.45,8.47,8.31,32568,29819081.0,1.93,2.05,0.17,0.51
2020-11-06,002376,8.51,8.4,8.53,8.38,31307,28732895.0,1.78,-0.59,-0.05,0.49
2020-11-09,002376,8.44,8.51,8.58,8.41,43435,40258711.0,2.02,1.31,0.11,0.68
2020-11-10,002376,8.54,8.46,8.56,8.43,27562,25454998.0,1.53,-0.59,-0.05,0.43
2020-11-11,002376,8.49,8.37,8.49,8.36,20628,18882103.0,1.54,-1.06,-0.09,0.32
2020-11-12,002376,8.38,8.4,8.46,8.38,17682,16207315.0,0.96,0.36,0.03,0.28
2020-11-13,002376,8.42,8.57,8.6,8.35,60557,55880359.0,2.98,2.02,0.17,0.94
2020-11-16,002376,8.65,8.82,8.92,8.62,72461,68924376.0,3.5,2.92,0.25,1.13
2020-11-17,002376,8.88,8.71,8.91,8.67,51170,48735312.0,2.72,-1.25,-0.11,0.8
2020-11-18,002376,8.74,8.71,8.82,8.66,27530,26022177.0,1.84,0.0,0.0,0.43
2020-11-19,002376,8.67,8.71,8.75,8.64,21837,20653191.0,1.26,0.0,0.0,0.34
2020-11-20,002376,8.69,8.68,8.76,8.66,21699,20515529.0,1.15,-0.34,-0.03,0.34
2020-11-23,002376,8.68,8.67,8.73,8.57,35294,33177501.0,1.84,-0.12,-0.01,0.55
2020-11-24,002376,8.65,8.67,8.71,8.62,25599,24099432.0,1.04,0.0,0.0,0.4
2020-11-25,002376,8.66,8.55,8.68,8.55,21430,20068902.0,1.5,-1.38,-0.12,0.33
2020-11-26,002376,8.55,8.44,8.59,8.4,31491,29022293.0,2.22,-1.29,-0.11,0.49
2020-11-27,002376,8.41,8.45,8.5,8.41,27169,24980223.0,1.07,0.12,0.01,0.42
2020-11-30,002376,8.48,8.46,8.55,8.42,24961,23039821.0,1.54,0.12,0.01,0.39
2020-12-01,002376,8.49,8.51,8.53,8.46,29409,27208880.0,0.83,0.59,0.05,0.46
2020-12-02,002376,8.52,8.59,8.61,8.47,33138,30800734.0,1.65,0.94,0.08,0.52
2020-12-03,002376,8.58,8.56,8.66,8.55,25918,24202580.0,1.28,-0.35,-0.03,0.4
2020-12-04,002376,8.57,8.59,8.64,8.52,21627,20211597.0,1.4,0.35,0.03,0.34
2020-12-07,002376,8.6,8.6,8.6,8.45,35480,32868257.0,1.75,0.12,0.01,0.55
2020-12-08,002376,8.57,8.47,8.59,8.47,25715,23802748.0,1.4,-1.51,-0.13,0.4
2020-12-09,002376,8.46,8.32,8.48,8.32,25859,23673826.0,1.89,-1.77,-0.15,0.4
2020-12-10,002376,8.28,8.32,8.38,8.28,21130,19187461.0,1.2,0.0,0.0,0.33
2020-12-11,002376,8.33,8.29,8.37,8.2,33505,30183569.0,2.04,-0.36,-0.03,0.52
2020-12-14,002376,8.34,8.3,8.38,8.23,20141,18230643.0,1.81,0.12,0.01,0.31
2020-12-15,002376,8.28,8.25,8.3,8.23,15482,13955822.0,0.84,-0.6,-0.05,0.24
2020-12-16,002376,8.27,8.17,8.29,8.17,20268,18188880.0,1.45,-0.97,-0.08,0.32
2020-12-17,002376,8.2,8.12,8.2,7.91,37014,32592310.0,3.55,-0.61,-0.05,0.58
2020-12-18,002376,8.12,8.37,8.4,8.08,59328,53685177.0,3.94,3.08,0.25,0.93
2020-12-21,002376,8.4,8.46,8.5,8.35,37536,34469000.0,1.79,1.08,0.09,0.59
2020-12-22,002376,8.41,8.33,8.42,8.28,27752,25217756.0,1.65,-1.54,-0.13,0.43
2020-12-23,002376,8.32,8.47,8.52,8.32,35070,32250829.0,2.4,1.68,0.14,0.55
2020-12-24,002376,8.47,8.34,8.47,8.31,19631,17935694.0,1.89,-1.53,-0.13,0.31
2020-12-25,002376,8.37,8.39,8.43,8.3,18057,16486071.0,1.56,0.6,0.05,0.28
2020-12-28,002376,8.38,8.32,8.4,8.19,34407,31065456.0,2.5,-0.83,-0.07,0.54
2020-12-29,002376,8.32,8.42,8.47,8.3,33231,30437886.0,2.04,1.2,0.1,0.52
2020-12-30,002376,8.42,8.62,8.63,8.38,47185,43831043.0,2.97,2.38,0.2,0.74
2020-12-31,002376,8.62,8.67,8.7,8.55,40261,37783845.0,1.74,0.58,0.05,0.63
2021-01-04,002376,8.65,8.64,8.7,8.54,29755,27933551.0,1.85,-0.35,-0.03,0.46
2021-01-05,002376,8.6,8.62,8.75,8.59,33429,31395286.0,1.85,-0.23,-0.02,0.52
2021-01-06,002376,8.59,8.45,8.62,8.4,35435,32730528.0,2.55,-1.97,-0.17,0.55
2021-01-07,002376,8.45,8.25,8.49,8.19,45564,41289099.0,3.55,-2.37,-0.2,0.71
2021-01-08,002376,8.24,8.5,8.57,8.04,43416,39457852.0,6.42,3.03,0.25,0.68
2021-01-11,002376,8.5,8.4,8.58,8.31,26319,24244773.0,3.18,-1.18,-0.1,0.41
2021-01-12,002376,8.4,8.69,8.82,8.27,69981,65965328.0,6.55,3.45,0.29,1.09
2021-01-13,002376,8.69,8.65,8.72,8.53,36054,33683203.0,2.19,-0.46,-0.04,0.56
2021-01-14,002376,8.61,8.79,8.84,8.61,58340,55550827.0,2.66,1.62,0.14,0.91
2021-01-15,002376,8.74,8.76,8.87,8.68,36949,35148432.0,2.16,-0.34,-0.03,0.58
2021-01-18,002376,8.76,8.62,8.76,8.55,51623,48511394.0,2.4,-1.6,-0.14,0.81
2021-01-19,002376,8.61,8.43,8.61,8.4,49980,46254819.0,2.44,-2.2,-0.19,0.78
2021-01-20,002376,8.4,8.24,8.41,8.22,58813,53119115.0,2.25,-2.25,-0.19,0.92
2021-01-21,002376,8.29,8.88,9.08,8.24,178046,170241688.0,10.19,7.77,0.64,2.78
2021-01-22,002376,8.81,8.63,8.81,8.54,78817,74073405.0,3.04,-2.82,-0.25,1.23
2021-01-25,002376,8.63,9.03,9.12,8.57,143096,139077308.0,6.37,4.63,0.4,2.23
2021-01-26,002376,9.06,9.07,9.19,8.95,110442,108303580.0,2.66,0.44,0.04,1.72
2021-01-27,002376,9.04,9.26,9.3,8.97,93689,92950962.0,3.64,2.09,0.19,1.46
2021-01-28,002376,9.15,9.34,9.55,9.07,135001,137028998.0,5.18,0.86,0.08,2.11
2021-01-29,002376,9.55,9.34,9.55,9.1,101570,102058571.0,4.82,0.0,0.0,1.58
2021-02-01,002376,9.36,9.13,9.53,9.1,87118,87388764.0,4.6,-2.25,-0.21,1.36
2021-02-02,002376,9.1,9.21,9.34,8.99,72243,71663074.0,3.83,0.88,0.08,1.13
2021-02-03,002376,9.3,9.24,9.42,9.13,72487,72693057.0,3.15,0.33,0.03,1.13
2021-02-04,002376,9.22,8.85,9.26,8.83,86873,84421733.0,4.65,-4.22,-0.39,1.36
2021-02-05,002376,8.87,9.14,9.48,8.86,104977,104792434.0,7.01,3.28,0.29,1.64
2021-02-08,002376,9.04,9.08,9.2,8.92,46070,45223297.0,3.06,-0.66,-0.06,0.72
2021-02-09,002376,8.98,9.05,9.16,8.97,47275,46451601.0,2.09,-0.33,-0.03,0.74
2021-02-10,002376,9.02,9.07,9.17,8.97,38285,37535944.0,2.21,0.22,0.02,0.6
2021-02-18,002376,9.23,9.15,9.38,9.11,59546,59374664.0,2.98,0.88,0.08,0.93
2021-02-19,002376,9.17,9.34,9.34,9.05,54638,54605522.0,3.17,2.08,0.19,0.85
2021-02-22,002376,9.34,9.28,9.64,9.28,89841,91834467.0,3.85,-0.64,-0.06,1.4
2021-02-23,002376,9.28,9.32,9.38,9.19,46958,47042305.0,2.05,0.43,0.04,0.73
2021-02-24,002376,9.3,9.34,9.53,9.26,61454,62260695.0,2.9,0.21,0.02,0.96
2021-02-25,002376,9.39,9.73,9.8,9.27,117928,122460024.0,5.67,4.18,0.39,1.84
2021-02-26,002376,9.63,9.7,9.81,9.58,108693,113731944.0,2.36,-0.31,-0.03,1.7
2021-03-01,002376,9.74,9.63,9.77,9.52,74963,77814974.0,2.58,-0.72,-0.07,1.17
2021-03-02,002376,9.64,9.57,9.67,9.45,53930,55452344.0,2.28,-0.62,-0.06,0.84
2021-03-03,002376,9.57,9.61,9.72,9.51,59073,61290612.0,2.19,0.42,0.04,0.92
2021-03-04,002376,9.55,9.33,9.65,9.31,69429,70633278.0,3.54,-2.91,-0.28,1.08
2021-03-05,002376,9.3,9.38,9.46,9.29,38885,39364007.0,1.82,0.54,0.05,0.61
2021-03-08,002376,9.45,9.27,9.55,9.21,49859,50643131.0,3.62,-1.17,-0.11,0.78
2021-03-09,002376,9.27,9.13,9.32,8.95,59460,59192898.0,3.99,-1.51,-0.14,0.93
2021-03-10,002376,9.19,8.9,9.22,8.9,36769,35854582.0,3.5,-2.52,-0.23,0.57
2021-03-11,002376,8.9,9.02,9.03,8.88,25779,25053221.0,1.69,1.35,0.12,0.4
2021-03-12,002376,9.03,8.94,9.05,8.9,22450,21797549.0,1.66,-0.89,-0.08,0.35
2021-03-15,002376,8.88,8.98,9.0,8.88,28736,27881221.0,1.34,0.45,0.04,0.45
2021-03-16,002376,8.98,8.98,9.04,8.88,27554,26699111.0,1.78,0.0,0.0,0.43
2021-03-17,002376,8.99,9.0,9.04,8.96,21090,20536497.0,0.89,0.22,0.02,0.33
2021-03-18,002376,8.95,8.99,9.01,8.89,30778,29827921.0,1.33,-0.11,-0.01,0.48
2021-03-19,002376,8.93,8.71,9.0,8.71,40488,38925863.0,3.23,-3.11,-0.28,0.63
2021-03-22,002376,8.75,8.76,8.79,8.66,29675,28137899.0,1.49,0.57,0.05,0.46
2021-03-23,002376,8.79,8.66,8.8,8.64,26345,24914050.0,1.83,-1.14,-0.1,0.41
2021-03-24,002376,8.66,8.49,8.66,8.45,29490,27397596.0,2.42,-1.96,-0.17,0.46
2021-03-25,002376,8.46,8.55,8.62,8.46,24469,22771741.0,1.88,0.71,0.06,0.38
2021-03-26,002376,8.6,8.73,8.78,8.58,30855,29184927.0,2.34,2.11,0.18,0.48
2021-03-29,002376,8.73,8.69,8.78,8.66,21063,19902235.0,1.37,-0.46,-0.04,0.33
2021-03-30,002376,8.69,8.66,8.71,8.52,28588,26781954.0,2.19,-0.35,-0.03,0.45
2021-03-31,002376,8.62,8.71,8.76,8.61,21790,20587577.0,1.73,0.58,0.05,0.34
2021-04-01,002376,8.7,8.76,8.79,8.64,21423,20333107.0,1.72,0.57,0.05,0.33
2021-04-02,002376,8.8,8.73,8.8,8.7,15745,14925993.0,1.14,-0.34,-0.03,0.25
2021-04-06,002376,8.74,8.79,8.81,8.72,16490,15695221.0,1.03,0.69,0.06,0.26
2021-04-07,002376,8.79,8.8,8.81,8.67,24174,22938600.0,1.59,0.11,0.01,0.38
2021-04-08,002376,8.77,8.68,8.81,8.67,17700,16778198.0,1.59,-1.36,-0.12,0.28
2021-04-09,002376,8.67,8.6,8.7,8.57,23488,21980516.0,1.5,-0.92,-0.08,0.37
2021-04-12,002376,8.59,8.53,8.64,8.51,17193,16037605.0,1.51,-0.81,-0.07,0.27
2021-04-13,002376,8.51,8.43,8.52,8.42,23515,21642786.0,1.17,-1.17,-0.1,0.37
2021-04-14,002376,8.49,8.53,8.54,8.41,16502,15254917.0,1.54,1.19,0.1,0.26
2021-04-15,002376,8.55,8.54,8.56,8.47,11312,10488930.0,1.06,0.12,0.01,0.18
2021-04-16,002376,8.52,8.68,8.71,8.52,18439,17342268.0,2.22,1.64,0.14,0.29
2021-04-19,002376,8.66,8.74,8.78,8.65,26832,25447364.0,1.5,0.69,0.06,0.42
2021-04-20,002376,8.73,8.7,8.78,8.67,19029,18024734.0,1.26,-0.46,-0.04,0.3
2021-04-21,002376,8.68,8.59,8.71,8.58,26761,25114865.0,1.49,-1.26,-0.11,0.42
2021-04-22,002376,8.6,8.68,8.82,8.6,31197,29488322.0,2.56,1.05,0.09,0.49
2021-04-23,002376,8.72,8.53,8.75,8.49,27525,25671451.0,3.0,-1.73,-0.15,0.43
2021-04-26,002376,8.54,8.5,8.6,8.5,15243,14188722.0,1.17,-0.35,-0.03,0.24
2021-04-27,002376,8.5,8.32,8.5,8.26,28253,25753567.0,2.82,-2.12,-0.18,0.44
2021-04-28,002376,8.34,8.4,8.5,8.26,19785,18113591.0,2.88,0.96,0.08,0.31
2021-04-29,002376,8.4,8.35,8.47,8.34,28329,25818646.0,1.55,-0.6,-0.05,0.44
2021-04-30,002376,8.39,8.35,8.43,8.3,20658,18839138.0,1.56,0.0,0.0,0.32
2021-05-06,002376,8.35,8.35,8.43,8.31,17446,15914502.0,1.44,0.0,0.0,0.27
2021-05-07,002376,8.36,8.28,8.4,8.27,19151,17409586.0,1.56,-0.84,-0.07,0.3
2021-05-10,002376,8.28,8.17,8.35,8.15,35396,31760930.0,2.42,-1.33,-0.11,0.55
2021-05-11,002376,8.17,8.36,8.36,8.07,32072,28744439.0,3.55,2.33,0.19,0.5
2021-05-12,002376,8.3,8.4,8.43,8.25,18917,17178063.0,2.15,0.48,0.04,0.3
2021-05-13,002376,8.36,8.37,8.43,8.34,20252,18482152.0,1.07,-0.36,-0.03,0.32
2021-05-14,002376,8.38,8.43,8.45,8.31,21459,19621474.0,1.67,0.72,0.06,0.33
2021-05-17,002376,8.38,8.41,8.46,8.33,27489,25122891.0,1.54,-0.24,-0.02,0.43
2021-05-18,002376,8.42,8.32,8.42,8.25,25337,22948937.0,2.02,-1.07,-0.09,0.4
2021-05-19,002376,8.31,8.26,8.31,8.24,18740,16900177.0,0.84,-0.72,-0.06,0.29
2021-05-20,002376,8.25,8.23,8.31,8.18,18671,16777184.0,1.57,-0.36,-0.03,0.29
2021-05-21,002376,8.23,8.23,8.3,8.21,14410,12964448.0,1.09,0.0,0.0,0.22
2021-05-24,002376,8.23,8.49,8.61,8.13,49991,45748836.0,5.83,3.16,0.26,0.78
2021-05-25,002376,8.4,8.46,8.51,8.33,41633,38198085.0,2.12,-0.35,-0.03,0.65
2021-05-26,002376,8.42,8.44,8.53,8.41,21807,20058172.0,1.42,-0.24,-0.02,0.34
2021-05-27,002376,8.43,8.49,8.5,8.43,24239,22344677.0,0.83,0.59,0.05,0.38
2021-05-28,002376,8.5,8.44,8.55,8.42,26748,24706386.0,1.53,-0.59,-0.05,0.42
2021-05-31,002376,8.43,8.52,8.53,8.41,21581,19916684.0,1.42,0.95,0.08,0.34
2021-06-01,002376,8.53,8.57,8.57,8.45,35480,32864217.0,1.41,0.59,0.05,0.55
2021-06-02,002376,8.55,8.46,8.56,8.42,31972,29484682.0,1.63,-1.28,-0.11,0.5
2021-06-03,002376,8.45,8.46,8.51,8.43,28890,26614258.0,0.95,0.0,0.0,0.45
2021-06-04,002376,8.65,8.59,8.73,8.48,49417,44867653.0,2.96,1.54,0.13,0.77
2021-06-07,002376,8.62,8.58,8.62,8.5,29077,26317704.0,1.4,-0.12,-0.01,0.45
2021-06-08,002376,8.57,8.6,8.75,8.53,37125,33809095.0,2.56,0.23,0.02,0.58
2021-06-09,002376,8.55,8.58,8.72,8.54,27196,24731331.0,2.09,-0.23,-0.02,0.42
2021-06-10,002376,8.55,8.73,8.76,8.55,44358,40716771.0,2.45,1.75,0.15,0.69
2021-06-11,002376,8.73,8.67,8.78,8.63,36170,33242276.0,1.72,-0.69,-0.06,0.56
2021-06-15,002376,8.68,8.77,8.83,8.67,39807,36861170.0,1.85,1.15,0.1,0.62
2021-06-16,002376,8.77,8.79,8.81,8.72,32161,29802830.0,1.03,0.23,0.02,0.5
2021-06-17,002376,8.79,8.77,8.84,8.72,31807,29484580.0,1.37,-0.23,-0.02,0.5
2021-06-18,002376,8.72,8.86,8.89,8.71,43653,40733656.0,2.05,1.03,0.09,0.68
2021-06-21,002376,8.84,8.86,8.93,8.81,50282,47047506.0,1.35,0.0,0.0,0.78
2021-06-22,002376,8.89,8.84,8.9,8.76,31027,28858342.0,1.58,-0.23,-0.02,0.48
2021-06-23,002376,8.84,8.82,8.87,8.76,33833,31563364.0,1.24,-0.23,-0.02,0.53
2021-06-24,002376,8.81,8.7,8.84,8.65,50621,46722498.0,2.15,-1.36,-0.12,0.79
2021-06-25,002376,8.71,8.72,8.79,8.68,45318,41820870.0,1.26,0.23,0.02,0.71
2021-06-28,002376,8.77,8.73,8.77,8.66,20037,18452620.0,1.26,0.11,0.01,0.31
2021-06-29,002376,8.73,8.63,8.76,8.6,33892,31085896.0,1.83,-1.15,-0.1,0.53
2021-06-30,002376,8.63,8.64,8.68,8.53,40646,36970295.0,1.74,0.12,0.01,0.63
2021-07-01,002376,8.64,8.54,8.71,8.54,26232,23892617.0,1.97,-1.16,-0.1,0.41
2021-07-02,002376,8.51,8.46,8.53,8.39,27673,24800789.0,1.64,-0.94,-0.08,0.43
2021-07-05,002376,8.47,8.43,8.53,8.36,33043,29458242.0,2.01,-0.35,-0.03,0.52
2021-07-06,002376,8.4,8.39,8.45,8.33,34008,30181488.0,1.42,-0.47,-0.04,0.53
2021-07-07,002376,8.37,8.47,8.51,8.35,42914,38299089.0,1.91,0.95,0.08,0.67
2021-07-08,002376,8.45,8.44,8.56,8.42,26178,23470239.0,1.65,-0.35,-0.03,0.41
2021-07-09,002376,8.43,8.69,8.7,8.35,108832,98168556.0,4.15,2.96,0.25,1.7
2021-07-12,002376,8.68,8.73,8.97,8.67,91012,84647944.0,3.45,0.46,0.04,1.42
2021-07-13,002376,8.74,8.74,8.82,8.71,49481,45783486.0,1.26,0.11,0.01,0.77
2021-07-14,002376,8.8,8.65,8.82,8.62,46742,42955422.0,2.29,-1.03,-0.09,0.73
2021-07-15,002376,8.7,8.52,8.7,8.44,52688,47480605.0,3.01,-1.5,-0.13,0.82
2021-07-16,002376,8.52,8.47,8.56,8.46,38704,34779766.0,1.17,-0.59,-0.05,0.6
2021-07-19,002376,8.45,8.43,8.48,8.37,34926,31104160.0,1.3,-0.47,-0.04,0.55
2021-07-20,002376,8.49,8.52,8.7,8.42,50479,45426618.0,3.32,1.07,0.09,0.79
2021-07-21,002376,8.51,8.62,8.67,8.47,63525,57653325.0,2.35,1.17,0.1,0.99
2021-07-22,002376,8.62,8.63,8.66,8.55,49172,44753872.0,1.28,0.12,0.01,0.77
2021-07-23,002376,8.61,8.48,8.62,8.44,48474,43698034.0,2.09,-1.74,-0.15,0.76
2021-07-26,002376,8.45,8.39,8.5,8.25,53390,47351308.0,2.95,-1.06,-0.09,0.83
2021-07-27,002376,8.45,8.45,8.63,8.41,73431,66177332.0,2.62,0.72,0.06,1.15
2021-07-28,002376,8.36,8.32,8.5,8.17,52490,46282397.0,3.91,-1.54,-0.13,0.82
2021-07-29,002376,8.36,8.38,8.5,8.21,59397,52518210.0,3.49,0.72,0.06,0.93
2021-07-30,002376,8.34,8.06,8.34,7.94,113749,97784890.0,4.77,-3.82,-0.32,1.78
2021-08-02,002376,8.01,8.12,8.17,7.87,60242,51625215.0,3.72,0.74,0.06,0.94
2021-08-03,002376,8.12,8.09,8.21,8.04,50860,43930024.0,2.09,-0.37,-0.03,0.79
2021-08-04,002376,8.13,8.04,8.13,8.0,53820,46034782.0,1.61,-0.62,-0.05,0.84
2021-08-05,002376,8.02,7.95,8.02,7.9,37564,31779075.0,1.49,-1.12,-0.09,0.59
2021-08-06,002376,7.94,7.9,7.95,7.76,50232,41978893.0,2.39,-0.63,-0.05,0.78
2021-08-09,002376,7.92,7.96,8.03,7.89,31578,26775912.0,1.77,0.76,0.06,0.49
2021-08-10,002376,7.95,8.01,8.02,7.89,35756,30308105.0,1.63,0.63,0.05,0.56
2021-08-11,002376,8.03,7.99,8.04,7.95,35232,29904774.0,1.12,-0.25,-0.02,0.55
2021-08-12,002376,7.96,7.99,8.07,7.96,36178,30800576.0,1.38,0.0,0.0,0.56
2021-08-13,002376,7.99,7.99,8.02,7.95,25509,21627341.0,0.88,0.0,0.0,0.4
2021-08-16,002376,7.98,7.97,8.02,7.94,27449,23279972.0,1.0,-0.25,-0.02,0.43
2021-08-17,002376,7.97,7.82,7.98,7.78,54974,46059634.0,2.51,-1.88,-0.15,0.86
2021-08-18,002376,7.83,7.85,7.86,7.75,33327,27674940.0,1.41,0.38,0.03,0.52
2021-08-19,002376,7.87,7.86,7.91,7.84,21305,17837810.0,0.89,0.13,0.01,0.33
2021-08-20,002376,7.86,7.84,7.86,7.76,31807,26342888.0,1.27,-0.25,-0.02,0.5
2021-08-23,002376,7.76,7.97,7.98,7.76,46158,38869424.0,2.81,1.66,0.13,0.72
2021-08-24,002376,7.92,7.87,7.95,7.84,36425,30542733.0,1.38,-1.25,-0.1,0.57
2021-08-25,002376,7.87,7.91,7.91,7.82,20894,17495009.0,1.14,0.51,0.04,0.33
2021-08-26,002376,7.88,7.87,7.93,7.85,35266,29591358.0,1.01,-0.51,-0.04,0.55
2021-08-27,002376,7.88,7.76,7.88,7.75,39145,32440342.0,1.65,-1.4,-0.11,0.61
2021-08-30,002376,7.78,7.79,7.9,7.74,31477,26097214.0,2.06,0.39,0.03,0.49
2021-08-31,002376,7.8,7.78,7.81,7.73,29762,24588915.0,1.03,-0.13,-0.01,0.46
2021-09-01,002376,7.78,7.85,7.87,7.74,34297,28483472.0,1.67,0.9,0.07,0.54
2021-09-02,002376,7.83,7.83,7.85,7.77,30960,25730186.0,1.02,-0.25,-0.02,0.48
2021-09-03,002376,7.83,7.94,8.0,7.82,52477,44226186.0,2.3,1.4,0.11,0.82
2021-09-06,002376,7.93,8.0,8.06,7.93,55698,47393633.0,1.64,0.76,0.06,0.87
2021-09-07,002376,8.01,8.02,8.06,7.98,40572,34547978.0,1.0,0.25,0.02,0.63
2021-09-08,002376,8.03,8.11,8.12,8.0,44300,38017571.0,1.5,1.12,0.09,0.69
2021-09-09,002376,8.13,8.1,8.13,8.04,39289,33708988.0,1.11,-0.12,-0.01,0.61
2021-09-10,002376,8.09,8.01,8.1,7.97,51724,44144138.0,1.6,-1.11,-0.09,0.81
2021-09-13,002376,8.01,8.0,8.07,7.95,52261,44376028.0,1.5,-0.12,-0.01,0.82
2021-09-14,002376,7.98,7.93,8.08,7.91,57274,48630818.0,2.13,-0.88,-0.07,0.89
2021-09-15,002376,7.9,7.87,7.91,7.8,32225,26926566.0,1.39,-0.76,-0.06,0.5
2021-09-16,002376,7.84,7.81,7.94,7.79,37253,31139751.0,1.91,-0.76,-0.06,0.58
2021-09-17,002376,7.87,7.84,7.87,7.8,35281,29384313.0,0.9,0.38,0.03,0.55
2021-09-22,002376,7.62,7.87,7.88,7.62,35818,29642127.0,3.32,0.38,0.03,0.56
2021-09-23,002376,7.87,7.88,7.98,7.79,43547,36493947.0,2.41,0.13,0.01,0.68
2021-09-24,002376,7.89,7.75,7.9,7.75,47062,39106791.0,1.9,-1.65,-0.13,0.73
2021-09-27,002376,7.76,7.61,7.8,7.57,48859,39870277.0,2.97,-1.81,-0.14,0.76
2021-09-28,002376,7.6,7.55,7.61,7.49,36576,29454480.0,1.58,-0.79,-0.06,0.57
2021-09-29,002376,7.52,7.32,7.52,7.3,46419,36624299.0,2.91,-3.05,-0.23,0.72
2021-09-30,002376,7.33,7.41,7.45,7.32,23452,18478556.0,1.78,1.23,0.09,0.37
2021-10-08,002376,7.45,7.57,7.62,7.43,24895,20036720.0,2.56,2.16,0.16,0.39
2021-10-11,002376,7.55,7.57,7.63,7.55,18912,15294933.0,1.06,0.0,0.0,0.3
2021-10-12,002376,7.54,7.48,7.61,7.41,22837,18250830.0,2.64,-1.19,-0.09,0.36
2021-10-13,002376,7.46,7.52,7.53,7.44,11779,9415091.0,1.2,0.53,0.04,0.18
2021-10-14,002376,7.7,7.65,7.79,7.61,47027,38573431.0,2.39,1.73,0.13,0.73
2021-10-15,002376,7.61,7.6,7.65,7.58,17891,14517142.0,0.92,-0.65,-0.05,0.28
2021-10-18,002376,7.6,7.61,7.63,7.51,16832,13605607.0,1.58,0.13,0.01,0.26
2021-10-19,002376,7.6,7.6,7.64,7.58,16217,13148395.0,0.79,-0.13,-0.01,0.25
2021-10-20,002376,7.61,7.62,7.66,7.56,14421,11711739.0,1.32,0.26,0.02,0.23
2021-10-21,002376,7.56,7.59,7.67,7.56,13407,10874375.0,1.44,-0.39,-0.03,0.21
2021-10-22,002376,7.6,7.58,7.63,7.57,13921,11278571.0,0.79,-0.13,-0.01,0.22
2021-10-25,002376,7.57,7.51,7.57,7.45,23075,18476438.0,1.58,-0.92,-0.07,0.36
2021-10-26,002376,7.51,7.44,7.51,7.4,28863,22905273.0,1.46,-0.93,-0.07,0.45
2021-10-27,002376,7.46,7.37,7.46,7.35,23082,18218296.0,1.48,-0.94,-0.07,0.36
2021-10-28,002376,7.39,7.25,7.39,7.22,29096,22583641.0,2.31,-1.63,-0.12,0.45
2021-10-29,002376,7.24,7.27,7.35,7.23,28447,22197413.0,1.66,0.28,0.02,0.44
2021-11-01,002376,7.3,7.41,7.43,7.22,32493,25513115.0,2.89,1.93,0.14,0.51
2021-11-02,002376,7.35,7.3,7.43,7.26,39727,31128576.0,2.29,-1.48,-0.11,0.62
2021-11-03,002376,7.31,7.4,7.42,7.31,26767,21091937.0,1.51,1.37,0.1,0.42
2021-11-04,002376,7.42,7.6,7.61,7.4,38545,30914041.0,2.84,2.7,0.2,0.6
2021-11-05,002376,7.6,7.62,7.67,7.56,30190,24516971.0,1.45,0.26,0.02,0.47
2021-11-08,002376,7.62,7.57,7.68,7.55,31593,25572450.0,1.71,-0.66,-0.05,0.49
2021-11-09,002376,7.58,7.64,7.64,7.57,24492,19869084.0,0.92,0.92,0.07,0.38
2021-11-10,002376,7.6,7.84,7.88,7.6,73357,60643847.0,3.66,2.62,0.2,1.15
2021-11-11,002376,7.83,8.15,8.23,7.81,130991,112598799.0,5.36,3.95,0.31,2.05
2021-11-12,002376,8.14,8.18,8.21,8.06,51336,44419335.0,1.84,0.37,0.03,0.8
2021-11-15,002376,8.18,8.27,8.33,8.17,64650,56630416.0,1.96,1.1,0.09,1.01
2021-11-16,002376,8.25,8.2,8.32,8.15,47439,41422100.0,2.06,-0.85,-0.07,0.74
2021-11-17,002376,8.23,8.23,8.27,8.16,38027,33110018.0,1.34,0.37,0.03,0.59
2021-11-18,002376,8.17,8.1,8.28,8.1,40141,34805937.0,2.19,-1.58,-0.13,0.63
2021-11-19,002376,8.07,8.3,8.35,8.06,64123,56174644.0,3.58,2.47,0.2,1.0
2021-11-22,002376,8.28,8.45,8.51,8.21,70016,62122014.0,3.61,1.81,0.15,1.09
2021-11-23,002376,8.45,8.55,8.6,8.41,55447,49928782.0,2.25,1.18,0.1,0.87
2021-11-24,002376,8.55,8.54,8.58,8.5,33598,30383918.0,0.94,-0.12,-0.01,0.52
2021-11-25,002376,8.51,8.55,8.64,8.47,34607,31348773.0,1.99,0.12,0.01,0.54
2021-11-26,002376,8.56,8.48,8.56,8.4,53916,48461449.0,1.87,-0.82,-0.07,0.84
2021-11-29,002376,8.39,8.39,8.48,8.31,49206,43737864.0,2.0,-1.06,-0.09,0.77
2021-11-30,002376,8.45,8.51,8.57,8.39,57543,51849671.0,2.15,1.43,0.12,0.9
2021-12-01,002376,8.45,8.55,8.55,8.45,34568,31123519.0,1.18,0.47,0.04,0.54
2021-12-02,002376,8.5,8.34,8.55,8.31,48256,42906300.0,2.81,-2.46,-0.21,0.75
2021-12-03,002376,8.36,8.3,8.41,8.26,36360,32083660.0,1.8,-0.48,-0.04,0.57
2021-12-06,002376,8.28,8.23,8.33,8.2,35407,31024818.0,1.57,-0.84,-0.07,0.55
2021-12-07,002376,8.32,8.13,8.32,8.04,42745,36920011.0,3.4,-1.22,-0.1,0.67
2021-12-08,002376,8.19,8.16,8.24,8.13,25597,22208376.0,1.35,0.37,0.03,0.4
2021-12-09,002376,8.17,8.16,8.31,8.13,40181,34981461.0,2.21,0.0,0.0,0.63
2021-12-10,002376,8.19,7.94,8.19,7.94,63905,54707966.0,3.06,-2.7,-0.22,1.0
2021-12-13,002376,8.08,8.15,8.23,8.02,45071,38787108.0,2.64,2.64,0.21,0.7
2021-12-14,002376,8.15,8.08,8.18,8.06,29768,25640813.0,1.47,-0.86,-0.07,0.46
2021-12-15,002376,8.08,8.21,8.27,8.06,47115,40967720.0,2.6,1.61,0.13,0.74
2021-12-16,002376,8.21,8.25,8.27,8.18,25562,22329797.0,1.1,0.49,0.04,0.4
2021-12-17,002376,8.22,8.18,8.27,8.1,29718,25784936.0,2.06,-0.85,-0.07,0.46
2021-12-20,002376,8.14,8.03,8.19,8.02,28322,24369128.0,2.08,-1.83,-0.15,0.44
2021-12-21,002376,8.07,8.18,8.23,8.04,22962,19856242.0,2.37,1.87,0.15,0.36
2021-12-22,002376,8.18,8.21,8.25,8.12,30124,26261131.0,1.59,0.37,0.03,0.47
2021-12-23,002376,8.2,8.14,8.24,8.12,25416,22011429.0,1.46,-0.85,-0.07,0.4
2021-12-24,002376,8.14,8.07,8.19,8.05,32335,27742557.0,1.72,-0.86,-0.07,0.5
2021-12-27,002376,8.07,8.76,8.78,8.02,148654,134377911.0,9.42,8.55,0.69,2.32
2021-12-28,002376,8.76,8.96,9.55,8.7,346800,335851136.0,9.7,2.28,0.2,5.42
2021-12-29,002376,9.07,8.8,9.09,8.73,125511,117676258.0,4.02,-1.79,-0.16,1.96
2021-12-30,002376,8.8,9.0,9.09,8.68,126701,118990243.0,4.66,2.27,0.2,1.98
2021-12-31,002376,9.08,8.93,9.08,8.85,67588,63840550.0,2.56,-0.78,-0.07,1.05
2022-01-04,002376,8.93,8.95,8.98,8.85,48140,45358199.0,1.46,0.22,0.02,0.75
2022-01-05,002376,8.93,8.84,9.06,8.81,51461,48465066.0,2.79,-1.23,-0.11,0.8
2022-01-06,002376,8.82,8.86,8.89,8.78,33866,31629601.0,1.24,0.23,0.02,0.53
2022-01-07,002376,8.9,8.72,9.01,8.7,50381,47046735.0,3.5,-1.58,-0.14,0.78
2022-01-10,002376,8.76,8.72,8.78,8.61,35274,32501912.0,1.95,0.0,0.0,0.55
2022-01-11,002376,8.72,8.67,8.81,8.66,35119,32385059.0,1.72,-0.57,-0.05,0.55
2022-01-12,002376,8.71,8.77,8.79,8.67,29332,27154996.0,1.38,1.15,0.1,0.46
2022-01-13,002376,8.8,8.69,8.8,8.69,25206,23250726.0,1.25,-0.91,-0.08,0.39
2022-01-14,002376,8.75,8.69,8.75,8.62,30927,28451095.0,1.5,0.0,0.0,0.48
2022-01-17,002376,8.72,8.98,9.01,8.67,79785,75116049.0,3.91,3.34,0.29,1.24
2022-01-18,002376,8.98,8.81,9.02,8.79,49702,46588554.0,2.56,-1.89,-0.17,0.77
2022-01-19,002376,8.81,8.86,8.91,8.72,33674,31415166.0,2.16,0.57,0.05,0.52
2022-01-20,002376,8.78,8.53,8.88,8.5,61587,56360608.0,4.29,-3.72,-0.33,0.96
2022-01-21,002376,8.54,8.58,8.76,8.51,42941,39127249.0,2.93,0.59,0.05,0.67
2022-01-24,002376,8.6,8.66,9.02,8.55,93750,87550805.0,5.48,0.93,0.08,1.46
2022-01-25,002376,8.53,8.27,8.7,8.16,90519,80729565.0,6.24,-4.5,-0.39,1.41
2022-01-26,002376,8.26,8.22,8.35,8.07,56546,49255169.0,3.39,-0.6,-0.05,0.88
2022-01-27,002376,8.23,7.71,8.23,7.7,73298,61325511.0,6.45,-6.2,-0.51,1.14
2022-01-28,002376,7.8,8.04,8.15,7.71,51027,43231948.0,5.71,4.28,0.33,0.79
2022-02-07,002376,8.21,7.92,8.21,7.9,40105,34055719.0,3.86,-1.49,-0.12,0.62
2022-02-08,002376,7.95,8.24,8.25,7.82,45460,38888986.0,5.43,4.04,0.32,0.71
2022-02-09,002376,8.18,8.62,8.68,8.17,80922,72446501.0,6.19,4.61,0.38,1.26
2022-02-10,002376,8.53,8.49,8.61,8.45,46516,41873707.0,1.86,-1.51,-0.13,0.72
2022-02-11,002376,8.54,8.19,8.54,8.12,57548,50462072.0,4.95,-3.53,-0.3,0.9
2022-02-14,002376,8.13,8.04,8.22,7.96,48069,41113384.0,3.17,-1.83,-0.15,0.75
2022-02-15,002376,8.05,7.92,8.15,7.87,44600,37788418.0,3.48,-1.49,-0.12,0.69
2022-02-16,002376,8.04,8.04,8.05,7.95,35458,30163542.0,1.26,1.52,0.12,0.55
2022-02-17,002376,8.05,7.89,8.05,7.89,42685,36018418.0,1.99,-1.87,-0.15,0.66
2022-02-18,002376,7.89,7.9,7.96,7.86,65514,55059004.0,1.27,0.13,0.01,1.02
2022-02-21,002376,7.92,8.74,8.74,7.92,274086,249084106.0,10.38,10.63,0.84,4.27
2022-02-22,002376,8.8,8.69,8.89,8.46,273835,250710452.0,4.92,-0.57,-0.05,4.26
2022-02-23,002376,8.67,8.73,8.77,8.56,120760,110836468.0,2.42,0.46,0.04,1.88
2022-02-24,002376,8.65,8.54,8.85,8.41,125668,114815581.0,5.04,-2.18,-0.19,1.96
2022-02-25,002376,8.59,8.43,8.63,8.41,70576,63454400.0,2.58,-1.29,-0.11,1.1
2022-02-28,002376,8.48,8.59,8.61,8.33,79030,71015953.0,3.32,1.9,0.16,1.23
2022-03-01,002376,8.53,8.51,8.64,8.43,60227,54332035.0,2.44,-0.93,-0.08,0.94
2022-03-02,002376,8.48,8.68,8.79,8.46,150292,138067518.0,3.88,2.0,0.17,2.34
2022-03-03,002376,8.73,8.48,8.74,8.47,82383,74632276.0,3.11,-2.3,-0.2,1.28
2022-03-04,002376,8.5,8.44,8.57,8.41,55941,50276104.0,1.89,-0.47,-0.04,0.87
2022-03-07,002376,8.38,8.18,8.38,8.1,64814,56702033.0,3.32,-3.08,-0.26,1.01
2022-03-08,002376,8.18,7.98,8.26,7.92,56748,48810903.0,4.16,-2.44,-0.2,0.88
2022-03-09,002376,8.09,7.73,8.14,7.35,82923,68498266.0,9.9,-3.13,-0.25,1.29
2022-03-10,002376,7.93,7.79,7.99,7.78,39426,32999254.0,2.72,0.78,0.06,0.61
2022-03-11,002376,7.63,7.97,8.04,7.59,48261,40013665.0,5.78,2.31,0.18,0.75
2022-03-14,002376,7.9,7.71,7.94,7.65,51257,42620509.0,3.64,-3.26,-0.26,0.8
2022-03-15,002376,7.76,7.33,7.97,7.3,83592,68034665.0,8.69,-4.93,-0.38,1.3
2022-03-16,002376,7.6,7.68,7.7,7.22,59179,47082839.0,6.55,4.77,0.35,0.92
2022-03-17,002376,7.8,7.62,7.8,7.6,48350,39622818.0,2.6,-0.78,-0.06,0.75
2022-03-18,002376,7.62,7.7,7.73,7.56,38254,31189485.0,2.23,1.05,0.08,0.6
2022-03-21,002376,7.7,7.75,7.91,7.66,52301,43235105.0,3.25,0.65,0.05,0.81
2022-03-22,002376,7.77,7.77,7.79,7.7,32764,27001565.0,1.16,0.26,0.02,0.51
2022-03-23,002376,7.74,7.78,7.82,7.72,28511,23586550.0,1.29,0.13,0.01,0.44
2022-03-24,002376,7.71,7.58,7.78,7.55,34984,28561504.0,2.96,-2.57,-0.2,0.54
2022-03-25,002376,7.62,7.66,7.77,7.59,31308,25556727.0,2.37,1.06,0.08,0.49
2022-03-28,002376,7.58,7.63,7.71,7.5,29698,24089749.0,2.74,-0.39,-0.03,0.46
2022-03-29,002376,7.63,7.5,7.67,7.5,29165,23516966.0,2.23,-1.7,-0.13,0.45
2022-03-30,002376,7.54,7.68,7.68,7.52,29994,24287993.0,2.13,2.4,0.18,0.47
2022-03-31,002376,7.48,7.88,7.9,7.4,90275,74351631.0,6.51,2.6,0.2,1.4
2022-04-01,002376,7.86,7.59,7.86,7.58,69993,57065006.0,3.55,-3.68,-0.29,1.09
2022-04-06,002376,7.58,7.63,7.69,7.57,48760,39659565.0,1.58,0.53,0.04,0.76
2022-04-07,002376,7.61,7.46,7.66,7.45,43507,34992452.0,2.75,-2.23,-0.17,0.68
2022-04-08,002376,7.47,7.34,7.49,7.31,36639,28869114.0,2.41,-1.61,-0.12,0.57
2022-04-11,002376,7.35,7.16,7.54,7.15,58349,45642802.0,5.31,-2.45,-0.18,0.91
2022-04-12,002376,7.19,7.21,7.22,6.98,41536,31569298.0,3.35,0.7,0.05,0.65
2022-04-13,002376,7.17,7.28,7.41,7.13,56280,44012068.0,3.88,0.97,0.07,0.88
2022-04-14,002376,7.25,7.19,7.33,7.18,57234,44289835.0,2.06,-1.24,-0.09,0.89
2022-04-15,002376,7.15,6.98,7.2,6.98,39220,29629191.0,3.06,-2.92,-0.21,0.61
2022-04-18,002376,6.98,6.91,7.06,6.83,37979,28329486.0,3.3,-1.0,-0.07,0.59
2022-04-19,002376,6.92,6.88,6.97,6.81,26179,19351495.0,2.32,-0.43,-0.03,0.41
2022-04-20,002376,6.98,6.78,7.0,6.77,42793,31564488.0,3.34,-1.45,-0.1,0.67
2022-04-21,002376,6.76,6.53,6.87,6.52,59974,43255499.0,5.16,-3.69,-0.25,0.93
2022-04-22,002376,6.56,6.35,6.57,6.35,41241,28633367.0,3.37,-2.76,-0.18,0.64
2022-04-25,002376,6.28,5.73,6.29,5.72,81681,52887959.0,8.98,-9.76,-0.62,1.27
2022-04-26,002376,5.73,5.53,5.77,5.53,49142,30221757.0,4.19,-3.49,-0.2,0.76
2022-04-27,002376,5.5,5.82,5.98,5.4,83337,51124357.0,10.49,5.24,0.29,1.3
2022-04-28,002376,5.73,5.75,5.9,5.69,58445,36570468.0,3.61,-1.2,-0.07,0.91
2022-04-29,002376,5.75,5.9,5.93,5.75,40643,25823700.0,3.13,2.61,0.15,0.63
2022-05-05,002376,5.91,6.35,6.54,5.83,104351,69615803.0,12.03,7.63,0.45,1.62
2022-05-06,002376,6.19,6.07,6.45,6.06,47280,31612245.0,6.14,-4.41,-0.28,0.74
2022-05-09,002376,6.07,6.01,6.12,5.93,44283,28857352.0,3.13,-0.99,-0.06,0.69
2022-05-10,002376,5.96,6.01,6.04,5.91,38766,25155509.0,2.16,0.0,0.0,0.6
2022-05-11,002376,6.08,5.97,6.13,5.96,40919,26819844.0,2.83,-0.67,-0.04,0.65
2022-05-12,002376,5.9,6.06,6.13,5.87,37719,24627554.0,4.36,1.51,0.09,0.6
2022-05-13,002376,6.06,6.09,6.19,6.06,29504,19509908.0,2.15,0.5,0.03,0.47
2022-05-16,002376,6.11,5.96,6.13,5.92,38834,25256359.0,3.45,-2.13,-0.13,0.61
2022-05-17,002376,5.96,5.99,6.01,5.82,44257,28242691.0,3.19,0.5,0.03,0.7
2022-05-18,002376,5.96,6.11,6.14,5.96,34530,22746070.0,3.01,2.0,0.12,0.55
2022-05-19,002376,6.0,6.17,6.2,5.98,32663,21630135.0,3.6,0.98,0.06,0.52
2022-05-20,002376,6.2,6.19,6.26,6.15,43483,29129035.0,1.78,0.32,0.02,0.69
2022-05-23,002376,6.22,6.29,6.32,6.12,32121,21711079.0,3.23,1.62,0.1,0.51
2022-05-24,002376,6.35,6.01,6.35,6.01,32643,21666650.0,5.41,-4.45,-0.28,0.52
2022-05-25,002376,6.02,6.08,6.12,6.02,16131,10601447.0,1.66,1.16,0.07,0.26
2022-05-26,002376,6.07,6.14,6.18,6.0,20587,13591430.0,2.96,0.99,0.06,0.33
2022-05-27,002376,6.17,6.1,6.19,6.06,18051,11939512.0,2.12,-0.65,-0.04,0.29
2022-05-30,002376,6.12,6.12,6.15,6.08,18429,12186584.0,1.15,0.33,0.02,0.29
2022-05-31,002376,6.13,6.26,6.27,6.09,31742,21235484.0,2.94,2.29,0.14,0.5
2022-06-01,002376,6.2,6.57,6.79,6.2,90482,63941212.0,9.42,4.95,0.31,1.43
2022-06-02,002376,6.55,6.5,6.59,6.38,53226,37158308.0,3.2,-1.07,-0.07,0.84
2022-06-06,002376,6.4,6.59,6.63,6.4,29343,20721142.0,3.54,1.38,0.09,0.46
2022-06-07,002376,6.61,6.61,6.65,6.48,32577,22973433.0,2.58,0.3,0.02,0.52
2022-06-08,002376,6.7,6.69,6.74,6.57,31410,21835936.0,2.57,1.21,0.08,0.5
2022-06-09,002376,6.66,6.55,6.69,6.51,21721,14959665.0,2.69,-2.09,-0.14,0.34
2022-06-10,002376,6.54,6.6,6.63,6.49,19792,13616005.0,2.14,0.76,0.05,0.31
2022-06-13,002376,6.57,6.64,6.65,6.5,20769,14292186.0,2.27,0.61,0.04,0.33
2022-06-14,002376,6.6,6.62,6.62,6.44,21451,14626435.0,2.71,-0.3,-0.02,0.34
2022-06-15,002376,6.64,6.63,6.71,6.6,26135,18198824.0,1.66,0.15,0.01,0.41
2022-06-16,002376,6.6,6.61,6.68,6.6,15042,10432476.0,1.21,-0.3,-0.02,0.24
2022-06-17,002376,6.59,6.65,6.68,6.49,24684,17013704.0,2.87,0.61,0.04,0.39
2022-06-20,002376,6.66,6.74,6.76,6.59,20358,14227389.0,2.56,1.35,0.09,0.32
2022-06-21,002376,6.78,6.7,6.78,6.66,15981,11204804.0,1.78,-0.59,-0.04,0.25
2022-06-22,002376,6.72,6.49,6.73,6.45,42305,29061108.0,4.18,-3.13,-0.21,0.67
2022-06-23,002376,6.53,6.6,6.61,6.47,27234,18650736.0,2.16,1.69,0.11,0.43
2022-06-24,002376,6.6,6.66,6.75,6.59,36973,25804343.0,2.42,0.91,0.06,0.58
2022-06-27,002376,6.72,6.73,6.75,6.62,33177,23266838.0,1.95,1.05,0.07,0.52
2022-06-28,002376,6.73,6.85,6.87,6.72,31916,22704893.0,2.23,1.78,0.12,0.5
2022-06-29,002376,6.85,6.73,6.89,6.73,27997,19910462.0,2.34,-1.75,-0.12,0.44
2022-06-30,002376,6.8,7.43,7.43,6.74,195990,148599934.0,10.25,10.4,0.7,3.1
2022-07-01,002376,7.7,8.2,8.2,7.67,511817,431330448.0,7.13,10.36,0.77,8.1
2022-07-04,002376,8.35,7.48,8.35,7.35,641549,509260464.0,12.2,-8.78,-0.72,10.15
2022-07-05,002376,7.25,7.23,7.34,6.93,369725,275290832.0,5.48,-3.34,-0.25,5.85
2022-07-06,002376,7.04,7.3,7.5,6.92,287165,215904602.0,8.02,0.97,0.07,4.54
2022-07-07,002376,7.16,6.98,7.22,6.74,190671,139001283.0,6.58,-4.38,-0.32,3.02
2022-07-08,002376,6.94,7.0,7.05,6.9,117217,85338684.0,2.15,0.29,0.02,1.85
2022-07-11,002376,6.96,7.09,7.09,6.81,101298,73487937.0,4.0,1.29,0.09,1.6
2022-07-12,002376,7.06,6.81,7.06,6.8,99146,71549131.95,3.67,-3.95,-0.28,1.57
2022-07-13,002376,6.77,6.81,6.86,6.65,81652,57630741.07,3.08,0.0,0.0,1.29
2022-07-14,002376,6.79,6.87,6.94,6.72,70485,50291804.31,3.23,0.88,0.06,1.12
2022-07-15,002376,6.9,6.62,6.9,6.61,68134,48057721.0,4.22,-3.64,-0.25,1.08
2022-07-18,002376,6.65,6.8,6.82,6.62,55857,39412439.13,3.02,2.72,0.18,0.88
2022-07-19,002376,6.84,6.89,6.92,6.76,68913,49280381.86,2.35,1.32,0.09,1.09
2022-07-20,002376,6.94,6.98,6.99,6.87,68317,49484996.29,1.74,1.31,0.09,1.08
2022-07-21,002376,6.97,6.91,7.22,6.91,88214,64471088.56,4.44,-1.0,-0.07,1.4
2022-07-22,002376,6.87,6.92,7.02,6.82,58058,42002193.61,2.89,0.14,0.01,0.92
2022-07-25,002376,6.86,7.01,7.19,6.86,92814,68339089.02,4.77,1.3,0.09,1.47
2022-07-26,002376,7.01,7.16,7.23,6.91,77961,57621097.57,4.56,2.14,0.15,1.23
2022-07-27,002376,7.16,7.2,7.22,7.06,67644,50258957.73,2.23,0.56,0.04,1.07
2022-07-28,002376,7.26,7.44,7.69,7.22,201191,156623600.71,6.53,3.33,0.24,3.18
2022-07-29,002376,7.5,7.58,7.95,7.44,225655,181258375.36,6.85,1.88,0.14,3.57
2022-08-01,002376,7.61,7.7,7.94,7.51,208695,167917238.06,5.67,1.58,0.12,3.3
2022-08-02,002376,7.6,7.61,7.89,7.27,223571,176975628.56,8.05,-1.17,-0.09,3.54
2022-08-03,002376,7.73,7.39,7.85,7.35,167967,131777196.9,6.57,-2.89,-0.22,2.66
2022-08-04,002376,7.39,7.5,7.57,7.25,98232,75994077.49,4.33,1.49,0.11,1.55
2022-08-05,002376,7.43,7.6,7.68,7.34,102061,79678061.42,4.53,1.33,0.1,1.61
2022-08-08,002376,7.56,7.5,7.59,7.39,71995,55846472.05,2.63,-1.32,-0.1,1.14
2022-08-09,002376,7.45,7.53,7.66,7.35,84876,66380528.4,4.13,0.4,0.03,1.34
2022-08-10,002376,7.49,7.4,7.53,7.36,62639,48325099.68,2.26,-1.73,-0.13,0.99
2022-08-11,002376,7.5,7.56,7.58,7.43,76328,59747579.53,2.03,2.16,0.16,1.21
2022-08-12,002376,7.56,7.4,7.57,7.39,69652,53853476.2,2.38,-2.12,-0.16,1.1
2022-08-15,002376,7.43,7.33,7.43,7.23,53107,40298707.86,2.7,-0.95,-0.07,0.84
2022-08-16,002376,7.34,7.54,7.73,7.34,111925,87838921.52,5.32,2.86,0.21,1.77
2022-08-17,002376,7.55,7.46,7.62,7.4,65568,50825222.0,2.92,-1.06,-0.08,1.04
2022-08-18,002376,7.41,7.83,7.87,7.41,168798,135708552.11,6.17,4.96,0.37,2.67
2022-08-19,002376,7.73,7.75,7.89,7.68,119188,96077895.32,2.68,-1.02,-0.08,1.89
2022-08-22,002376,7.7,7.92,7.93,7.65,132719,107992281.25,3.61,2.19,0.17,2.1
2022-08-23,002376,7.92,7.81,8.01,7.44,226424,183224366.58,7.2,-1.39,-0.11,3.58
2022-08-24,002376,7.8,7.71,8.05,7.68,184501,150349592.0,4.74,-1.28,-0.1,2.92
2022-08-25,002376,7.8,7.48,7.81,7.4,123447,96279184.0,5.32,-2.98,-0.23,1.95
2022-08-26,002376,7.42,7.71,7.83,7.42,140562,112752521.08,5.48,3.07,0.23,2.22
2022-08-29,002376,7.58,7.73,7.74,7.48,119134,94228069.05,3.37,0.26,0.02,1.88
2022-08-30,002376,7.66,7.74,7.92,7.65,103985,83988229.22,3.49,0.13,0.01,1.65
2022-08-31,002376,7.7,7.5,7.76,7.48,104676,82406516.41,3.62,-3.1,-0.24,1.66
2022-09-01,002376,7.5,7.44,7.69,7.43,82261,64707765.4,3.47,-0.8,-0.06,1.3
2022-09-02,002376,7.45,7.67,7.71,7.41,88902,70366264.07,4.03,3.09,0.23,1.41
2022-09-05,002376,7.7,7.6,7.74,7.56,55074,43540896.42,2.35,-0.91,-0.07,0.87
2022-09-06,002376,7.68,7.76,7.78,7.59,61327,48980617.4,2.5,2.11,0.16,0.97
2022-09-07,002376,7.73,7.48,7.74,7.47,89758,70720964.0,3.48,-3.61,-0.28,1.42
2022-09-08,002376,7.48,7.56,7.65,7.45,65647,51600977.42,2.67,1.07,0.08,1.04
2022-09-09,002376,7.54,7.4,7.54,7.35,67704,52258409.03,2.51,-2.12,-0.16,1.07
2022-09-13,002376,7.4,7.44,7.56,7.4,35173,27324043.56,2.16,0.54,0.04,0.56
2022-09-14,002376,7.35,7.3,7.38,7.25,42226,32142746.0,1.75,-1.88,-0.14,0.67
2022-09-15,002376,7.33,7.08,7.37,6.99,59539,44208802.2,5.21,-3.01,-0.22,0.94
2022-09-16,002376,7.08,7.06,7.25,7.01,55182,41103926.38,3.39,-0.28,-0.02,0.87
2022-09-19,002376,7.12,6.97,7.12,6.85,44273,32153225.51,3.82,-1.27,-0.09,0.7
2022-09-20,002376,6.92,7.01,7.05,6.92,23299,16990693.11,1.87,0.57,0.04,0.37
2022-09-21,002376,6.97,7.02,7.06,6.84,25272,18350134.26,3.14,0.14,0.01,0.4
2022-09-22,002376,7.0,6.93,7.08,6.89,31268,22777140.63,2.71,-1.28,-0.09,0.49
2022-09-23,002376,6.93,6.8,6.96,6.74,34849,24855451.91,3.17,-1.88,-0.13,0.55
2022-09-26,002376,6.8,6.58,6.8,6.58,32061,22294532.58,3.24,-3.24,-0.22,0.51
2022-09-27,002376,6.68,6.85,6.85,6.62,41582,29357783.1,3.5,4.1,0.27,0.66
2022-09-28,002376,6.8,6.61,6.88,6.6,32715,22901701.55,4.09,-3.5,-0.24,0.52
2022-09-29,002376,6.77,6.6,6.78,6.57,32043,22337234.81,3.18,-0.15,-0.01,0.51
2022-09-30,002376,6.61,6.52,6.77,6.52,24274,16745568.0,3.79,-1.21,-0.08,0.38
2022-10-10,002376,6.52,6.65,6.75,6.48,42849,29845349.9,4.14,1.99,0.13,0.68
2022-10-11,002376,6.49,6.62,6.68,6.49,33460,23012979.75,2.86,-0.45,-0.03,0.53
2022-10-12,002376,6.61,6.98,6.99,6.56,55892,39495676.65,6.5,5.44,0.36,0.88
2022-10-13,002376,6.96,7.18,7.46,6.91,85509,64130706.4,7.88,2.87,0.2,1.35
2022-10-14,002376,7.23,7.47,7.65,7.19,121207,94350497.64,6.41,4.04,0.29,1.92
2022-10-17,002376,7.41,7.57,7.78,7.38,146010,115452819.32,5.35,1.34,0.1,2.31
2022-10-18,002376,7.59,7.65,7.7,7.49,101838,80591006.24,2.77,1.06,0.08,1.61
2022-10-19,002376,7.64,7.75,7.88,7.54,131813,105818589.35,4.44,1.31,0.1,2.09
2022-10-20,002376,7.67,7.8,7.96,7.62,141391,114475804.94,4.39,0.65,0.05,2.24
2022-10-21,002376,7.75,7.8,7.86,7.71,80971,65536959.89,1.92,0.0,0.0,1.28
2022-10-24,002376,7.79,7.62,7.85,7.56,124206,99466952.0,3.72,-2.31,-0.18,1.96
2022-10-25,002376,7.62,7.53,7.67,7.44,70238,54900070.1,3.02,-1.18,-0.09,1.11
2022-10-26,002376,7.54,7.67,7.71,7.5,70348,55870230.44,2.79,1.86,0.14,1.11
2022-10-27,002376,7.67,7.76,7.84,7.64,73215,59113087.8,2.61,1.17,0.09,1.16
2022-10-28,002376,7.85,7.53,8.05,7.52,82241,65913323.75,6.83,-2.96,-0.23,1.3
2022-10-31,002376,7.14,7.38,7.49,7.06,115485,88573508.37,5.71,-1.99,-0.15,1.83
2022-11-01,002376,7.45,7.17,7.52,7.09,103684,77912441.21,5.83,-2.85,-0.21,1.64
2022-11-02,002376,7.21,7.03,7.25,6.99,101572,74884876.8,3.63,-1.95,-0.14,1.61
2022-11-03,002376,6.99,6.85,7.0,6.79,87613,62714586.0,2.99,-2.56,-0.18,1.39
2022-11-04,002376,6.88,6.98,7.0,6.82,76846,55502352.72,2.63,1.9,0.13,1.22
2022-11-07,002376,6.96,7.0,7.11,6.92,83322,60906971.64,2.72,0.29,0.02,1.32
2022-11-08,002376,7.0,7.04,7.05,6.85,79055,57316415.49,2.86,0.57,0.04,1.25
2022-11-09,002376,6.95,7.0,7.1,6.95,62017,45415396.12,2.13,-0.57,-0.04,0.98
2022-11-10,002376,6.95,7.02,7.06,6.9,69185,50349605.0,2.29,0.29,0.02,1.09
2022-11-11,002376,7.1,6.95,7.27,6.95,117985,87089788.1,4.56,-1.0,-0.07,1.87
2022-11-14,002376,6.91,7.05,7.11,6.85,71551,52266112.14,3.74,1.44,0.1,1.13
2022-11-15,002376,7.04,7.2,7.24,6.98,106287,78812833.56,3.69,2.13,0.15,1.68
2022-11-16,002376,7.21,7.19,7.28,7.09,108587,81110907.04,2.64,-0.14,-0.01,1.72
2022-11-17,002376,7.18,7.33,7.34,7.11,86531,65157701.5,3.2,1.95,0.14,1.37
2022-11-18,002376,7.33,7.14,7.37,7.14,71424,53965449.25,3.14,-2.59,-0.19,1.13
2022-11-21,002376,7.12,7.15,7.19,7.05,61814,45845402.0,1.96,0.14,0.01,0.98
2022-11-22,002376,7.12,6.98,7.14,6.96,72108,53036280.0,2.52,-2.38,-0.17,1.14
2022-11-23,002376,6.97,6.82,7.0,6.72,76262,54359784.9,4.01,-2.29,-0.16,1.21
2022-11-24,002376,6.83,6.77,6.88,6.74,47952,34006389.0,2.05,-0.73,-0.05,0.76
2022-11-25,002376,6.78,6.78,6.8,6.72,50376,35592663.52,1.18,0.15,0.01,0.8
2022-11-28,002376,6.69,6.65,6.74,6.58,68303,47316877.38,2.36,-1.92,-0.13,1.08
2022-11-29,002376,6.66,6.86,6.9,6.65,54934,38922052.9,3.76,3.16,0.21,0.87
2022-11-30,002376,6.84,6.84,6.88,6.8,34807,24830281.59,1.17,-0.29,-0.02,0.55
2022-12-01,002376,6.89,6.89,6.94,6.83,38710,27772198.34,1.61,0.73,0.05,0.61
2022-12-02,002376,6.87,6.93,7.0,6.85,48275,35045024.2,2.18,0.58,0.04,0.76
2022-12-05,002376,6.95,6.97,7.09,6.94,42600,31105847.0,2.16,0.58,0.04,0.67
2022-12-06,002376,6.98,7.0,7.06,6.94,48585,35507277.7,1.72,0.43,0.03,0.77
2022-12-07,002376,7.01,6.97,7.03,6.92,43026,31284906.05,1.57,-0.43,-0.03,0.68
2022-12-08,002376,6.98,6.87,7.0,6.86,37508,27004878.25,2.01,-1.43,-0.1,0.59
2022-12-09,002376,6.86,6.77,6.91,6.76,60168,42735081.66,2.18,-1.46,-0.1,0.95
2022-12-12,002376,6.78,6.79,6.84,6.71,42765,30197137.0,1.92,0.3,0.02,0.68
2022-12-13,002376,6.77,6.67,6.8,6.66,48056,33713187.5,2.06,-1.77,-0.12,0.76
2022-12-14,002376,6.73,6.67,6.76,6.64,42335,29607742.6,1.8,0.0,0.0,0.67
2022-12-15,002376,6.64,6.72,6.75,6.62,28736,20125439.0,1.95,0.75,0.05,0.45
2022-12-16,002376,6.68,6.78,6.85,6.65,46997,33023607.44,2.98,0.89,0.06,0.74
2022-12-19,002376,6.78,6.59,6.83,6.56,52622,36565672.3,3.98,-2.8,-0.19,0.83
2022-12-20,002376,6.59,6.48,6.62,6.45,40452,27581667.86,2.58,-1.67,-0.11,0.64
2022-12-21,002376,6.48,6.45,6.53,6.42,23429,15854686.47,1.7,-0.46,-0.03,0.37
2022-12-22,002376,6.49,6.37,6.49,6.3,26882,18005225.34,2.95,-1.24,-0.08,0.43
2022-12-23,002376,6.31,6.42,6.46,6.3,18274,12197652.74,2.51,0.78,0.05,0.29
2022-12-26,002376,6.42,6.38,6.46,6.37,21605,14501859.42,1.4,-0.62,-0.04,0.34
2022-12-27,002376,6.58,6.51,6.64,6.41,38233,25966534.0,3.61,2.04,0.13,0.6
2022-12-28,002376,6.5,6.37,6.51,6.36,25914,17345316.48,2.3,-2.15,-0.14,0.41
2022-12-29,002376,6.39,6.33,6.41,6.31,18022,11992087.55,1.57,-0.63,-0.04,0.29
2022-12-30,002376,6.37,6.39,6.41,6.33,13851,9253885.29,1.26,0.95,0.06,0.22
2023-01-03,002376,6.4,6.59,6.6,6.35,32326,22045068.56,3.91,3.13,0.2,0.51
2023-01-04,002376,6.6,6.67,6.69,6.56,34700,24100232.0,1.97,1.21,0.08,0.55
2023-01-05,002376,6.68,6.64,6.68,6.6,22588,15658796.0,1.2,-0.45,-0.03,0.36
2023-01-06,002376,6.64,6.59,6.65,6.58,21283,14715117.88,1.05,-0.75,-0.05,0.34
2023-01-09,002376,6.59,6.6,6.68,6.59,21077,14594777.8,1.37,0.15,0.01,0.33
2023-01-10,002376,6.6,6.56,6.62,6.53,19915,13683045.7,1.36,-0.61,-0.04,0.32
2023-01-11,002376,6.56,6.51,6.61,6.5,18819,12895912.1,1.68,-0.76,-0.05,0.3
2023-01-12,002376,6.54,6.53,6.59,6.48,19497,13330983.0,1.69,0.31,0.02,0.31
2023-01-13,002376,6.56,6.55,6.57,6.48,16431,11217033.33,1.38,0.31,0.02,0.26
2023-01-16,002376,6.52,6.63,6.65,6.52,36101,24975972.0,1.98,1.22,0.08,0.57
2023-01-17,002376,6.66,6.6,6.66,6.59,17912,12395220.6,1.06,-0.45,-0.03,0.28
2023-01-18,002376,6.6,6.7,6.73,6.59,33468,23403535.06,2.12,1.52,0.1,0.53
2023-01-19,002376,6.7,6.75,6.77,6.69,24081,16943130.94,1.19,0.75,0.05,0.38
2023-01-20,002376,6.75,6.78,6.85,6.69,36654,25873578.0,2.37,0.44,0.03,0.58
2023-01-30,002376,6.84,6.89,6.97,6.84,61155,44011399.0,1.92,1.62,0.11,0.97
2023-01-31,002376,6.8,6.84,6.9,6.78,36148,25787428.0,1.74,-0.73,-0.05,0.57
2023-02-01,002376,6.85,7.09,7.11,6.85,103689,76079961.39,3.8,3.65,0.25,1.64
2023-02-02,002376,7.11,7.09,7.14,7.03,52162,38465352.3,1.55,0.0,0.0,0.83
2023-02-03,002376,7.09,7.1,7.15,7.02,55403,40894336.95,1.83,0.14,0.01,0.88
2023-02-06,002376,7.1,7.1,7.15,7.03,49351,36498106.9,1.69,0.0,0.0,0.78
2023-02-07,002376,7.09,7.13,7.14,7.07,38348,28407317.37,0.99,0.42,0.03,0.61
2023-02-08,002376,7.13,7.08,7.22,7.07,36933,27465351.0,2.1,-0.7,-0.05,0.58
2023-02-09,002376,7.08,7.19,7.2,7.02,50026,37213438.0,2.54,1.55,0.11,0.79
2023-02-10,002376,7.27,7.16,7.27,7.14,45810,34371434.0,1.81,-0.42,-0.03,0.72
2023-02-13,002376,7.16,7.17,7.2,7.12,28903,21565326.99,1.12,0.14,0.01,0.46
2023-02-14,002376,7.18,7.14,7.21,7.12,30322,22589136.3,1.26,-0.42,-0.03,0.48
2023-02-15,002376,7.16,7.21,7.24,7.11,57318,42961947.52,1.82,0.98,0.07,0.91
2023-02-16,002376,7.2,7.1,7.31,7.04,67204,50436166.0,3.74,-1.53,-0.11,1.06
2023-02-17,002376,7.11,6.93,7.14,6.92,40335,29471337.0,3.1,-2.39,-0.17,0.64
2023-02-20,002376,6.95,7.09,7.1,6.91,41030,29956916.32,2.74,2.31,0.16,0.65
2023-02-21,002376,7.08,7.06,7.14,7.01,34816,25692932.5,1.83,-0.42,-0.03,0.55
2023-02-22,002376,7.01,7.11,7.12,6.99,29438,21654561.0,1.84,0.71,0.05,0.47
2023-02-23,002376,7.15,7.02,7.15,6.98,29133,21378151.4,2.39,-1.27,-0.09,0.46
2023-02-24,002376,7.02,7.1,7.12,6.99,42327,31202817.0,1.85,1.14,0.08,0.67
2023-02-27,002376,7.07,6.96,7.09,6.93,48361,35269987.0,2.25,-1.97,-0.14,0.77
2023-02-28,002376,7.01,7.2,7.24,7.0,86545,64630242.86,3.45,3.45,0.24,1.37
2023-03-01,002376,7.17,7.31,7.31,7.15,53928,40858678.25,2.22,1.53,0.11,0.85
2023-03-02,002376,7.31,7.27,7.35,7.24,35205,26737118.0,1.5,-0.55,-0.04,0.56
2023-03-03,002376,7.26,7.25,7.31,7.18,34923,26332381.0,1.79,-0.28,-0.02,0.55
2023-03-06,002376,7.25,7.23,7.33,7.2,37918,28681644.66,1.79,-0.28,-0.02,0.6
2023-03-07,002376,7.24,7.06,7.28,7.04,37580,27985612.36,3.32,-2.35,-0.17,0.59
2023-03-08,002376,7.05,7.2,7.2,7.04,29658,22121156.0,2.27,1.98,0.14,0.47
2023-03-09,002376,7.2,7.29,7.31,7.15,37011,27880479.94,2.22,1.25,0.09,0.59
2023-03-10,002376,7.23,7.16,7.29,7.14,31788,23843935.1,2.06,-1.78,-0.13,0.5
2023-03-13,002376,7.15,7.29,7.32,7.1,46378,34952437.0,3.07,1.82,0.13,0.73
2023-03-14,002376,7.3,7.17,7.3,7.11,39614,29646828.17,2.61,-1.65,-0.12,0.63
2023-03-15,002376,7.19,7.15,7.25,7.14,38380,28747015.0,1.53,-0.28,-0.02,0.61
2023-03-16,002376,7.18,7.05,7.2,7.01,48950,36155796.0,2.66,-1.4,-0.1,0.77
2023-03-17,002376,7.1,7.23,7.27,7.08,50763,38132762.02,2.7,2.55,0.18,0.8
2023-03-20,002376,7.29,7.22,7.34,7.18,40760,30756138.05,2.21,-0.14,-0.01,0.64
2023-03-21,002376,7.24,7.37,7.39,7.15,61090,46639160.2,3.32,2.08,0.15,0.97
2023-03-22,002376,7.39,7.45,7.46,7.36,46782,36135249.9,1.36,1.09,0.08,0.74
2023-03-23,002376,7.44,7.48,7.5,7.35,47512,36778525.42,2.01,0.4,0.03,0.75
2023-03-24,002376,7.47,7.58,7.6,7.43,54422,42573447.47,2.27,1.34,0.1,0.86
2023-03-27,002376,7.61,7.7,7.79,7.53,98293,78304178.0,3.43,1.58,0.12,1.55
2023-03-28,002376,7.73,7.69,7.79,7.64,74553,59801467.33,1.95,-0.13,-0.01,1.18
2023-03-29,002376,7.68,7.71,7.91,7.51,95802,76962026.74,5.2,0.26,0.02,1.52
2023-03-30,002376,7.74,7.6,7.77,7.53,63406,50330751.48,3.11,-1.43,-0.11,1.0
2023-03-31,002376,7.65,7.76,7.77,7.48,61368,48764903.95,3.82,2.11,0.16,0.97
2023-04-03,002376,7.76,7.8,7.91,7.65,72700,58757256.43,3.35,0.52,0.04,1.15
2023-04-04,002376,7.77,7.73,7.87,7.66,65797,53016547.14,2.69,-0.9,-0.07,1.04
2023-04-06,002376,7.73,7.66,7.73,7.6,46683,37135594.94,1.68,-0.91,-0.07,0.74
2023-04-07,002376,7.72,7.78,7.79,7.6,47848,38269531.0,2.48,1.57,0.12,0.76
2023-04-10,002376,7.78,7.7,8.09,7.7,145063,118531387.64,5.01,-1.03,-0.08,2.29
2023-04-11,002376,7.7,7.72,7.78,7.6,67894,54253631.8,2.34,0.26,0.02,1.07
2023-04-12,002376,7.75,7.89,7.9,7.71,54412,44210098.32,2.46,2.2,0.17,0.86
2023-04-13,002376,7.85,7.81,7.93,7.79,47809,38936552.0,1.77,-1.01,-0.08,0.76
2023-04-14,002376,7.81,7.81,7.91,7.74,43833,35603586.04,2.18,0.0,0.0,0.69
2023-04-17,002376,7.76,7.63,7.8,7.61,48838,38880594.0,2.43,-2.3,-0.18,0.77
2023-04-18,002376,7.63,7.61,7.71,7.55,51080,40541501.4,2.1,-0.26,-0.02,0.81
2023-04-19,002376,7.61,7.63,7.77,7.61,42495,33971110.69,2.1,0.26,0.02,0.67
2023-04-20,002376,7.62,7.63,7.68,7.55,33205,26301298.84,1.7,0.0,0.0,0.53
2023-04-21,002376,7.66,7.28,7.68,7.25,64291,49508112.0,5.64,-4.59,-0.35,1.02
2023-04-24,002376,7.27,7.27,7.45,7.19,48185,36652084.34,3.57,-0.14,-0.01,0.76
2023-04-25,002376,7.21,7.12,7.24,7.02,47490,35267909.34,3.03,-2.06,-0.15,0.75
2023-04-26,002376,7.09,7.03,7.28,7.02,64729,48134492.99,3.65,-1.26,-0.09,1.02
2023-04-27,002376,7.04,6.98,7.11,6.94,52290,38249402.74,2.42,-0.71,-0.05,0.83
2023-04-28,002376,7.02,7.18,7.21,6.95,45974,34086603.0,3.72,2.87,0.2,0.73
2023-05-04,002376,7.15,7.17,7.26,7.03,71669,53351463.82,3.2,-0.14,-0.01,1.13
2023-05-05,002376,7.17,7.14,7.21,7.06,41310,30707946.8,2.09,-0.42,-0.03,0.65
2023-05-08,002376,7.16,7.22,7.25,7.12,37088,27778555.38,1.82,1.12,0.08,0.59
2023-05-09,002376,7.15,7.1,7.25,7.08,36466,27228286.3,2.35,-1.66,-0.12,0.58
2023-05-10,002376,7.1,7.14,7.23,7.07,34067,25361402.0,2.25,0.56,0.04,0.54
2023-05-11,002376,7.13,7.12,7.21,7.07,32871,24446144.03,1.96,-0.28,-0.02,0.52
2023-05-12,002376,7.17,7.11,7.17,7.08,26041,19318565.2,1.26,-0.14,-0.01,0.41
2023-05-15,002376,7.08,7.09,7.11,6.94,42452,31102779.33,2.39,-0.28,-0.02,0.67
2023-05-16,002376,7.07,7.0,7.12,6.99,29032,21329901.0,1.83,-1.27,-0.09,0.46
2023-05-17,002376,6.97,7.09,7.1,6.97,23578,17325199.0,1.86,1.29,0.09,0.37
2023-05-18,002376,7.1,7.83,7.83,7.08,148850,117690888.72,10.58,10.44,0.74,2.35
2023-05-19,002376,7.8,7.68,7.9,7.66,182114,146484816.13,3.07,-1.92,-0.15,2.88
2023-05-22,002376,7.68,7.56,7.8,7.47,122395,96195607.43,4.3,-1.56,-0.12,1.94
2023-05-23,002376,7.55,7.65,7.74,7.45,138939,110678494.6,3.84,1.19,0.09,2.2
2023-05-24,002376,7.67,7.7,7.75,7.53,106814,84976659.44,2.88,0.65,0.05,1.69
2023-05-25,002376,7.69,7.63,7.74,7.46,92394,72861749.0,3.64,-0.91,-0.07,1.46
2023-05-26,002376,7.63,7.65,7.74,7.6,53453,42596537.72,1.83,0.26,0.02,0.85
2023-05-29,002376,7.71,7.6,7.72,7.57,52199,41344347.2,1.96,-0.65,-0.05,0.83
2023-05-30,002376,7.61,7.67,7.67,7.5,48598,38370615.17,2.24,0.92,0.07,0.77
2023-05-31,002376,7.58,7.7,7.73,7.58,49395,39359964.09,1.96,0.39,0.03,0.78
2023-06-01,002376,7.64,7.74,7.8,7.58,71778,57512252.29,2.86,0.52,0.04,1.14
2023-06-02,002376,7.74,7.77,7.84,7.61,93602,75399329.99,2.97,0.39,0.03,1.48
2023-06-05,002376,7.78,7.86,7.89,7.74,58426,47555097.4,1.93,1.16,0.09,0.92
2023-06-06,002376,7.84,7.69,7.84,7.67,54464,43857800.12,2.16,-2.16,-0.17,0.86
2023-06-07,002376,7.7,7.8,7.87,7.65,45700,36985116.34,2.86,1.43,0.11,0.72
2023-06-08,002376,7.87,7.73,7.87,7.68,43725,34463682.4,2.44,-0.9,-0.07,0.69
2023-06-09,002376,7.73,7.77,7.83,7.66,33439,26392404.3,2.2,0.52,0.04,0.53
2023-06-12,002376,7.75,7.69,7.83,7.67,46760,36825571.0,2.06,-1.03,-0.08,0.74
2023-06-13,002376,7.73,7.86,7.88,7.67,70695,56286980.0,2.73,2.21,0.17,1.12
2023-06-14,002376,7.88,7.83,7.93,7.78,36254,28958445.68,1.91,-0.38,-0.03,0.57
2023-06-15,002376,7.83,7.75,7.99,7.7,66919,53223380.0,3.7,-1.02,-0.08,1.06
2023-06-16,002376,7.74,7.81,7.87,7.64,49241,39091366.68,2.97,0.77,0.06,0.78
2023-06-19,002376,7.81,7.83,7.9,7.75,32982,26323913.0,1.92,0.26,0.02,0.52
2023-06-20,002376,7.85,8.01,8.02,7.79,106258,86073263.0,2.94,2.3,0.18,1.68
2023-06-21,002376,8.01,7.92,8.14,7.9,110476,90036635.87,3.0,-1.12,-0.09,1.75
2023-06-26,002376,7.86,7.57,7.87,7.55,81555,63961129.66,4.04,-4.42,-0.35,1.29
2023-06-27,002376,7.56,7.73,7.8,7.51,44601,34991843.0,3.83,2.11,0.16,0.71
2023-06-28,002376,7.77,7.67,7.8,7.44,63236,48913464.24,4.66,-0.78,-0.06,1.0
2023-06-29,002376,7.64,8.02,8.2,7.64,111869,90901642.0,7.3,4.56,0.35,1.77
2023-06-30,002376,8.03,7.92,8.06,7.91,53974,43772844.0,1.87,-1.25,-0.1,0.85
2023-07-03,002376,7.92,7.93,7.99,7.78,68551,55125917.52,2.65,0.13,0.01,1.08
2023-07-04,002376,7.91,7.99,8.0,7.86,44630,36129275.0,1.77,0.76,0.06,0.71
2023-07-05,002376,7.96,7.91,8.06,7.89,57565,46818839.72,2.13,-1.0,-0.08,0.91
2023-07-06,002376,7.92,7.91,8.03,7.8,38717,31312665.89,2.91,0.0,0.0,0.61
2023-07-07,002376,7.9,7.74,7.9,7.67,47925,37867867.0,2.91,-2.15,-0.17,0.76
2023-07-10,002376,7.82,7.68,7.82,7.65,36614,28757939.32,2.2,-0.78,-0.06,0.58
2023-07-11,002376,7.7,7.82,7.86,7.66,36334,28850666.64,2.6,1.82,0.14,0.57
2023-07-12,002376,7.81,7.71,7.97,7.69,53180,42376682.0,3.58,-1.41,-0.11,0.84
2023-07-13,002376,7.83,7.86,7.9,7.7,40302,32041249.0,2.59,1.95,0.15,0.64
2023-07-14,002376,7.84,7.93,8.06,7.84,70019,56936426.76,2.8,0.89,0.07,1.11
2023-07-17,002376,7.93,8.02,8.04,7.88,77320,63060449.15,2.02,1.13,0.09,1.22
2023-07-18,002376,8.05,8.07,8.25,7.97,78246,64712482.19,3.49,0.62,0.05,1.24
2023-07-19,002376,8.07,7.98,8.15,7.93,76055,62020977.6,2.73,-1.12,-0.09,1.2
2023-07-20,002376,7.98,7.77,8.01,7.75,69094,55338446.0,3.26,-2.63,-0.21,1.09
2023-07-21,002376,7.76,7.73,7.86,7.71,54164,42871946.0,1.93,-0.51,-0.04,0.86
2023-07-24,002376,7.72,7.89,7.98,7.69,49680,39894588.11,3.75,2.07,0.16,0.79
2023-07-25,002376,7.95,7.93,7.95,7.81,49806,40130941.21,1.77,0.51,0.04,0.79
2023-07-26,002376,7.95,7.78,7.95,7.76,47769,38039805.76,2.4,-1.89,-0.15,0.76
2023-07-27,002376,7.81,7.63,7.83,7.6,61829,48510730.08,2.96,-1.93,-0.15,0.99
2023-07-28,002376,7.69,7.83,7.84,7.59,61013,48179309.64,3.28,2.62,0.2,0.98
2023-07-31,002376,7.83,7.78,7.86,7.75,39796,31648273.0,1.4,-0.64,-0.05,0.64
2023-08-01,002376,7.78,7.78,7.79,7.71,32719,25865055.0,1.03,0.0,0.0,0.52
2023-08-02,002376,7.78,7.84,7.85,7.72,39217,31140545.04,1.67,0.77,0.06,0.63
2023-08-03,002376,7.82,7.88,7.92,7.74,43154,34515381.36,2.3,0.51,0.04,0.69
2023-08-04,002376,8.03,8.36,8.68,7.91,431548,372425422.03,9.77,6.09,0.48,6.9
2023-08-07,002376,8.27,8.36,8.54,8.26,301799,258202189.07,3.35,0.0,0.0,4.83
2023-08-08,002376,8.38,8.13,8.4,8.07,184455,153088998.0,3.95,-2.75,-0.23,2.95
2023-08-09,002376,8.09,8.05,8.26,8.0,156251,129001811.0,3.2,-0.98,-0.08,2.5
2023-08-10,002376,8.06,7.63,8.07,7.53,263623,206664865.87,6.71,-5.22,-0.42,4.22
2023-08-11,002376,7.62,7.36,7.62,7.35,175792,132910742.0,3.54,-3.54,-0.27,2.81
2023-08-14,002376,7.26,7.51,7.54,7.18,137370,103382008.93,4.89,2.04,0.15,2.2
2023-08-15,002376,7.49,7.48,7.57,7.39,73978,56369477.17,2.4,-0.4,-0.03,1.18
2023-08-16,002376,7.43,7.4,7.51,7.34,58599,44387027.65,2.27,-1.07,-0.08,0.94
2023-08-17,002376,7.36,7.4,7.42,7.29,91275,68587826.0,1.76,0.0,0.0,1.46
2023-08-18,002376,7.38,7.25,7.47,7.25,79286,59207458.02,2.97,-2.03,-0.15,1.27
2023-08-21,002376,7.23,7.33,7.43,7.19,77491,58111889.13,3.31,1.1,0.08,1.24
2023-08-22,002376,7.32,7.44,7.45,7.3,63867,48082138.72,2.05,1.5,0.11,1.02
2023-08-23,002376,7.43,7.32,7.45,7.31,42828,32267443.57,1.88,-1.61,-0.12,0.68
2023-08-24,002376,7.34,7.27,7.44,7.26,58404,43806930.49,2.46,-0.68,-0.05,0.93
2023-08-25,002376,7.23,7.01,7.25,6.97,78194,56657535.04,3.85,-3.58,-0.26,1.25
2023-08-28,002376,7.32,7.02,7.34,6.96,96192,69563106.13,5.42,0.14,0.01,1.54
2023-08-29,002376,7.02,7.17,7.19,6.97,81330,59080986.75,3.13,2.14,0.15,1.3
2023-08-30,002376,7.17,7.32,7.34,7.16,61434,45710255.44,2.51,2.09,0.15,0.98
2023-08-31,002376,7.32,7.31,7.34,7.24,42134,31359049.0,1.37,-0.14,-0.01,0.67
2023-09-01,002376,7.31,7.24,7.39,7.2,50505,37455053.0,2.6,-0.96,-0.07,0.81
2023-09-04,002376,7.29,7.36,7.36,7.24,39674,29525840.24,1.66,1.66,0.12,0.63
2023-09-05,002376,7.34,7.34,7.37,7.29,31076,23240256.73,1.09,-0.27,-0.02,0.5
2023-09-06,002376,7.3,7.46,7.49,7.27,48462,36656553.0,3.0,1.63,0.12,0.77
2023-09-07,002376,7.44,7.41,7.5,7.39,31381,23833940.16,1.47,-0.67,-0.05,0.5
2023-09-08,002376,7.38,7.44,7.5,7.34,49750,37742900.11,2.16,0.4,0.03,0.8
2023-09-11,002376,7.44,7.45,7.47,7.36,34155,25855666.84,1.48,0.13,0.01,0.55
2023-09-12,002376,7.46,7.47,7.51,7.41,32384,24689914.1,1.34,0.27,0.02,0.52
2023-09-13,002376,7.48,7.41,7.5,7.35,43959,33194695.0,2.01,-0.8,-0.06,0.7
2023-09-14,002376,7.39,7.38,7.49,7.34,37560,28396495.08,2.02,-0.4,-0.03,0.6
2023-09-15,002376,7.36,7.33,7.4,7.29,35007,26146124.37,1.49,-0.68,-0.05,0.56
2023-09-18,002376,7.33,7.32,7.35,7.23,30268,22608644.0,1.64,-0.14,-0.01,0.48
2023-09-19,002376,7.32,7.23,7.33,7.21,33524,24798050.5,1.64,-1.23,-0.09,0.54
2023-09-20,002376,7.18,7.19,7.3,7.17,34871,25741419.0,1.8,-0.55,-0.04,0.56
2023-09-21,002376,7.21,7.28,7.28,7.15,43516,32172314.3,1.81,1.25,0.09,0.7
2023-09-22,002376,7.25,7.41,7.41,7.22,51313,38356837.91,2.61,1.79,0.13,0.82
2023-09-25,002376,7.4,7.37,7.48,7.35,30591,23108489.0,1.75,-0.54,-0.04,0.49
2023-09-26,002376,7.41,7.5,7.58,7.37,89212,68184284.64,2.85,1.76,0.13,1.43
2023-09-27,002376,7.41,7.31,7.48,7.31,76889,57721041.97,2.27,-2.53,-0.19,1.23
2023-09-28,002376,7.36,7.43,7.47,7.34,61091,46194452.0,1.78,1.64,0.12,0.98
2023-10-09,002376,7.43,7.42,7.47,7.36,49778,37679268.0,1.48,-0.13,-0.01,0.8
2023-10-10,002376,7.46,7.54,7.57,7.41,56607,43455485.0,2.16,1.62,0.12,0.91
2023-10-11,002376,7.53,7.51,7.58,7.44,44154,33872792.5,1.86,-0.4,-0.03,0.71
2023-10-12,002376,7.54,7.53,7.58,7.5,37067,28480020.0,1.07,0.27,0.02,0.59
2023-10-13,002376,7.49,7.52,7.57,7.46,33918,26033377.48,1.46,-0.13,-0.01,0.54
2023-10-16,002376,7.54,7.5,7.55,7.45,33419,25531767.0,1.33,-0.27,-0.02,0.53
2023-10-17,002376,7.53,7.58,7.59,7.45,51114,39303576.43,1.87,1.07,0.08,0.82
2023-10-18,002376,7.57,7.44,7.57,7.4,35844,27231128.36,2.24,-1.85,-0.14,0.57
2023-10-19,002376,7.42,7.37,7.54,7.37,39059,29740359.0,2.28,-0.94,-0.07,0.62
2023-10-20,002376,7.33,7.22,7.47,7.22,48208,35975523.0,3.39,-2.04,-0.15,0.77
2023-10-23,002376,7.21,7.0,7.23,6.97,49060,35477590.25,3.6,-3.05,-0.22,0.78
2023-10-24,002376,7.05,7.03,7.1,6.93,45185,32359728.5,2.43,0.43,0.03,0.72
2023-10-25,002376,7.02,7.21,7.27,7.02,56396,41394125.0,3.56,2.56,0.18,0.9
2023-10-26,002376,7.17,7.33,7.34,7.15,44164,32788961.72,2.64,1.66,0.12,0.71
2023-10-27,002376,7.31,7.33,7.4,7.24,43584,32516660.0,2.18,0.0,0.0,0.7
2023-10-30,002376,7.26,7.34,7.36,7.23,47711,35578815.5,1.77,0.14,0.01,0.76
2023-10-31,002376,7.34,7.27,7.36,7.22,42226,31328348.0,1.91,-0.95,-0.07,0.68
2023-11-01,002376,7.27,7.29,7.33,7.21,33244,24682079.0,1.65,0.28,0.02,0.53
2023-11-02,002376,7.29,7.22,7.32,7.22,36775,27252936.0,1.37,-0.96,-0.07,0.59
2023-11-03,002376,7.22,7.39,7.42,7.21,51672,38812939.2,2.91,2.35,0.17,0.83
2023-11-06,002376,7.41,7.52,7.55,7.41,60552,46157368.0,1.89,1.76,0.13,0.97
2023-11-07,002376,7.51,7.58,7.59,7.47,44709,34423763.04,1.6,0.8,0.06,0.71
2023-11-08,002376,7.61,7.62,7.66,7.57,53321,41392282.6,1.19,0.53,0.04,0.85
2023-11-09,002376,7.61,7.58,7.67,7.49,60033,46428297.04,2.36,-0.52,-0.04,0.96
2023-11-10,002376,7.59,7.58,7.64,7.54,43406,33620050.56,1.32,0.0,0.0,0.69
2023-11-13,002376,7.58,7.7,7.71,7.55,53384,41813664.0,2.11,1.58,0.12,0.85
2023-11-14,002376,7.7,7.79,7.83,7.68,60832,48193230.8,1.95,1.17,0.09,0.97
2023-11-15,002376,7.81,7.74,7.84,7.73,60082,47678018.0,1.41,-0.64,-0.05,0.96
2023-11-16,002376,7.76,7.77,7.84,7.74,59820,47528527.36,1.29,0.39,0.03,0.96
2023-11-17,002376,7.77,7.83,7.83,7.73,37426,29675860.0,1.29,0.77,0.06,0.6
2023-11-20,002376,7.82,7.83,7.88,7.78,48491,38738950.0,1.28,0.0,0.0,0.78
2023-11-21,002376,7.88,7.77,7.88,7.75,38604,30673043.41,1.66,-0.77,-0.06,0.62
2023-11-22,002376,7.74,7.73,7.84,7.72,39436,31308063.09,1.54,-0.51,-0.04,0.63
2023-11-23,002376,7.71,7.82,7.83,7.69,31340,24827518.28,1.81,1.16,0.09,0.5
2023-11-24,002376,7.84,7.7,7.84,7.66,31874,25060601.5,2.3,-1.53,-0.12,0.51
2023-11-27,002376,7.7,7.73,7.8,7.65,48050,37806202.2,1.95,0.39,0.03,0.77
2023-11-28,002376,7.71,7.74,7.8,7.68,35538,28028317.41,1.55,0.13,0.01,0.57
2023-11-29,002376,7.76,7.74,7.77,7.7,36005,28399098.41,0.9,0.0,0.0,0.58
2023-11-30,002376,7.76,7.67,7.77,7.58,47174,36833818.0,2.45,-0.9,-0.07,0.75
2023-12-01,002376,7.67,7.76,7.77,7.61,43155,33911089.35,2.09,1.17,0.09,0.69
2023-12-04,002376,7.79,7.8,7.83,7.73,46076,36613444.0,1.29,0.52,0.04,0.74
2023-12-05,002376,7.81,7.71,8.45,7.64,220161,177893290.98,10.38,-1.15,-0.09,3.52
2023-12-06,002376,7.73,7.68,7.82,7.61,193243,151365020.35,2.72,-0.39,-0.03,3.09
2023-12-07,002376,7.64,7.7,7.77,7.59,128924,101130606.0,2.34,0.26,0.02,2.06
2023-12-08,002376,7.72,7.73,7.85,7.67,113417,89789488.0,2.34,0.39,0.03,1.81
2023-12-11,002376,7.67,7.71,7.73,7.54,112980,87940457.84,2.46,-0.26,-0.02,1.81
2023-12-12,002376,7.76,7.85,7.85,7.71,115415,91785523.8,1.82,1.82,0.14,1.85
2023-12-13,002376,7.83,7.8,7.9,7.79,83859,67093822.53,1.4,-0.64,-0.05,1.34
2023-12-14,002376,7.83,7.76,7.87,7.75,55923,44541902.5,1.54,-0.51,-0.04,0.89
2023-12-15,002376,7.74,7.68,7.78,7.61,66873,52425131.2,2.19,-1.03,-0.08,1.07
2023-12-18,002376,7.65,7.58,7.72,7.54,64819,50407298.0,2.34,-1.3,-0.1,1.04
2023-12-19,002376,7.57,7.62,7.65,7.52,42010,32515219.35,1.72,0.53,0.04,0.67
2023-12-20,002376,7.61,7.53,7.66,7.51,47250,36569310.0,1.97,-1.18,-0.09,0.76
2023-12-21,002376,7.51,7.46,7.53,7.31,56912,43078799.85,2.92,-0.93,-0.07,0.91
2023-12-22,002376,7.48,7.36,7.5,7.3,59315,44697063.7,2.68,-1.34,-0.1,0.95
2023-12-25,002376,7.33,7.29,7.38,7.19,48474,35950841.3,2.58,-0.95,-0.07,0.78
2023-12-26,002376,7.32,7.1,7.32,7.06,42330,30845274.0,3.57,-2.61,-0.19,0.68
2023-12-27,002376,7.1,7.18,7.19,7.06,37541,27359362.0,1.83,1.13,0.08,0.6
2023-12-28,002376,7.19,7.25,7.3,7.06,46986,34506414.46,3.34,0.97,0.07,0.75
2023-12-29,002376,7.24,7.47,7.48,7.19,57646,43385672.96,4.0,3.03,0.22,0.92
2024-01-02,002376,7.51,7.55,7.59,7.47,48514,37326773.8,1.61,1.07,0.08,0.78
2024-01-03,002376,7.52,7.46,7.57,7.41,44706,34094046.0,2.12,-1.19,-0.09,0.71
2024-01-04,002376,7.5,7.44,7.5,7.37,57322,43512418.0,1.74,-0.27,-0.02,0.92
2024-01-05,002376,7.44,7.31,7.49,7.29,54575,41136421.21,2.69,-1.75,-0.13,0.87
2024-01-08,002376,7.36,7.2,7.36,7.2,61632,45567166.03,2.19,-1.5,-0.11,0.99
2024-01-09,002376,7.27,7.11,7.28,7.03,68141,49756863.0,3.47,-1.25,-0.09,1.09
2024-01-10,002376,7.09,6.9,7.11,6.88,59863,42570558.0,3.23,-2.95,-0.21,0.96
2024-01-11,002376,6.94,7.11,7.13,6.93,56188,40406721.64,2.9,3.04,0.21,0.9
2024-01-12,002376,7.1,6.96,7.13,6.95,41219,29595858.2,2.53,-2.11,-0.15,0.66
2024-01-15,002376,6.95,6.94,7.0,6.91,44583,31653363.0,1.29,-0.29,-0.02,0.71
2024-01-16,002376,6.94,6.9,6.98,6.79,45593,31950131.0,2.74,-0.58,-0.04,0.73
2024-01-17,002376,6.89,6.73,6.92,6.73,53033,37009800.9,2.75,-2.46,-0.17,0.85
2024-01-18,002376,6.75,6.65,6.75,6.48,70769,47720331.8,4.01,-1.19,-0.08,1.13
2024-01-19,002376,6.67,6.5,6.67,6.49,52150,34919677.24,2.71,-2.26,-0.15,0.83
2024-01-22,002376,6.5,6.01,6.55,5.96,92269,59058052.72,9.08,-7.54,-0.49,1.48
2024-01-23,002376,6.09,5.96,6.1,5.85,98840,60335551.29,4.16,-0.83,-0.05,1.58
2024-01-24,002376,5.99,6.06,6.09,5.8,93825,57241608.35,4.87,1.68,0.1,1.5
2024-01-25,002376,6.07,6.29,6.3,6.02,88900,56415004.0,4.62,3.8,0.23,1.42
2024-01-26,002376,6.28,6.37,6.46,6.26,85896,56112826.26,3.18,1.27,0.08,1.37
2024-01-29,002376,6.37,6.12,6.39,6.11,62342,39741288.0,4.4,-3.92,-0.25,1.0
2024-01-30,002376,6.13,5.98,6.28,5.97,70481,44127963.08,5.07,-2.29,-0.14,1.13
2024-01-31,002376,6.01,5.67,6.01,5.66,95290,56671575.0,5.85,-5.18,-0.31,1.52
2024-02-01,002376,5.61,5.56,5.66,5.4,95706,54443496.56,4.59,-1.94,-0.11,1.53
2024-02-02,002376,5.55,5.1,5.66,4.99,163074,88181924.62,12.05,-8.27,-0.46,2.61
2024-02-05,002376,5.09,4.58,5.12,4.58,200530,97032571.4,10.59,-10.2,-0.52,3.21
2024-02-06,002376,4.44,4.58,4.71,4.15,205628,93636135.09,12.23,0.0,0.0,3.29
2024-02-07,002376,4.84,4.71,4.85,4.45,264668,127600604.19,8.73,2.84,0.13,4.23
2024-02-08,002376,4.67,4.98,5.0,4.5,198572,96750419.09,10.62,5.73,0.27,3.18
2024-02-19,002376,5.08,5.36,5.38,5.02,160794,86911437.14,7.23,7.63,0.38,2.57
2024-02-20,002376,5.35,5.48,5.5,5.23,90186,50201621.81,5.04,2.24,0.12,1.44
2024-02-21,002376,5.4,5.57,5.71,5.38,86517,49670276.39,6.02,1.64,0.09,1.38
2024-02-22,002376,5.57,5.62,5.74,5.55,65080,37624063.43,3.41,0.9,0.05,1.04
2024-02-23,002376,5.65,5.76,5.79,5.59,78097,45780121.18,3.56,2.49,0.14,1.25
2024-02-26,002376,6.01,6.08,6.19,5.94,151904,94615362.13,4.34,5.56,0.32,2.43
2024-02-27,002376,6.01,6.15,6.15,5.88,90125,55994283.98,4.44,1.15,0.07,1.44
2024-02-28,002376,6.15,5.54,6.28,5.52,179028,108400474.73,12.36,-9.92,-0.61,2.86
2024-02-29,002376,5.45,5.79,5.8,5.45,94733,55510394.76,6.32,4.51,0.25,1.51
2024-03-01,002376,5.84,6.02,6.03,5.83,96304,58818423.69,3.45,3.97,0.23,1.54
2024-03-04,002376,6.03,6.05,6.1,5.95,90761,56038699.36,2.49,0.5,0.03,1.45
2024-03-05,002376,5.99,5.88,6.03,5.86,63711,38769152.56,2.81,-2.81,-0.17,1.02
2024-03-06,002376,5.89,5.97,6.03,5.82,70406,42776481.07,3.57,1.53,0.09,1.13
2024-03-07,002376,5.96,5.85,6.02,5.84,61553,37428068.0,3.02,-2.01,-0.12,0.98
2024-03-08,002376,5.86,5.88,5.94,5.78,58430,35050324.0,2.74,0.51,0.03,0.93
2024-03-11,002376,5.91,5.99,5.99,5.86,63226,38405740.0,2.21,1.87,0.11,1.01
2024-03-12,002376,6.0,6.04,6.05,5.92,68051,41828242.0,2.17,0.83,0.05,1.09
2024-03-13,002376,6.04,6.08,6.2,5.97,67939,42304677.0,3.81,0.66,0.04,1.09
2024-03-14,002376,6.05,6.0,6.14,5.91,59311,36625212.0,3.78,-1.32,-0.08,0.95
2024-03-15,002376,6.1,6.62,6.62,6.08,412681,273658185.06,9.0,10.33,0.62,6.6
2024-03-18,002376,6.55,6.49,6.69,6.37,494594,327014513.3,4.83,-1.96,-0.13,7.91
2024-03-19,002376,6.45,6.4,6.63,6.38,321528,212715178.79,3.85,-1.39,-0.09,5.14
2024-03-20,002376,6.4,6.44,6.45,6.37,220367,144662339.11,1.25,0.63,0.04,3.52
2024-03-21,002376,6.48,6.43,6.62,6.37,203257,134309269.66,3.88,-0.16,-0.01,3.25
2024-03-22,002376,6.43,6.41,6.48,6.3,139867,91615144.85,2.8,-0.31,-0.02,2.24
2024-03-25,002376,6.39,6.18,6.41,6.17,127903,82795496.07,3.74,-3.59,-0.23,2.05
2024-03-26,002376,6.15,6.28,6.33,6.14,141711,90747104.31,3.07,1.62,0.1,2.27
2024-03-27,002376,6.32,6.04,6.32,6.0,100821,63558474.71,5.1,-3.82,-0.24,1.61
2024-03-28,002376,6.07,6.4,6.63,6.03,212260,137419412.95,9.93,5.96,0.36,3.39
2024-03-29,002376,6.33,6.24,6.37,6.13,164473,104701442.37,3.75,-2.5,-0.16,2.63
2024-04-01,002376,6.28,6.28,6.31,6.2,124537,79648273.45,1.76,0.64,0.04,1.99
2024-04-02,002376,6.27,6.18,6.27,6.06,108366,68415842.63,3.34,-1.59,-0.1,1.73
2024-04-03,002376,6.15,5.98,6.16,5.93,103329,63541482.49,3.72,-3.24,-0.2,1.65
2024-04-08,002376,5.98,5.88,6.02,5.86,78502,47715785.25,2.68,-1.67,-0.1,1.26
2024-04-09,002376,5.85,5.94,5.95,5.85,49755,30167303.0,1.7,1.02,0.06,0.8
2024-04-10,002376,5.93,5.8,5.94,5.74,68107,40694133.06,3.37,-2.36,-0.14,1.09
2024-04-11,002376,5.75,5.79,5.9,5.72,48968,29300794.08,3.1,-0.17,-0.01,0.78
2024-04-12,002376,5.78,5.73,5.88,5.7,53387,31650997.3,3.11,-1.04,-0.06,0.85
2024-04-15,002376,5.71,5.49,5.78,5.39,97665,55382441.92,6.81,-4.19,-0.24,1.56
2024-04-16,002376,5.46,5.1,5.49,5.07,118894,63263957.22,7.65,-7.1,-0.39,1.9
2024-04-17,002376,5.17,5.63,5.63,5.16,153825,87163136.1,9.22,10.39,0.53,2.46
2024-04-18,002376,5.72,5.46,5.72,5.42,112308,64198785.74,5.33,-3.02,-0.17,1.8
2024-04-19,002376,5.4,5.34,5.43,5.3,60110,33119231.24,2.38,-2.2,-0.12,0.96
2024-04-22,002376,5.31,5.36,5.41,5.14,70600,38605084.69,5.06,0.37,0.02,1.13
2024-04-23,002376,5.37,5.47,5.51,5.36,51512,28847405.0,2.8,2.05,0.11,0.82
2024-04-24,002376,5.5,5.68,5.68,5.47,65772,37920943.0,3.84,3.84,0.21,1.05
2024-04-25,002376,5.68,5.84,6.05,5.67,113656,68251935.04,6.69,2.82,0.16,1.82
2024-04-26,002376,5.82,5.81,5.86,5.69,88155,52295217.23,2.91,-0.51,-0.03,1.41
2024-04-29,002376,5.77,6.05,6.07,5.76,105655,64311440.08,5.34,4.13,0.24,1.69
2024-04-30,002376,6.01,6.05,6.13,5.94,84450,52315892.73,3.14,0.0,0.0,1.35
2024-05-06,002376,6.09,6.05,6.17,5.99,69941,43386163.52,2.98,0.0,0.0,1.12
2024-05-07,002376,6.07,6.05,6.09,5.98,57680,35698235.38,1.82,0.0,0.0,0.92
2024-05-08,002376,6.05,5.95,6.06,5.95,41047,25215613.48,1.82,-1.65,-0.1,0.66
2024-05-09,002376,5.97,5.96,6.02,5.93,41833,25636216.0,1.51,0.17,0.01,0.67
2024-05-10,002376,6.0,5.91,6.02,5.88,49419,30073209.88,2.35,-0.84,-0.05,0.79
2024-05-13,002376,5.87,5.79,5.89,5.76,44402,26451694.0,2.2,-2.03,-0.12,0.71
2024-05-14,002376,5.82,5.88,5.92,5.78,38573,23150921.0,2.42,1.55,0.09,0.62
2024-05-15,002376,5.86,5.8,5.9,5.77,28353,16964848.24,2.21,-1.36,-0.08,0.45
2024-05-16,002376,5.81,5.86,5.91,5.81,35997,21676684.0,1.72,1.03,0.06,0.58
2024-05-17,002376,5.86,5.96,5.96,5.81,47157,28574271.24,2.56,1.71,0.1,0.75
2024-05-20,002376,5.95,5.98,6.0,5.91,49111,30034196.0,1.51,0.34,0.02,0.79
2024-05-21,002376,5.95,5.92,6.0,5.9,35090,21368902.0,1.67,-1.0,-0.06,0.56
2024-05-22,002376,5.93,5.94,5.96,5.91,26976,16415870.0,0.84,0.34,0.02,0.43
2024-05-23,002376,5.94,5.77,5.94,5.75,43403,25943365.89,3.2,-2.86,-0.17,0.69
2024-05-24,002376,5.76,5.71,5.84,5.71,33428,19762144.0,2.25,-1.04,-0.06,0.53
2024-05-27,002376,5.74,5.73,5.79,5.6,31868,18530953.0,3.33,0.35,0.02,0.51
2024-05-28,002376,5.74,5.68,5.81,5.66,36194,21273524.0,2.62,-0.87,-0.05,0.58
2024-05-29,002376,5.67,5.67,5.75,5.64,33092,19338854.6,1.94,-0.18,-0.01,0.53
2024-05-30,002376,5.65,5.62,5.66,5.56,39298,22671614.56,1.76,-0.88,-0.05,0.63
2024-05-31,002376,5.65,5.79,5.82,5.64,51026,29344032.24,3.2,3.02,0.17,0.82
2024-06-03,002376,5.85,5.63,5.86,5.57,63021,35741922.68,5.01,-2.76,-0.16,1.01
2024-06-04,002376,5.63,5.51,5.64,5.45,59729,32902206.16,3.37,-2.13,-0.12,0.96
2024-06-05,002376,5.51,5.44,5.52,5.44,43610,23925387.0,1.45,-1.27,-0.07,0.7
2024-06-06,002376,5.43,5.19,5.51,5.15,74244,39134773.23,6.62,-4.6,-0.25,1.19
2024-06-07,002376,5.28,5.33,5.41,5.22,50475,26846963.7,3.66,2.7,0.14,0.81
2024-06-11,002376,5.32,5.38,5.4,5.22,41464,22065784.0,3.38,0.94,0.05,0.66
2024-06-12,002376,5.38,5.46,5.51,5.32,29899,16319933.0,3.53,1.49,0.08,0.48
2024-06-13,002376,5.47,5.44,5.51,5.41,32884,17919378.0,1.83,-0.37,-0.02,0.53
2024-06-14,002376,5.45,5.54,5.55,5.37,46881,25689480.49,3.31,1.84,0.1,0.75
2024-06-17,002376,5.5,5.51,5.64,5.48,35094,19460751.0,2.89,-0.54,-0.03,0.56
2024-06-18,002376,5.54,5.65,5.67,5.48,38368,21538526.0,3.45,2.54,0.14,0.61
2024-06-19,002376,5.63,5.7,5.73,5.63,38020,21645556.0,1.77,0.88,0.05,0.61
2024-06-20,002376,5.7,5.51,5.73,5.51,44835,25135307.0,3.86,-3.33,-0.19,0.72
2024-06-21,002376,5.51,5.52,5.56,5.36,33566,18427048.0,3.63,0.18,0.01,0.54
2024-06-24,002376,5.47,5.25,5.47,5.2,48254,25582811.28,4.89,-4.89,-0.27,0.77
2024-06-25,002376,5.23,5.18,5.34,5.14,55653,29080752.0,3.81,-1.33,-0.07,0.89
2024-06-26,002376,5.16,5.47,5.5,5.13,52148,27874134.04,7.14,5.6,0.29,0.83
2024-06-27,002376,5.5,5.42,5.54,5.41,44928,24570782.0,2.38,-0.91,-0.05,0.72
2024-06-28,002376,5.41,5.39,5.52,5.36,39645,21623908.08,2.95,-0.55,-0.03,0.63
2024-07-01,002376,5.38,5.41,5.42,5.26,51037,27307840.17,2.97,0.37,0.02,0.82
2024-07-02,002376,5.38,5.48,5.54,5.38,44306,24324439.0,2.96,1.29,0.07,0.71
2024-07-03,002376,5.47,5.36,5.53,5.35,48046,26054860.75,3.28,-2.19,-0.12,0.77
2024-07-04,002376,5.37,5.16,5.39,5.16,48340,25381979.42,4.29,-3.73,-0.2,0.77
2024-07-05,002376,5.16,5.19,5.23,5.08,34554,17856270.63,2.91,0.58,0.03,0.55
2024-07-08,002376,5.15,5.03,5.18,4.99,51759,26227815.0,3.66,-3.08,-0.16,0.83
2024-07-09,002376,5.0,5.13,5.14,4.94,40640,20544854.7,3.98,1.99,0.1,0.65
2024-07-10,002376,5.09,5.01,5.16,4.99,45233,22868852.0,3.31,-2.34,-0.12,0.72
2024-07-11,002376,5.26,5.34,5.4,5.21,113557,60130865.9,3.79,6.59,0.33,1.82
2024-07-12,002376,5.33,5.26,5.4,5.24,73545,39008100.0,3.0,-1.5,-0.08,1.18
2024-07-15,002376,5.24,5.18,5.27,5.15,51223,26570598.0,2.28,-1.52,-0.08,0.82
2024-07-16,002376,5.16,5.21,5.25,5.15,45670,23750701.01,1.93,0.58,0.03,0.73
2024-07-17,002376,5.2,5.12,5.24,5.11,57453,29655421.8,2.5,-1.73,-0.09,0.92
2024-07-18,002376,5.06,5.04,5.08,4.91,66662,33207259.0,3.32,-1.56,-0.08,1.07
2024-07-19,002376,5.04,5.13,5.18,5.01,43708,22354003.76,3.37,1.79,0.09,0.7
2024-07-22,002376,5.14,5.25,5.29,5.13,55770,29167894.0,3.12,2.34,0.12,0.89
2024-07-23,002376,5.25,5.25,5.32,5.18,56561,29770272.24,2.67,0.0,0.0,0.9
2024-07-24,002376,5.11,5.13,5.37,5.06,99439,51745060.5,5.9,-2.29,-0.12,1.59
2024-07-25,002376,5.05,5.07,5.15,5.0,69064,34953018.0,2.92,-1.17,-0.06,1.1
2024-07-26,002376,5.08,5.16,5.18,5.07,42384,21809670.0,2.17,1.78,0.09,0.68
2024-07-29,002376,5.16,5.2,5.22,5.08,50259,26060543.73,2.71,0.78,0.04,0.8
2024-07-30,002376,5.15,5.28,5.3,5.14,50286,26409863.0,3.08,1.54,0.08,0.8
2024-07-31,002376,5.28,5.47,5.49,5.23,76721,41369161.83,4.92,3.6,0.19,1.23
2024-08-01,002376,5.48,5.46,5.5,5.42,63686,34775365.0,1.46,-0.18,-0.01,1.02
2024-08-02,002376,5.42,5.36,5.47,5.35,46819,25352576.0,2.2,-1.83,-0.1,0.75
2024-08-05,002376,5.33,5.16,5.42,5.15,49170,25994238.0,5.04,-3.73,-0.2,0.79
2024-08-06,002376,5.2,5.29,5.3,5.17,42804,22376993.81,2.52,2.52,0.13,0.68
2024-08-07,002376,5.26,5.32,5.36,5.26,32108,17075221.08,1.89,0.57,0.03,0.51
2024-08-08,002376,5.31,5.24,5.33,5.18,69141,36333240.12,2.82,-1.5,-0.08,1.11
2024-08-09,002376,5.26,5.21,5.3,5.21,36220,18987173.0,1.72,-0.57,-0.03,0.58
2024-08-12,002376,5.2,5.19,5.26,5.17,44586,23248674.5,1.73,-0.38,-0.02,0.71
2024-08-13,002376,5.2,5.24,5.25,5.14,34084,17750571.21,2.12,0.96,0.05,0.55
2024-08-14,002376,5.21,5.24,5.29,5.21,33793,17764219.25,1.53,0.0,0.0,0.54
2024-08-15,002376,5.24,5.39,5.4,5.22,52636,28093202.37,3.44,2.86,0.15,0.84
2024-08-16,002376,5.39,5.41,5.44,5.37,45054,24373390.5,1.3,0.37,0.02,0.72
2024-08-19,002376,5.39,5.46,5.49,5.37,49972,27209622.0,2.22,0.92,0.05,0.8
2024-08-20,002376,5.45,5.34,5.46,5.31,40386,21682083.0,2.75,-2.2,-0.12,0.65
2024-08-21,002376,5.34,5.35,5.44,5.26,46246,24835035.0,3.37,0.19,0.01,0.74
2024-08-22,002376,5.35,5.13,5.37,5.11,57642,30073503.8,4.86,-4.11,-0.22,0.92
2024-08-23,002376,5.1,5.19,5.23,5.05,51735,26643826.66,3.51,1.17,0.06,0.83
2024-08-26,002376,5.2,5.22,5.27,5.11,59019,30715679.0,3.08,0.58,0.03,0.94
2024-08-27,002376,5.2,5.06,5.28,5.05,59439,30500446.95,4.41,-3.07,-0.16,0.95
2024-08-28,002376,5.01,5.16,5.21,5.0,52763,26994201.0,4.15,1.98,0.1,0.84
2024-08-29,002376,5.12,5.34,5.36,5.11,55696,29281515.87,4.84,3.49,0.18,0.89
2024-08-30,002376,5.33,5.46,5.61,5.32,80444,43958811.34,5.43,2.25,0.12,1.29
2024-09-02,002376,5.45,5.5,5.57,5.43,71300,39360224.95,2.56,0.73,0.04,1.14
2024-09-03,002376,5.47,5.55,5.57,5.45,69843,38559240.0,2.18,0.91,0.05,1.12
2024-09-04,002376,5.52,5.45,5.57,5.42,51621,28262755.0,2.7,-1.8,-0.1,0.83
2024-09-05,002376,5.52,5.55,5.59,5.48,55401,30708505.54,2.02,1.83,0.1,0.89
2024-09-06,002376,5.52,5.47,5.61,5.45,58006,32123713.35,2.88,-1.44,-0.08,0.93
2024-09-09,002376,5.43,5.47,5.53,5.39,48576,26554409.0,2.56,0.0,0.0,0.78
2024-09-10,002376,5.47,5.58,5.6,5.41,50580,27781881.52,3.47,2.01,0.11,0.81
2024-09-11,002376,5.55,5.5,5.61,5.46,50127,27770901.52,2.69,-1.43,-0.08,0.8
2024-09-12,002376,5.52,5.56,5.61,5.48,56563,31392138.69,2.36,1.09,0.06,0.9
2024-09-13,002376,5.57,5.49,5.58,5.47,49446,27207138.15,1.98,-1.26,-0.07,0.79
2024-09-18,002376,5.48,5.55,5.58,5.45,53673,29604505.12,2.37,1.09,0.06,0.86
2024-09-19,002376,5.57,5.63,5.65,5.56,77933,43734419.34,1.62,1.44,0.08,1.25
2024-09-20,002376,5.64,5.63,5.73,5.57,118127,66712060.09,2.84,0.0,0.0,1.89
2024-09-23,002376,5.6,5.69,5.75,5.59,84329,48034917.26,2.84,1.07,0.06,1.35
2024-09-24,002376,5.72,5.77,5.77,5.62,93167,53260462.0,2.64,1.41,0.08,1.49
2024-09-25,002376,5.78,5.74,5.88,5.72,97421,56658781.61,2.77,-0.52,-0.03,1.56
2024-09-26,002376,5.77,5.85,5.86,5.74,89505,51960760.52,2.09,1.92,0.11,1.43
2024-09-27,002376,6.13,6.33,6.35,6.06,223304,138702723.49,4.96,8.21,0.48,3.57
2024-09-30,002376,6.57,6.86,6.95,6.43,341388,229022826.83,8.21,8.37,0.53,5.46
2024-10-08,002376,7.55,7.55,7.55,7.0,357676,263891253.95,8.02,10.06,0.69,5.72
2024-10-09,002376,7.55,7.1,7.57,7.09,348622,256164939.67,6.36,-5.96,-0.45,5.57
2024-10-10,002376,7.11,6.95,7.27,6.85,242068,170334481.88,5.92,-2.11,-0.15,3.87
2024-10-11,002376,6.99,6.69,6.99,6.64,151599,102765358.96,5.04,-3.74,-0.26,2.42
2024-10-14,002376,6.68,6.92,6.92,6.59,142308,96529271.82,4.93,3.44,0.23,2.28
2024-10-15,002376,6.88,6.86,7.04,6.77,159312,110275593.57,3.9,-0.87,-0.06,2.55
2024-10-16,002376,6.78,6.82,6.86,6.72,94796,64498303.75,2.04,-0.58,-0.04,1.52
2024-10-17,002376,6.83,6.84,7.01,6.83,127063,88124247.0,2.64,0.29,0.02,2.03
2024-10-18,002376,6.83,7.01,7.14,6.78,152891,106487708.61,5.26,2.49,0.17,2.44
2024-10-21,002376,7.07,7.24,7.34,7.05,195248,140778295.56,4.14,3.28,0.23,3.12
2024-10-22,002376,7.13,6.99,7.18,6.96,190415,134114200.02,3.04,-3.45,-0.25,3.04
2024-10-23,002376,7.01,7.06,7.17,6.97,162832,115396718.33,2.86,1.0,0.07,2.6
2024-10-24,002376,7.06,6.94,7.06,6.9,115149,80083950.52,2.27,-1.7,-0.12,1.84
2024-10-25,002376,6.97,6.99,7.03,6.94,101229,70628705.71,1.3,0.72,0.05,1.62
2024-10-28,002376,7.0,7.27,7.38,6.99,259626,186930157.82,5.58,4.01,0.28,4.15
2024-10-29,002376,7.17,7.06,7.28,7.04,233283,166752720.47,3.3,-2.89,-0.21,3.73
2024-10-30,002376,7.06,6.97,7.13,6.9,210561,147288225.98,3.26,-1.27,-0.09,3.37
2024-10-31,002376,6.97,7.05,7.12,6.94,204675,144201580.61,2.58,1.15,0.08,3.27
2024-11-01,002376,7.07,6.6,7.07,6.59,273864,184975250.9,6.81,-6.38,-0.45,4.38
2024-11-04,002376,6.65,6.88,6.94,6.62,209609,143203911.78,4.85,4.24,0.28,3.35
2024-11-05,002376,6.88,7.01,7.04,6.88,179420,125332640.91,2.33,1.89,0.13,2.87
2024-11-06,002376,7.05,6.98,7.11,6.93,196500,138107017.33,2.57,-0.43,-0.03,3.14
2024-11-07,002376,6.94,7.08,7.08,6.92,171617,120245404.71,2.29,1.43,0.1,2.74
2024-11-08,002376,7.15,7.1,7.22,7.08,261959,187410625.96,1.98,0.28,0.02,4.19
2024-11-11,002376,7.05,7.2,7.25,7.05,217639,156196047.22,2.82,1.41,0.1,3.11
2024-11-12,002376,7.2,7.1,7.27,7.01,262932,188118927.91,3.61,-1.39,-0.1,3.76
2024-11-13,002376,7.0,7.06,7.13,6.89,170063,119263803.92,3.38,-0.56,-0.04,2.43
2024-11-14,002376,7.03,6.85,7.08,6.83,154933,107570637.56,3.54,-2.97,-0.21,2.22
2024-11-15,002376,6.8,6.8,7.04,6.79,155991,108174408.7,3.65,-0.73,-0.05,2.23
2024-11-18,002376,6.82,6.54,6.93,6.5,195017,128988161.49,6.32,-3.82,-0.26,2.79
2024-11-19,002376,6.54,6.73,6.74,6.54,120837,80186235.5,3.06,2.91,0.19,1.73
2024-11-20,002376,6.69,6.96,7.0,6.68,172604,118558238.58,4.75,3.42,0.23,2.47
2024-11-21,002376,6.91,6.96,7.02,6.87,136267,94774982.52,2.16,0.0,0.0,1.95
2024-11-22,002376,6.95,6.77,7.15,6.75,206908,144589450.91,5.75,-2.73,-0.19,2.96
2024-11-25,002376,6.74,6.82,6.85,6.61,191398,128357894.2,3.55,0.74,0.05,2.74
2024-11-26,002376,6.79,6.88,7.14,6.78,232123,160708246.86,5.28,0.88,0.06,3.32
2024-11-27,002376,6.8,7.05,7.07,6.62,283198,194850548.61,6.54,2.47,0.17,4.05
2024-11-28,002376,7.1,7.12,7.28,7.08,581261,418144811.37,2.84,0.99,0.07,8.32
2024-11-29,002376,7.04,7.25,7.37,6.96,564008,405551517.06,5.76,1.83,0.13,8.07
2024-12-02,002376,7.4,7.62,7.98,7.31,980298,749468139.22,9.24,5.1,0.37,14.03
2024-12-03,002376,7.5,7.44,7.72,7.38,689724,517849110.47,4.46,-2.36,-0.18,9.87
2024-12-04,002376,7.4,7.24,7.48,7.18,400839,293223522.74,4.03,-2.69,-0.2,5.74
2024-12-05,002376,7.29,7.33,7.47,7.24,370668,272019425.77,3.18,1.24,0.09,5.3
2024-12-06,002376,7.39,7.19,7.41,7.15,432469,312384002.1,3.55,-1.91,-0.14,6.19
2024-12-09,002376,7.14,7.09,7.19,7.0,341385,242082855.47,2.64,-1.39,-0.1,4.89
2024-12-10,002376,7.26,7.2,7.35,7.17,457147,331512392.08,2.54,1.55,0.11,6.54
2024-12-11,002376,7.18,7.44,7.6,7.15,585986,434238004.67,6.25,3.33,0.24,8.39
2024-12-12,002376,7.45,7.76,7.76,7.34,770858,583566974.51,5.65,4.3,0.32,11.03
2024-12-13,002376,7.69,7.5,7.69,7.48,475990,360413213.96,2.71,-3.35,-0.26,6.81
2024-12-16,002376,7.51,7.39,7.62,7.33,313992,233946209.92,3.87,-1.47,-0.11,4.49
2024-12-17,002376,7.37,6.94,7.39,6.93,363762,258008822.98,6.22,-6.09,-0.45,5.21
2024-12-18,002376,6.99,7.13,7.26,6.82,347010,245925254.35,6.34,2.74,0.19,4.97
2024-12-19,002376,7.04,7.45,7.5,7.01,479464,349797650.14,6.87,4.49,0.32,6.86
2024-12-20,002376,7.41,7.42,7.5,7.34,339207,252047519.48,2.15,-0.4,-0.03,4.85
2024-12-23,002376,7.39,6.95,7.44,6.93,384794,274526687.69,6.87,-6.33,-0.47,5.51
2024-12-24,002376,6.99,7.07,7.11,6.86,259016,181524224.57,3.6,1.73,0.12,3.71
2024-12-25,002376,7.01,6.68,7.02,6.57,355225,238275458.17,6.36,-5.52,-0.39,5.08
2024-12-26,002376,6.68,6.74,6.88,6.66,206512,139985679.43,3.29,0.9,0.06,2.62
2024-12-27,002376,6.78,6.84,7.0,6.73,218567,150482882.23,4.01,1.48,0.1,2.78
2024-12-30,002376,6.84,6.76,6.87,6.6,170980,115178149.68,3.95,-1.17,-0.08,2.17
2024-12-31,002376,6.75,6.52,6.85,6.51,210102,139510019.3,5.03,-3.55,-0.24,2.67
2025-01-02,002376,6.52,6.36,6.57,6.27,209884,135332660.54,4.6,-2.45,-0.16,2.67
2025-01-03,002376,6.38,6.04,6.44,6.02,208345,128977027.16,6.6,-5.03,-0.32,2.65
2025-01-06,002376,6.04,5.87,6.05,5.78,230981,136282589.97,4.47,-2.81,-0.17,2.93
2025-01-07,002376,5.9,6.1,6.1,5.9,201122,120339781.71,3.41,3.92,0.23,2.55
2025-01-08,002376,6.05,6.02,6.13,5.81,204933,122415800.18,5.25,-1.31,-0.08,2.6
2025-01-09,002376,5.96,6.04,6.11,5.93,152258,92203424.76,2.99,0.33,0.02,1.93
2025-01-10,002376,6.03,5.89,6.21,5.88,214901,129883025.54,5.46,-2.48,-0.15,2.73
2025-01-13,002376,5.8,5.92,5.95,5.69,157244,91788347.87,4.41,0.51,0.03,2.0
2025-01-14,002376,5.97,6.29,6.3,5.95,215483,132668246.9,5.91,6.25,0.37,2.74
2025-01-15,002376,6.33,6.31,6.4,6.23,165131,104265701.27,2.7,0.32,0.02,2.1
2025-01-16,002376,6.36,6.28,6.43,6.21,149393,94310620.64,3.49,-0.48,-0.03,1.9
2025-01-17,002376,6.3,6.27,6.31,6.22,115206,72281781.2,1.43,-0.16,-0.01,1.46
2025-01-20,002376,6.36,6.39,6.43,6.27,142936,91102737.33,2.55,1.91,0.12,1.82
2025-01-21,002376,6.41,6.39,6.48,6.3,116110,74136293.37,2.82,0.0,0.0,1.47
2025-01-22,002376,6.4,6.42,6.5,6.34,208152,133667866.16,2.5,0.47,0.03,2.64
2025-01-23,002376,6.47,6.35,6.59,6.34,241862,156874973.36,3.89,-1.09,-0.07,3.07
2025-01-24,002376,6.31,6.51,6.52,6.31,175003,112336047.53,3.31,2.52,0.16,2.22
2025-01-27,002376,6.55,6.45,6.61,6.45,178064,116401189.45,2.46,-0.92,-0.06,2.26
2025-02-05,002376,6.5,6.6,6.62,6.5,159505,105009296.62,1.86,2.33,0.15,2.03
2025-02-06,002376,6.57,6.8,6.8,6.53,199413,133453619.17,4.09,3.03,0.2,2.53
2025-02-07,002376,6.8,6.88,6.96,6.74,280452,192455262.02,3.24,1.18,0.08,3.56
2025-02-10,002376,6.88,7.0,7.0,6.86,213086,148309503.59,2.03,1.74,0.12,2.71
2025-02-11,002376,7.0,7.12,7.2,6.9,277922,196344630.96,4.29,1.71,0.12,3.53
2025-02-12,002376,7.08,7.08,7.16,7.04,209136,148226531.66,1.69,-0.56,-0.04,2.66
2025-02-13,002376,7.08,6.98,7.12,6.9,203749,142358156.71,3.11,-1.41,-0.1,2.59
2025-02-14,002376,6.99,7.03,7.04,6.89,154180,107724068.04,2.15,0.72,0.05,1.96
2025-02-17,002376,7.07,7.03,7.12,6.97,151228,106695127.66,2.13,0.0,0.0,1.92
2025-02-18,002376,7.05,6.85,7.1,6.83,174887,121805975.19,3.84,-2.56,-0.18,2.22
2025-02-19,002376,6.89,7.02,7.03,6.86,143085,99649507.6,2.48,2.48,0.17,1.82
2025-02-20,002376,7.04,7.15,7.16,7.0,260919,185626266.3,2.28,1.85,0.13,3.31
2025-02-21,002376,7.16,7.23,7.28,7.1,266477,191990610.0,2.52,1.12,0.08,3.38
2025-02-24,002376,7.22,7.25,7.3,7.15,228309,165098878.95,2.07,0.28,0.02,2.9
2025-02-25,002376,7.13,7.16,7.27,7.09,159170,114220770.09,2.48,-1.24,-0.09,2.02
2025-02-26,002376,7.16,7.25,7.28,7.13,187161,134903859.5,2.09,1.26,0.09,2.38
2025-02-27,002376,7.27,7.17,7.33,7.06,214248,153560487.73,3.72,-1.1,-0.08,2.72
2025-02-28,002376,7.11,6.88,7.15,6.83,185414,129225511.48,4.46,-4.04,-0.29,2.35
2025-03-03,002376,6.95,6.91,7.07,6.84,174196,121197664.16,3.34,0.44,0.03,2.21
2025-03-04,002376,6.91,7.15,7.2,6.88,223292,158244039.81,4.63,3.47,0.24,2.84
2025-03-05,002376,7.14,7.19,7.2,7.08,204555,146488242.76,1.68,0.56,0.04,2.6
2025-03-06,002376,7.21,7.26,7.3,7.16,248473,179867039.78,1.95,0.97,0.07,3.16
2025-03-07,002376,7.25,7.14,7.28,7.08,175917,126501869.68,2.75,-1.65,-0.12,2.23
2025-03-10,002376,7.12,7.09,7.15,7.02,139953,99018978.36,1.82,-0.7,-0.05,1.78
2025-03-11,002376,7.0,7.14,7.35,6.96,258783,184739354.66,5.5,0.71,0.05,3.29
2025-03-12,002376,7.17,7.33,7.39,7.14,331172,241160911.11,3.5,2.66,0.19,4.21
2025-03-13,002376,7.33,7.22,7.41,7.06,292753,210869673.19,4.77,-1.5,-0.11,3.72
2025-03-14,002376,7.18,7.22,7.24,7.07,216037,154959916.48,2.35,0.0,0.0,2.74
2025-03-17,002376,7.23,7.16,7.27,7.14,174272,125048550.88,1.8,-0.83,-0.06,2.21
2025-03-18,002376,7.17,7.16,7.2,7.11,142943,102246960.39,1.26,0.0,0.0,1.82
2025-03-19,002376,7.16,7.14,7.3,7.11,210285,150905226.73,2.65,-0.28,-0.02,2.67
2025-03-20,002376,7.14,7.35,7.48,7.09,450420,330249982.32,5.46,2.94,0.21,5.72
2025-03-21,002376,7.36,7.26,7.42,7.17,377824,274166168.7,3.4,-1.22,-0.09,4.8
2025-03-24,002376,7.25,6.81,7.25,6.61,496794,341054941.91,8.82,-6.2,-0.45,6.31
2025-03-25,002376,6.8,6.81,6.93,6.77,242575,166230743.31,2.35,0.0,0.0,3.08
2025-03-26,002376,6.78,6.89,6.94,6.77,268771,184651891.12,2.5,1.17,0.08,3.41
2025-03-27,002376,6.86,6.76,6.88,6.69,193772,131387924.12,2.76,-1.89,-0.13,2.46
2025-03-28,002376,6.72,6.68,6.78,6.62,176761,118364787.52,2.37,-1.18,-0.08,2.24
2025-03-31,002376,6.65,6.69,6.73,6.46,191406,126044400.66,4.04,0.15,0.01,2.43
2025-04-01,002376,6.7,6.76,6.86,6.69,155591,105467721.62,2.54,1.05,0.07,1.98
2025-04-02,002376,6.74,6.78,6.9,6.72,131452,89506450.57,2.66,0.3,0.02,1.67
2025-04-03,002376,6.72,6.76,6.84,6.66,116580,78990119.38,2.65,-0.29,-0.02,1.48
2025-04-07,002376,6.36,6.08,6.38,6.08,164519,101105077.0,4.44,-10.06,-0.68,2.09
2025-04-08,002376,5.98,5.67,6.05,5.48,462366,263083526.54,9.38,-6.74,-0.41,5.87
2025-04-09,002376,5.55,5.72,5.77,5.23,329263,182402236.49,9.52,0.88,0.05,4.18
2025-04-10,002376,5.89,5.92,6.06,5.88,278106,166154929.51,3.15,3.5,0.2,3.53
2025-04-11,002376,5.87,5.95,6.02,5.86,192028,114156135.86,2.7,0.51,0.03,2.44
2025-04-14,002376,6.1,6.05,6.15,6.02,173530,105640619.39,2.18,1.68,0.1,2.2
2025-04-15,002376,6.07,6.06,6.2,6.02,137610,83819047.0,2.98,0.17,0.01,1.75
2025-04-16,002376,6.01,5.92,6.06,5.81,165647,98069763.24,4.13,-2.31,-0.14,2.1
2025-04-17,002376,5.86,5.94,6.01,5.86,132863,79312275.16,2.53,0.34,0.02,1.69
2025-04-18,002376,5.94,6.02,6.05,5.93,120653,72242426.7,2.02,1.35,0.08,1.53
2025-04-21,002376,6.02,6.13,6.14,5.98,118820,72415152.0,2.66,1.83,0.11,1.51
2025-04-22,002376,6.12,6.14,6.19,6.08,146523,89992626.06,1.79,0.16,0.01,1.86
2025-04-23,002376,6.19,6.2,6.26,6.15,178999,111236693.14,1.79,0.98,0.06,2.27
2025-04-24,002376,6.18,6.1,6.2,6.05,171233,104674685.78,2.42,-1.61,-0.1,2.17
2025-04-25,002376,6.16,6.13,6.19,6.09,120007,73605340.15,1.64,0.49,0.03,1.52
2025-04-28,002376,6.13,6.74,6.74,6.04,549329,356328463.01,11.42,9.95,0.61,6.98
2025-04-29,002376,6.97,7.03,7.41,6.82,1102030,791950914.85,8.75,4.3,0.29,13.99
2025-04-30,002376,6.9,6.62,7.16,6.59,1233891,838258342.09,8.11,-5.83,-0.41,15.67
2025-05-06,002376,6.77,6.89,6.97,6.67,856386,585232796.92,4.53,4.08,0.27,10.88
2025-05-07,002376,6.95,6.9,7.09,6.85,729302,506691542.25,3.48,0.15,0.01,9.26
2025-05-08,002376,6.87,6.89,6.94,6.83,439619,302652974.4,1.59,-0.14,-0.01,5.58
2025-05-09,002376,6.87,6.75,6.92,6.71,318469,215843566.12,3.05,-2.03,-0.14,4.04
2025-05-12,002376,6.8,6.91,6.95,6.73,384902,264123965.1,3.26,2.37,0.16,4.89
2025-05-13,002376,7.0,6.84,7.04,6.83,337887,233531717.14,3.04,-1.01,-0.07,4.29
2025-05-14,002376,6.82,6.9,6.94,6.73,280875,191909154.04,3.07,0.88,0.06,3.57
2025-05-15,002376,6.83,6.77,6.87,6.74,183800,124486292.25,1.88,-1.88,-0.13,2.33
2025-05-16,002376,6.72,6.75,6.8,6.7,161834,109451665.0,1.48,-0.3,-0.02,2.06
2025-05-19,002376,6.75,6.82,6.82,6.64,186083,125566337.55,2.67,1.04,0.07,2.36
2025-05-20,002376,6.82,7.1,7.24,6.74,750426,529974090.1,7.33,4.11,0.28,9.53
2025-05-21,002376,7.11,7.06,7.18,6.97,635749,450113327.82,2.96,-0.56,-0.04,8.07
2025-05-22,002376,7.09,6.97,7.13,6.95,367702,258706349.08,2.55,-1.27,-0.09,4.67
2025-05-23,002376,6.95,6.77,7.02,6.76,290768,200114762.84,3.73,-2.87,-0.2,3.69
2025-05-26,002376,6.75,7.2,7.45,6.71,1039474,751402381.98,10.93,6.35,0.43,13.2
