Date,股票代码,Open,Close,High,Low,Volume,Amount,振幅,涨跌幅,涨跌额,换手率
2017-11-09,300719,8.7,10.65,10.65,8.7,108,188044.0,27.58,50.64,3.58,0.03
2017-11-10,300719,11.82,11.82,11.82,11.82,23,43891.0,0.0,10.99,1.17,0.01
2017-11-13,300719,13.11,13.11,13.11,13.11,48,101378.0,0.0,10.91,1.29,0.01
2017-11-14,300719,14.52,14.52,14.52,14.52,70,164594.0,0.0,10.76,1.41,0.02
2017-11-15,300719,16.08,16.08,16.08,16.08,106,273602.0,0.0,10.74,1.56,0.03
2017-11-16,300719,17.79,17.79,17.79,17.79,161,454383.0,0.0,10.63,1.71,0.04
2017-11-17,300719,19.68,19.68,19.68,19.68,722,2246850.0,0.0,10.62,1.89,0.17
2017-11-20,300719,21.75,21.75,21.75,20.95,37251,127296558.0,4.07,10.52,2.07,8.87
2017-11-21,300719,21.75,21.35,22.99,20.29,227355,774324256.0,12.41,-1.84,-0.4,54.13
2017-11-22,300719,20.17,22.15,22.63,19.73,213499,718290992.0,13.58,3.75,0.8,50.83
2017-11-23,300719,20.68,19.83,21.01,19.83,138573,441969888.0,5.33,-10.47,-2.32,32.99
2017-11-24,300719,18.95,17.74,19.16,17.74,102312,298678512.0,7.16,-10.54,-2.09,24.36
2017-11-27,300719,17.61,17.01,18.37,16.88,74930,210300941.0,8.4,-4.11,-0.73,17.84
2017-11-28,300719,17.08,17.28,17.61,16.95,56271,154606029.0,3.88,1.59,0.27,13.4
2017-11-29,300719,17.16,16.67,17.31,16.19,76759,202751314.0,6.48,-3.53,-0.61,18.28
2017-11-30,300719,16.79,17.03,17.37,16.74,75550,205302961.0,3.78,2.16,0.36,17.99
2017-12-01,300719,16.95,17.15,17.33,16.54,60957,165081212.0,4.64,0.7,0.12,14.51
2017-12-04,300719,16.85,15.33,16.93,15.33,75843,192640877.0,9.33,-10.61,-1.82,18.06
2017-12-05,300719,15.39,15.25,15.99,15.05,50474,125499700.0,6.13,-0.52,-0.08,12.02
2017-12-06,300719,14.94,15.56,15.6,14.85,48162,117258454.0,4.92,2.03,0.31,11.47
2017-12-07,300719,15.41,15.55,16.25,15.28,56977,143971519.0,6.23,-0.06,-0.01,13.57
2017-12-08,300719,15.32,16.09,16.5,15.09,69417,177931677.0,9.07,3.47,0.54,16.53
2017-12-11,300719,16.01,16.23,16.44,15.89,52119,134725266.0,3.42,0.87,0.14,12.41
2017-12-12,300719,16.14,15.49,16.14,15.43,57228,144181575.0,4.37,-4.56,-0.74,13.63
2017-12-13,300719,15.42,15.73,15.78,15.37,27961,70018314.0,2.65,1.55,0.24,6.66
2017-12-14,300719,15.75,15.93,16.05,15.4,37264,93901607.0,4.13,1.27,0.2,8.87
2017-12-15,300719,15.8,15.4,15.97,15.21,37723,93994026.0,4.77,-3.33,-0.53,8.98
2017-12-18,300719,15.61,15.4,15.71,15.13,25688,63539792.0,3.77,0.0,0.0,6.12
2017-12-19,300719,15.43,15.41,15.6,15.21,28011,69179816.0,2.53,0.06,0.01,6.67
2017-12-20,300719,15.37,14.47,15.45,14.4,50196,119509026.0,6.81,-6.1,-0.94,11.95
2017-12-21,300719,14.45,14.54,14.79,14.01,37314,86689587.0,5.39,0.48,0.07,8.88
2017-12-22,300719,14.49,14.67,14.81,14.43,29899,70420723.0,2.61,0.89,0.13,7.12
2017-12-25,300719,14.87,15.05,15.51,14.74,40631,98226004.0,5.25,2.59,0.38,9.67
2017-12-26,300719,14.98,16.28,16.61,14.98,84864,217163703.0,10.83,8.17,1.23,20.21
2017-12-27,300719,16.01,16.04,16.49,15.91,61055,157986363.0,3.56,-1.47,-0.24,14.54
2017-12-28,300719,16.0,16.62,17.17,15.96,77734,207116111.0,7.54,3.62,0.58,18.51
2017-12-29,300719,16.67,16.43,16.91,16.19,42796,112472740.0,4.33,-1.14,-0.19,10.19
2018-01-02,300719,16.58,16.45,16.73,16.09,33494,87624397.0,3.9,0.12,0.02,7.97
2018-01-03,300719,16.46,16.04,16.46,15.83,38661,98918792.0,3.83,-2.49,-0.41,9.2
2018-01-04,300719,15.96,16.18,16.73,15.87,44446,116072659.0,5.36,0.87,0.14,10.58
2018-01-05,300719,16.01,15.78,16.17,15.69,35240,89444318.0,2.97,-2.47,-0.4,8.39
2018-01-08,300719,15.81,16.2,16.25,15.53,36363,92162824.0,4.56,2.66,0.42,8.66
2018-01-09,300719,16.19,16.29,16.65,15.99,44628,116490621.0,4.07,0.56,0.09,10.63
2018-01-10,300719,16.15,15.41,16.2,15.15,47469,118885683.0,6.45,-5.4,-0.88,11.3
2018-01-11,300719,15.35,15.71,16.05,15.17,41187,103655978.0,5.71,1.95,0.3,9.81
2018-01-12,300719,15.63,15.87,16.07,15.47,41533,104885281.0,3.82,1.02,0.16,9.89
2018-01-15,300719,16.0,15.93,16.53,15.93,74937,194555720.0,3.78,0.38,0.06,17.84
2018-01-16,300719,15.45,16.66,16.87,15.07,92697,241838485.0,11.3,4.58,0.73,22.07
2018-01-17,300719,16.78,16.99,17.27,16.18,97986,263491429.0,6.54,1.98,0.33,23.33
2018-01-18,300719,16.75,16.73,17.01,16.57,51184,136729081.0,2.59,-1.53,-0.26,12.19
2018-01-19,300719,17.08,18.51,18.51,17.07,40977,118365821.0,8.61,10.64,1.78,9.76
2018-01-22,300719,19.94,18.54,20.47,18.29,216436,678395216.0,11.78,0.16,0.03,51.53
2018-01-23,300719,17.31,17.51,17.98,16.81,146128,404458672.0,6.31,-5.56,-1.03,34.79
2018-01-24,300719,17.26,17.35,17.75,16.82,101373,278877680.0,5.31,-0.91,-0.16,24.14
2018-01-25,300719,17.09,17.35,18.22,17.01,114296,321225968.0,6.97,0.0,0.0,27.21
2018-01-26,300719,17.16,16.41,17.31,16.34,82957,222296795.0,5.59,-5.42,-0.94,19.75
2018-01-29,300719,16.35,16.66,16.73,16.01,51827,135632085.0,4.39,1.52,0.25,12.34
2018-01-30,300719,16.58,16.73,16.89,16.3,43778,115883555.0,3.54,0.42,0.07,10.42
2018-01-31,300719,16.15,14.95,16.15,14.95,69862,172238026.0,7.17,-10.64,-1.78,16.63
2018-02-01,300719,14.96,13.95,15.05,13.89,48328,112207856.0,7.76,-6.69,-1.0,11.51
2018-02-02,300719,13.77,13.85,14.13,13.35,30094,67145223.0,5.59,-0.72,-0.1,7.17
2018-02-05,300719,13.48,13.03,13.85,12.96,29730,64548719.0,6.43,-5.92,-0.82,7.08
2018-02-06,300719,12.47,11.63,12.98,11.63,36980,74256538.0,10.36,-10.74,-1.4,8.8
2018-02-07,300719,11.96,12.0,12.23,11.32,40490,78909518.0,7.82,3.18,0.37,9.64
2018-02-08,300719,11.89,12.16,12.45,11.89,28204,56232794.0,4.67,1.33,0.16,6.72
2018-02-09,300719,11.75,11.91,11.96,11.58,30112,57942682.0,3.13,-2.06,-0.25,7.17
2018-02-12,300719,12.18,12.36,12.57,12.01,25265,50765895.0,4.7,3.78,0.45,6.02
2018-02-13,300719,12.43,12.04,12.55,12.01,25420,50861799.0,4.37,-2.59,-0.32,6.05
2018-02-14,300719,11.89,12.1,12.25,11.89,15199,30002640.0,2.99,0.5,0.06,3.62
2018-02-22,300719,12.3,12.38,12.53,12.15,15820,31793635.0,3.14,2.31,0.28,3.77
2018-02-23,300719,12.39,12.53,12.89,12.33,22921,46786705.0,4.52,1.21,0.15,5.46
2018-02-26,300719,12.85,13.21,13.38,12.68,41211,86983201.0,5.59,5.43,0.68,9.81
2018-02-27,300719,13.16,13.41,13.88,13.09,48825,106523547.0,5.98,1.51,0.2,11.63
2018-02-28,300719,13.19,13.07,13.37,12.87,31819,67790365.0,3.73,-2.54,-0.34,7.58
2018-03-01,300719,12.87,13.34,13.38,12.87,25664,55079300.0,3.9,2.07,0.27,6.11
2018-03-02,300719,13.1,13.16,13.39,12.92,25010,53372634.0,3.52,-1.35,-0.18,5.95
2018-03-05,300719,13.61,14.58,14.58,13.28,103106,238402915.0,9.88,10.79,1.42,24.55
2018-03-06,300719,14.27,14.41,14.71,14.18,85103,197443340.0,3.64,-1.17,-0.17,20.26
2018-03-07,300719,14.2,14.25,14.39,13.98,40786,93109547.0,2.85,-1.11,-0.16,9.71
2018-03-08,300719,14.21,14.55,14.56,14.08,51691,120058294.0,3.37,2.11,0.3,12.31
2018-03-09,300719,14.53,14.77,14.92,14.41,53847,127196267.0,3.51,1.51,0.22,12.82
2018-03-12,300719,14.93,15.02,15.2,14.58,58556,139944599.0,4.2,1.69,0.25,13.94
2018-03-13,300719,15.57,14.41,15.92,14.41,76306,186272208.0,10.05,-4.06,-0.61,18.17
2018-03-14,300719,14.15,13.97,14.51,13.9,46954,107456589.0,4.23,-3.05,-0.44,11.18
2018-03-15,300719,13.92,13.59,14.15,13.27,44815,98896549.0,6.3,-2.72,-0.38,10.67
2018-03-16,300719,13.62,13.63,13.78,13.55,22915,50633282.0,1.69,0.29,0.04,5.46
2018-03-19,300719,13.79,14.18,14.35,13.75,43793,99745689.0,4.4,4.04,0.55,10.43
2018-03-20,300719,14.05,14.67,14.68,13.8,49584,114186831.0,6.21,3.46,0.49,11.81
2018-03-21,300719,14.65,15.78,16.25,14.53,135299,341213264.0,11.72,7.57,1.11,32.21
2018-03-22,300719,15.77,15.15,15.77,15.05,91175,224381670.0,4.56,-3.99,-0.63,21.71
2018-03-23,300719,14.55,16.77,16.77,14.34,162632,417668608.0,16.04,10.69,1.62,38.72
2018-03-26,300719,17.61,18.55,18.55,16.95,239310,686839248.0,9.54,10.61,1.78,56.98
2018-03-27,300719,18.61,20.51,20.51,18.15,183580,560295392.0,12.72,10.57,1.96,43.71
2018-03-28,300719,22.01,18.91,22.61,18.81,278796,930953280.0,18.53,-7.8,-1.6,66.38
2018-03-29,300719,18.45,18.05,18.75,17.77,181792,523805104.0,5.18,-4.55,-0.86,43.28
2018-03-30,300719,17.81,18.12,18.63,17.81,138164,400030224.0,4.54,0.39,0.07,32.9
2018-04-02,300719,17.93,18.07,18.61,17.54,137024,394643280.0,5.91,-0.28,-0.05,32.62
2018-04-03,300719,17.64,18.47,18.94,17.61,137192,400971344.0,7.36,2.21,0.4,32.66
2018-04-04,300719,18.68,19.31,20.42,18.08,188166,580853472.0,12.67,4.55,0.84,44.8
2018-04-09,300719,19.15,20.16,20.93,18.87,163995,519941328.0,10.67,4.4,0.85,39.05
2018-04-10,300719,19.75,18.04,19.99,18.04,145589,429394784.0,9.67,-10.52,-2.12,34.66
2018-04-11,300719,17.67,19.37,19.55,17.31,115299,335883376.0,12.42,7.37,1.33,27.45
2018-04-12,300719,18.95,19.67,21.15,18.48,171048,539107344.0,13.78,1.55,0.3,40.73
2018-04-13,300719,19.68,20.29,21.15,18.81,167303,538794416.0,11.9,3.15,0.62,39.83
2018-04-16,300719,20.3,20.18,21.05,19.48,123780,396547456.0,7.74,-0.54,-0.11,29.47
2018-04-17,300719,20.0,18.41,20.23,18.2,101485,309153376.0,10.06,-8.77,-1.77,24.16
2018-04-18,300719,18.59,18.28,18.7,16.95,77037,219380071.0,9.51,-0.71,-0.13,18.34
2018-04-19,300719,18.03,17.93,18.92,17.82,74530,217651208.0,6.02,-1.91,-0.35,17.75
2018-04-20,300719,17.65,16.44,18.09,16.25,64067,175956979.0,10.26,-8.31,-1.49,15.25
2018-04-23,300719,16.44,16.68,17.09,16.02,43619,116040100.0,6.51,1.46,0.24,10.39
2018-04-24,300719,16.97,17.43,17.52,16.7,53549,146350685.0,4.92,4.5,0.75,12.75
2018-04-25,300719,17.25,17.35,17.6,17.15,45607,126140737.0,2.58,-0.46,-0.08,10.86
2018-04-26,300719,17.05,16.3,17.05,16.28,57188,151699688.0,4.44,-6.05,-1.05,13.62
2018-04-27,300719,16.5,16.65,16.87,16.35,32524,86142705.0,3.19,2.15,0.35,7.74
2018-05-02,300719,16.65,16.13,16.85,15.81,31104,80912398.0,6.25,-3.12,-0.52,7.41
2018-05-03,300719,16.47,17.07,17.11,16.13,46967,125215766.0,6.08,5.83,0.94,11.18
2018-05-04,300719,16.97,18.08,18.41,16.85,75964,213137803.0,9.14,5.92,1.01,18.09
2018-05-07,300719,17.83,18.31,18.51,17.43,65496,187632213.0,5.97,1.27,0.23,15.59
2018-05-08,300719,18.18,18.33,19.05,17.85,74923,219771890.0,6.55,0.11,0.02,17.84
2018-05-09,300719,18.28,18.83,18.83,17.49,107410,202453130.0,7.31,2.73,0.5,17.05
2018-05-10,300719,19.46,18.83,20.46,18.81,150705,302730640.0,8.76,0.0,0.0,23.92
2018-05-11,300719,18.74,17.58,18.74,17.56,117377,218164622.0,6.27,-6.64,-1.25,18.63
2018-05-14,300719,17.46,17.1,17.46,16.64,70547,125431643.0,4.66,-2.73,-0.48,11.2
2018-05-15,300719,16.98,17.8,17.97,16.94,82011,149782068.0,6.02,4.09,0.7,13.02
2018-05-16,300719,17.68,17.83,18.67,17.48,115741,218925474.0,6.69,0.17,0.03,18.37
2018-05-17,300719,17.39,18.27,18.42,17.02,98088,180546144.0,7.85,2.47,0.44,15.57
2018-05-18,300719,17.98,18.02,18.53,17.83,85026,160584688.0,3.83,-1.37,-0.25,13.5
2018-05-21,300719,18.09,18.29,18.35,17.5,89458,167665901.0,4.72,1.5,0.27,14.2
2018-05-22,300719,18.18,18.87,19.18,18.1,143677,278575952.0,5.9,3.17,0.58,22.81
2018-05-23,300719,18.64,19.02,19.78,18.38,151284,299210960.0,7.42,0.79,0.15,24.01
2018-05-24,300719,18.68,18.32,18.91,18.27,91152,174872619.0,3.36,-3.68,-0.7,14.47
2018-05-25,300719,18.59,20.22,20.22,18.43,159012,325214368.0,9.77,10.37,1.9,25.24
2018-05-28,300719,20.78,18.69,21.13,18.69,202513,411080288.0,12.07,-7.57,-1.53,32.14
2018-05-29,300719,17.78,17.26,18.47,17.23,105161,195567105.0,6.63,-7.65,-1.43,16.69
2018-05-30,300719,17.47,16.58,17.87,16.28,91852,165837165.0,9.21,-3.94,-0.68,14.58
2018-05-31,300719,16.92,16.85,17.01,16.3,64540,112718760.0,4.28,1.63,0.27,10.24
2018-06-01,300719,16.53,17.2,17.97,16.53,77756,139879272.0,8.55,2.08,0.35,12.34
2018-06-04,300719,16.98,17.18,17.53,16.86,50364,90372810.0,3.9,-0.12,-0.02,7.99
2018-06-05,300719,17.24,17.88,17.97,17.08,83536,153343581.0,5.18,4.07,0.7,13.26
2018-06-06,300719,17.68,18.14,18.16,17.48,75858,140907132.0,3.8,1.45,0.26,12.04
2018-06-07,300719,18.18,17.43,18.23,17.34,58619,108326638.0,4.91,-3.91,-0.71,9.3
2018-06-08,300719,17.33,17.37,17.72,16.77,47090,84840069.0,5.45,-0.34,-0.06,7.47
2018-06-11,300719,17.84,17.33,17.84,17.16,38290,69754832.0,3.91,-0.23,-0.04,6.08
2018-06-12,300719,16.97,17.31,17.49,16.48,41975,74958294.0,5.83,-0.12,-0.02,6.66
2018-06-13,300719,17.23,16.59,17.24,16.58,39115,69033192.0,3.81,-4.16,-0.72,6.21
2018-06-14,300719,16.48,16.43,16.88,16.32,32858,56623604.0,3.38,-0.96,-0.16,5.22
2018-06-15,300719,16.45,15.07,16.57,14.79,57649,93429353.0,10.83,-8.28,-1.36,9.15
2018-06-19,300719,14.68,13.56,15.51,13.49,54542,82060880.0,13.4,-10.02,-1.51,8.66
2018-06-20,300719,13.5,14.3,14.48,13.5,56511,83481141.0,7.23,5.46,0.74,8.97
2018-06-21,300719,14.11,14.13,14.78,14.03,53629,80803624.0,5.24,-1.19,-0.17,8.51
2018-06-22,300719,14.01,14.33,14.56,13.63,38679,57832433.0,6.58,1.42,0.2,6.14
2018-06-25,300719,14.35,14.39,14.76,14.29,36251,55210795.0,3.28,0.42,0.06,5.75
2018-06-26,300719,14.0,15.04,15.14,13.78,60832,94182089.0,9.45,4.52,0.65,9.66
2018-06-27,300719,14.93,14.94,15.11,14.6,37535,58485754.0,3.39,-0.66,-0.1,5.96
2018-06-28,300719,15.07,14.61,15.24,14.61,31087,48635940.0,4.22,-2.21,-0.33,4.93
2018-06-29,300719,14.66,15.15,15.23,14.66,33656,52987339.0,3.9,3.7,0.54,5.34
2018-07-02,300719,15.18,15.19,15.73,15.01,50416,81250238.0,4.75,0.26,0.04,8.0
2018-07-03,300719,15.11,15.69,15.78,15.03,62217,101207627.0,4.94,3.29,0.5,9.88
2018-07-04,300719,15.51,14.77,15.58,14.71,45706,72557154.0,5.54,-5.86,-0.92,7.25
2018-07-05,300719,14.79,14.13,15.07,14.08,29422,45211821.0,6.7,-4.33,-0.64,4.67
2018-07-06,300719,14.14,14.57,14.83,14.13,34693,52904188.0,4.95,3.11,0.44,5.51
2018-07-09,300719,14.58,14.96,14.98,14.49,27773,43254107.0,3.36,2.68,0.39,4.41
2018-07-10,300719,14.87,15.38,15.4,14.81,44892,71050208.0,3.94,2.81,0.42,7.13
2018-07-11,300719,15.11,14.59,15.15,14.21,43925,67210585.0,6.11,-5.14,-0.79,6.97
2018-07-12,300719,14.53,15.21,15.8,14.53,57513,91995002.0,8.7,4.25,0.62,9.13
2018-07-13,300719,15.26,15.01,15.31,14.79,38205,60259033.0,3.42,-1.31,-0.2,6.06
2018-07-16,300719,15.06,15.12,15.36,14.91,30823,49044642.0,3.0,0.73,0.11,4.89
2018-07-17,300719,15.31,14.98,15.31,14.64,32356,50490330.0,4.43,-0.93,-0.14,5.14
2018-07-18,300719,15.03,14.69,15.19,14.69,33719,52995116.0,3.34,-1.94,-0.29,5.35
2018-07-19,300719,14.7,14.38,14.94,14.32,24999,38147685.0,4.22,-2.11,-0.31,3.97
2018-07-20,300719,14.43,14.69,14.76,14.34,25655,39233022.0,2.92,2.16,0.31,4.07
2018-07-23,300719,14.66,15.15,15.56,14.66,56950,90430301.0,6.13,3.13,0.46,9.04
2018-07-24,300719,14.98,15.21,15.38,14.98,50391,80060149.0,2.64,0.4,0.06,8.0
2018-07-25,300719,15.25,15.07,15.35,14.99,27965,44360472.0,2.37,-0.92,-0.14,4.44
2018-07-26,300719,15.01,14.59,15.21,14.58,32399,50052733.0,4.18,-3.19,-0.48,5.14
2018-07-27,300719,14.58,14.43,14.81,14.42,17313,26502579.0,2.67,-1.1,-0.16,2.75
2018-07-30,300719,14.43,14.31,14.61,14.1,23074,34705235.0,3.53,-0.83,-0.12,3.66
2018-07-31,300719,14.28,13.89,14.33,13.78,22371,33017822.0,3.84,-2.94,-0.42,3.55
2018-08-01,300719,13.94,12.76,14.03,12.68,44987,63096847.0,9.72,-8.14,-1.13,7.14
2018-08-02,300719,12.76,12.17,12.77,11.79,36004,46271376.0,7.68,-4.62,-0.59,5.71
2018-08-03,300719,12.17,11.98,12.38,11.96,22927,29557233.0,3.45,-1.56,-0.19,3.64
2018-08-06,300719,12.08,11.66,12.19,11.49,16885,21178049.0,5.84,-2.67,-0.32,2.68
2018-08-07,300719,11.76,12.15,12.19,11.59,26894,34094334.0,5.15,4.2,0.49,4.27
2018-08-08,300719,12.11,11.67,12.15,11.64,22733,28686557.0,4.2,-3.95,-0.48,3.61
2018-08-09,300719,11.58,12.05,12.24,11.58,28324,36110964.0,5.66,3.26,0.38,4.5
2018-08-10,300719,12.12,12.23,12.31,11.99,23197,29884728.0,2.66,1.49,0.18,3.68
2018-08-13,300719,11.99,12.28,12.36,11.88,26372,33949908.0,3.92,0.41,0.05,4.19
2018-08-14,300719,12.29,12.56,12.57,12.17,34956,45852830.0,3.26,2.28,0.28,5.55
2018-08-15,300719,12.61,12.27,13.24,12.23,51787,69848076.0,8.04,-2.31,-0.29,8.22
2018-08-16,300719,11.73,11.82,12.15,11.5,32109,40323903.0,5.3,-3.67,-0.45,5.1
2018-08-17,300719,11.95,11.58,12.17,11.54,22061,27677586.0,5.33,-2.03,-0.24,3.5
2018-08-20,300719,11.36,11.57,11.67,11.08,33053,39949461.0,5.09,-0.09,-0.01,5.25
2018-08-21,300719,11.56,11.66,11.82,11.36,25231,31163737.0,3.98,0.78,0.09,4.0
2018-08-22,300719,11.63,11.56,11.8,11.43,21352,26411573.0,3.17,-0.86,-0.1,3.39
2018-08-23,300719,11.64,11.68,11.83,11.53,19269,23916430.0,2.6,1.04,0.12,3.06
2018-08-24,300719,11.72,11.53,11.82,11.5,15545,19220485.0,2.74,-1.28,-0.15,2.47
2018-08-27,300719,11.73,12.76,12.76,11.73,21647,28762361.0,8.93,10.67,1.23,3.44
2018-08-28,300719,13.55,12.95,14.11,12.78,149649,214087827.0,10.42,1.49,0.19,23.75
2018-08-29,300719,12.63,12.58,12.78,12.14,89539,118062550.0,4.94,-2.86,-0.37,14.21
2018-08-30,300719,12.43,12.17,12.53,12.13,46584,60581591.0,3.18,-3.26,-0.41,7.39
2018-08-31,300719,12.28,12.61,12.96,12.18,85706,114469698.0,6.41,3.62,0.44,13.6
2018-09-03,300719,12.28,13.04,13.05,11.9,83541,111657860.0,9.12,3.41,0.43,13.26
2018-09-04,300719,12.81,13.06,13.43,12.68,97992,135193049.0,5.75,0.15,0.02,15.55
2018-09-05,300719,13.08,13.29,13.69,13.04,96066,135343840.0,4.98,1.76,0.23,15.25
2018-09-06,300719,13.05,13.13,13.43,12.93,65786,91421901.0,3.76,-1.2,-0.16,10.44
2018-09-07,300719,13.13,12.76,13.37,12.33,59469,81028444.0,7.92,-2.82,-0.37,9.44
2018-09-10,300719,12.81,11.82,12.86,11.71,50683,65406135.0,9.01,-7.37,-0.94,8.04
2018-09-11,300719,11.93,13.07,13.07,11.89,61425,81276324.0,9.98,10.58,1.25,9.75
2018-09-12,300719,13.28,13.28,13.87,13.03,140872,199497207.0,6.43,1.61,0.21,22.36
2018-09-13,300719,13.59,14.68,14.68,13.11,146509,213466071.0,11.82,10.54,1.4,23.26
2018-09-14,300719,15.15,13.87,15.98,13.61,220969,347135136.0,16.14,-5.52,-0.81,35.07
2018-09-17,300719,14.35,14.26,15.06,14.04,128705,194711789.0,7.35,2.81,0.39,20.43
2018-09-18,300719,13.89,14.43,14.46,13.58,112964,167656675.0,6.17,1.19,0.17,17.93
2018-09-19,300719,14.09,14.46,14.95,13.69,139034,208692387.0,8.73,0.21,0.03,22.07
2018-09-20,300719,14.18,13.96,14.29,13.79,78686,115691104.0,3.46,-3.46,-0.5,12.49
2018-09-21,300719,13.88,13.96,14.13,13.8,54334,79752315.0,2.36,0.0,0.0,8.62
2018-09-25,300719,13.85,13.87,14.12,13.63,44030,64457492.0,3.51,-0.64,-0.09,6.99
2018-09-26,300719,13.8,13.73,13.96,13.59,50293,72788608.0,2.67,-1.01,-0.14,7.98
2018-09-27,300719,13.77,12.74,13.82,12.68,70893,98676568.0,8.3,-7.21,-0.99,11.25
2018-09-28,300719,12.8,12.74,13.05,12.61,42465,57626450.0,3.45,0.0,0.0,6.74
2018-10-08,300719,12.74,12.05,12.76,11.93,36308,47133672.0,6.51,-5.42,-0.69,5.76
2018-10-09,300719,12.17,12.11,12.31,11.89,26715,34306282.0,3.49,0.5,0.06,4.24
2018-10-10,300719,12.23,12.66,12.66,11.99,53738,70332775.0,5.53,4.54,0.55,8.53
2018-10-11,300719,12.13,11.66,12.43,11.38,55886,70588063.0,8.29,-7.9,-1.0,8.87
2018-10-12,300719,11.48,11.92,12.17,11.09,40011,49668843.0,9.26,2.23,0.26,6.35
2018-10-15,300719,11.43,11.48,11.8,11.33,38555,47345561.0,3.94,-3.69,-0.44,6.12
2018-10-16,300719,11.88,11.93,12.7,11.83,92319,120595815.0,7.58,3.92,0.45,14.65
2018-10-17,300719,11.93,11.76,12.13,11.37,75102,93247032.0,6.37,-1.42,-0.17,11.92
2018-10-18,300719,11.54,10.52,11.55,10.51,57712,67233190.0,8.84,-10.54,-1.24,9.16
2018-10-19,300719,10.28,10.59,10.77,9.88,36959,41072800.0,8.46,0.67,0.07,5.87
2018-10-22,300719,10.78,11.19,11.33,10.61,48119,56508692.0,6.8,5.67,0.6,7.64
2018-10-23,300719,11.06,10.93,11.48,10.82,39687,47040710.0,5.9,-2.32,-0.26,6.3
2018-10-24,300719,10.79,10.93,11.18,10.78,26529,31125992.0,3.66,0.0,0.0,4.21
2018-10-25,300719,10.29,10.46,10.53,10.08,34793,38533290.0,4.12,-4.3,-0.47,5.52
2018-10-26,300719,10.58,10.33,10.71,10.33,25309,28374060.0,3.63,-1.24,-0.13,4.02
2018-10-29,300719,10.27,10.24,10.47,10.1,21498,23644523.0,3.58,-0.87,-0.09,3.41
2018-10-30,300719,10.08,10.37,10.42,9.98,27199,29874193.0,4.3,1.27,0.13,4.32
2018-10-31,300719,10.28,10.52,10.56,10.28,31934,35730274.0,2.7,1.45,0.15,5.07
2018-11-01,300719,10.51,10.68,10.93,10.43,40907,46574228.0,4.75,1.52,0.16,6.49
2018-11-02,300719,10.79,10.94,10.95,10.63,46252,53309218.0,3.0,2.43,0.26,7.34
2018-11-05,300719,11.13,10.87,11.14,10.68,43967,51195209.0,4.2,-0.64,-0.07,6.98
2018-11-06,300719,10.78,10.51,10.82,10.24,36330,40500954.0,5.34,-3.31,-0.36,5.77
2018-11-07,300719,10.48,10.44,10.66,10.41,26160,29504672.0,2.38,-0.67,-0.07,4.15
2018-11-08,300719,10.53,10.33,10.58,10.3,24410,27156601.0,2.68,-1.05,-0.11,3.87
2018-11-09,300719,10.43,10.37,10.48,10.29,15665,17386211.0,1.84,0.39,0.04,1.2
2018-11-12,300719,10.58,10.98,11.1,10.49,49569,57368575.0,5.88,5.88,0.61,3.79
2018-11-13,300719,10.81,10.99,11.13,10.66,53162,61807262.0,4.28,0.09,0.01,4.07
2018-11-14,300719,10.94,10.92,11.1,10.84,42496,49702472.0,2.37,-0.64,-0.07,3.25
2018-11-15,300719,10.72,11.29,11.38,10.64,70953,83783924.0,6.78,3.39,0.37,5.43
2018-11-16,300719,11.27,11.14,11.29,11.02,47633,56562239.0,2.39,-1.33,-0.15,3.64
2018-11-19,300719,11.28,11.19,11.29,10.89,29047,34225563.0,3.59,0.45,0.05,2.22
2018-11-20,300719,11.14,11.04,11.59,11.0,57484,69167827.0,5.27,-1.34,-0.15,4.4
2018-11-21,300719,11.07,11.0,11.07,10.75,33133,38410665.0,2.9,-0.36,-0.04,2.54
2018-11-22,300719,11.0,10.92,11.08,10.78,23410,27264620.0,2.73,-0.73,-0.08,1.79
2018-11-23,300719,10.93,10.25,11.02,10.13,31302,35275123.0,8.15,-6.14,-0.67,2.4
2018-11-26,300719,10.29,10.2,10.45,10.16,18063,19854714.0,2.83,-0.49,-0.05,1.38
2018-11-27,300719,10.35,10.32,10.43,10.21,17220,19048628.0,2.16,1.18,0.12,1.32
2018-11-28,300719,10.26,10.39,10.42,10.15,20576,22726182.0,2.62,0.68,0.07,1.57
2018-11-29,300719,10.49,10.04,10.56,9.98,21797,24117080.0,5.58,-3.37,-0.35,1.67
2018-11-30,300719,10.06,10.11,10.14,9.84,17143,18399797.0,2.99,0.7,0.07,1.31
2018-12-03,300719,10.29,10.38,10.49,10.29,23120,25691169.0,1.98,2.67,0.27,1.77
2018-12-04,300719,10.4,10.52,10.54,10.33,20235,22535392.0,2.02,1.35,0.14,1.55
2018-12-05,300719,10.35,10.31,10.38,10.17,16667,18357794.0,2.0,-2.0,-0.21,1.28
2018-12-06,300719,10.43,10.91,11.41,10.38,111668,131699341.0,9.99,5.82,0.6,8.54
2018-12-07,300719,10.68,10.83,10.87,10.56,61279,70063208.0,2.84,-0.73,-0.08,7.44
2018-12-10,300719,10.26,9.89,10.47,9.7,59720,64220640.0,7.11,-8.68,-0.94,7.25
2018-12-11,300719,9.85,9.83,9.94,9.64,35725,37505420.0,3.03,-0.61,-0.06,4.34
2018-12-12,300719,9.84,9.88,9.91,9.79,19515,20637796.0,1.22,0.51,0.05,2.37
2018-12-13,300719,9.88,9.92,10.03,9.73,24845,26423826.0,3.04,0.4,0.04,3.02
2018-12-14,300719,9.88,9.65,9.92,9.6,21333,22336475.0,3.23,-2.72,-0.27,2.59
2018-12-17,300719,9.65,9.88,9.88,9.38,28438,29625105.0,5.18,2.38,0.23,3.45
2018-12-18,300719,9.77,10.06,10.53,9.59,40719,43847550.0,9.51,1.82,0.18,4.94
2018-12-19,300719,9.78,9.74,9.95,9.69,23979,25269029.0,2.58,-3.18,-0.32,2.91
2018-12-20,300719,9.74,9.71,9.81,9.63,16605,17323085.0,1.85,-0.31,-0.03,2.02
2018-12-21,300719,9.66,9.58,9.81,9.51,14980,15564738.0,3.09,-1.34,-0.13,1.82
2018-12-24,300719,9.6,9.81,9.95,9.58,22107,23228592.0,3.86,2.4,0.23,2.68
2018-12-25,300719,9.7,9.7,9.76,9.4,18705,19260102.0,3.67,-1.12,-0.11,2.27
2018-12-26,300719,9.68,9.75,9.83,9.68,17202,18025591.0,1.55,0.52,0.05,2.09
2018-12-27,300719,9.91,9.56,9.91,9.56,18164,19037212.0,3.59,-1.95,-0.19,2.21
2018-12-28,300719,9.56,9.56,9.84,9.54,15437,16037463.0,3.14,0.0,0.0,1.87
2019-01-02,300719,9.6,9.71,9.87,9.59,17869,18676285.0,2.93,1.57,0.15,2.17
2019-01-03,300719,9.72,10.75,10.75,9.72,129510,146611793.0,10.61,10.71,1.04,15.75
2019-01-04,300719,10.76,10.78,11.37,10.61,167369,194700283.0,7.07,0.28,0.03,20.36
2019-01-07,300719,10.61,11.2,11.65,10.61,134100,158640605.0,9.65,3.9,0.42,16.31
2019-01-08,300719,10.99,10.82,10.99,10.69,80606,92937749.0,2.68,-3.39,-0.38,9.8
2019-01-09,300719,10.7,10.7,10.88,10.59,64561,74046510.0,2.68,-1.11,-0.12,7.85
2019-01-10,300719,10.65,10.78,10.82,10.51,49863,56842151.0,2.9,0.75,0.08,6.06
2019-01-11,300719,10.65,11.09,11.22,10.65,88180,103200673.0,5.29,2.88,0.31,10.73
2019-01-14,300719,10.93,10.67,11.06,10.62,45378,52059286.0,3.97,-3.79,-0.42,5.52
2019-01-15,300719,10.69,10.75,10.83,10.51,36893,42080213.0,3.0,0.75,0.08,4.49
2019-01-16,300719,10.69,10.38,10.77,10.37,36573,41246364.0,3.72,-3.44,-0.37,4.45
2019-01-17,300719,10.44,10.08,10.44,10.08,42463,46495870.0,3.47,-2.89,-0.3,5.16
2019-01-18,300719,10.12,10.13,10.2,9.94,22332,24128063.0,2.58,0.5,0.05,2.72
2019-01-21,300719,10.21,10.14,10.35,10.12,19474,21313226.0,2.27,0.1,0.01,2.37
2019-01-22,300719,10.15,10.12,10.26,10.03,16405,17816277.0,2.27,-0.2,-0.02,2.0
2019-01-23,300719,10.06,10.22,10.22,9.99,13484,14613875.0,2.27,0.99,0.1,1.64
2019-01-24,300719,10.2,10.27,10.37,10.11,20152,22139883.0,2.54,0.49,0.05,2.45
2019-01-25,300719,10.27,9.88,10.29,9.87,22086,23801872.0,4.09,-3.8,-0.39,2.69
2019-01-28,300719,9.98,9.78,10.04,9.72,13347,14132689.0,3.24,-1.01,-0.1,1.62
2019-01-29,300719,9.76,9.53,9.93,9.42,15903,16353341.0,5.21,-2.56,-0.25,1.93
2019-01-30,300719,9.53,9.56,9.69,9.48,9866,10154992.0,2.2,0.31,0.03,1.2
2019-01-31,300719,9.54,8.6,9.57,8.54,39689,37993255.0,10.77,-10.04,-0.96,4.83
2019-02-01,300719,8.65,8.83,8.92,8.65,14534,13854854.0,3.14,2.67,0.23,1.77
2019-02-11,300719,8.86,9.09,9.11,8.85,13391,13063826.0,2.94,2.94,0.26,1.63
2019-02-12,300719,9.23,9.26,9.38,9.11,22085,21929050.0,2.97,1.87,0.17,2.69
2019-02-13,300719,9.3,9.51,9.53,9.21,28418,28762987.0,3.46,2.7,0.25,3.46
2019-02-14,300719,9.4,9.52,9.6,9.4,22816,23333479.0,2.1,0.11,0.01,2.78
2019-02-15,300719,9.65,9.61,9.76,9.53,25374,26278089.0,2.42,0.95,0.09,3.09
2019-02-18,300719,9.61,9.93,9.95,9.58,32309,34032946.0,3.85,3.33,0.32,3.93
2019-02-19,300719,9.95,10.06,10.06,9.67,41183,43650714.0,3.93,1.31,0.13,5.01
2019-02-20,300719,10.05,10.18,10.48,9.85,54130,58892008.0,6.26,1.19,0.12,6.58
2019-02-21,300719,10.09,9.95,10.28,9.86,51153,55451974.0,4.13,-2.26,-0.23,6.22
2019-02-22,300719,9.93,10.11,10.15,9.88,32711,35182168.0,2.71,1.61,0.16,3.98
2019-02-25,300719,10.19,10.63,10.69,10.08,75092,83478947.0,6.03,5.14,0.52,9.13
2019-02-26,300719,10.8,10.47,10.86,10.44,67576,76582853.0,3.95,-1.51,-0.16,8.22
2019-02-27,300719,10.62,10.75,11.28,10.49,97020,112380684.0,7.55,2.67,0.28,11.8
2019-02-28,300719,10.92,10.82,11.1,10.49,62891,71979019.0,5.67,0.65,0.07,7.65
2019-03-01,300719,10.81,10.79,10.94,10.43,66610,76026414.0,4.71,-0.28,-0.03,8.1
2019-03-04,300719,10.88,10.96,11.06,10.76,76965,89459881.0,2.78,1.58,0.17,9.36
2019-03-05,300719,10.89,11.31,11.34,10.78,76652,90553944.0,5.11,3.19,0.35,9.32
2019-03-06,300719,11.35,11.4,11.53,11.04,78317,93964690.0,4.33,0.8,0.09,9.53
2019-03-07,300719,11.4,11.6,11.76,11.13,86812,106492123.0,5.53,1.75,0.2,10.56
2019-03-08,300719,11.28,10.98,11.54,10.96,66389,79446497.0,5.0,-5.34,-0.62,8.08
2019-03-11,300719,11.16,11.56,11.58,11.04,56172,67825831.0,4.92,5.28,0.58,6.83
2019-03-12,300719,11.82,11.84,12.05,11.48,92241,114738688.0,4.93,2.42,0.28,11.22
2019-03-13,300719,12.28,12.42,13.1,11.98,157817,210229910.0,9.46,4.9,0.58,19.2
2019-03-14,300719,11.91,12.47,13.03,11.34,163467,210017779.0,13.61,0.4,0.05,19.88
2019-03-15,300719,12.28,12.58,12.78,11.84,123764,160700387.0,7.54,0.88,0.11,15.05
2019-03-18,300719,12.55,12.36,12.56,12.08,69098,90060577.0,3.82,-1.75,-0.22,8.4
2019-03-19,300719,12.34,12.15,12.5,12.01,61874,80032253.0,3.96,-1.7,-0.21,7.53
2019-03-20,300719,12.03,12.02,12.19,11.6,61536,77817181.0,4.86,-1.07,-0.13,7.48
2019-03-21,300719,11.95,12.0,12.25,11.95,53417,68488672.0,2.5,-0.17,-0.02,7.28
2019-03-22,300719,11.99,11.77,12.0,11.6,39618,49552016.0,3.33,-1.92,-0.23,5.4
2019-03-25,300719,11.77,12.14,12.53,11.66,94156,121723633.0,7.39,3.14,0.37,12.84
2019-03-26,300719,12.13,11.47,12.17,11.46,58905,74093087.0,5.85,-5.52,-0.67,7.57
2019-03-27,300719,11.52,11.19,11.57,10.85,44591,52873086.0,6.28,-2.44,-0.28,5.73
2019-03-28,300719,11.14,10.98,11.36,10.94,32945,39197098.0,3.75,-1.88,-0.21,4.23
2019-03-29,300719,10.97,11.41,11.45,10.97,40126,48069991.0,4.37,3.92,0.43,5.16
2019-04-01,300719,11.48,11.87,12.01,11.48,45883,57385784.0,4.65,4.03,0.46,5.9
2019-04-02,300719,11.91,12.17,12.45,11.78,70184,90498566.0,5.64,2.53,0.3,9.02
2019-04-03,300719,12.26,12.22,12.5,12.03,55482,71689190.0,3.86,0.41,0.05,7.13
2019-04-04,300719,12.74,12.19,12.74,12.11,57805,75320817.0,5.16,-0.25,-0.03,7.43
2019-04-08,300719,12.15,11.94,12.32,11.74,54653,69827757.0,4.76,-2.05,-0.25,7.02
2019-04-09,300719,12.01,12.05,12.14,11.9,30362,38719594.0,2.01,0.92,0.11,3.9
2019-04-10,300719,11.68,11.63,11.88,11.48,40191,49748989.0,3.32,-3.49,-0.42,5.16
2019-04-11,300719,11.61,11.55,11.96,11.55,28386,35408892.0,3.53,-0.69,-0.08,3.65
2019-04-12,300719,11.56,11.37,11.63,11.29,23659,28660498.0,2.94,-1.56,-0.18,3.04
2019-04-15,300719,11.52,11.36,11.7,11.36,21207,26003598.0,2.99,-0.09,-0.01,2.72
2019-04-16,300719,11.36,11.61,11.62,11.08,29619,35689768.0,4.75,2.2,0.25,3.81
2019-04-17,300719,11.57,11.64,11.74,11.48,29919,36893138.0,2.24,0.26,0.03,3.84
2019-04-18,300719,11.67,11.8,12.08,11.66,46859,59010846.0,3.61,1.37,0.16,6.02
2019-04-19,300719,11.88,11.75,11.98,11.5,30888,38408737.0,4.07,-0.42,-0.05,3.97
2019-04-22,300719,11.83,11.37,11.83,11.34,31069,38048203.0,4.17,-3.23,-0.38,3.99
2019-04-23,300719,11.36,11.13,11.48,11.1,21452,25699012.0,3.34,-2.11,-0.24,2.76
2019-04-24,300719,11.13,11.23,11.26,10.94,16827,19948869.0,2.88,0.9,0.1,2.16
2019-04-25,300719,11.18,10.71,11.28,10.71,19921,23413773.0,5.08,-4.63,-0.52,2.56
2019-04-26,300719,10.71,10.64,10.89,10.59,18226,20841054.0,2.8,-0.65,-0.07,2.34
2019-04-29,300719,10.65,9.89,10.65,9.88,25114,27426091.0,7.24,-7.05,-0.75,3.23
2019-04-30,300719,10.0,10.07,10.25,10.0,15282,16570469.0,2.53,1.82,0.18,1.96
2019-05-06,300719,9.82,9.17,9.98,9.11,22871,23466117.0,8.64,-8.94,-0.9,2.94
2019-05-07,300719,9.19,9.5,9.58,9.19,18375,18597479.0,4.25,3.6,0.33,2.36
2019-05-08,300719,9.4,9.73,9.96,9.19,20278,20970911.0,8.11,2.42,0.23,2.61
2019-05-09,300719,9.76,9.83,10.13,9.75,28148,30030690.0,3.91,1.03,0.1,3.62
2019-05-10,300719,9.67,10.89,10.89,9.67,67779,76416477.0,12.41,10.78,1.06,8.71
2019-05-13,300719,10.38,10.62,11.1,10.38,65725,75753862.0,6.61,-2.48,-0.27,8.45
2019-05-14,300719,10.68,10.89,11.2,10.48,65357,75679521.0,6.78,2.54,0.27,8.4
2019-05-15,300719,10.76,10.76,10.95,10.52,46348,52886817.0,3.95,-1.19,-0.13,5.96
2019-05-16,300719,10.67,11.13,11.61,10.54,80173,94602056.0,9.94,3.44,0.37,10.3
2019-05-17,300719,10.99,10.52,11.16,10.35,53076,61563576.0,7.28,-5.48,-0.61,6.82
2019-05-20,300719,10.67,11.02,11.11,10.49,45871,53268059.0,5.89,4.75,0.5,5.89
2019-05-21,300719,11.07,11.23,11.43,10.71,57678,68045216.0,6.53,1.91,0.21,7.41
2019-05-22,300719,11.11,10.91,11.21,10.71,44746,52173761.0,4.45,-2.85,-0.32,5.75
2019-05-23,300719,10.87,10.21,10.91,10.21,36919,41758731.0,6.42,-6.42,-0.7,4.74
2019-05-24,300719,10.17,10.14,10.36,10.08,30924,33748568.0,2.74,-0.69,-0.07,3.97
2019-05-27,300719,10.17,10.79,11.01,10.16,38192,43205021.0,8.38,6.41,0.65,4.91
2019-05-28,300719,10.94,10.82,11.05,10.7,39470,45769542.0,3.24,0.28,0.03,5.07
2019-05-29,300719,10.78,10.95,11.05,10.7,26794,31224430.0,3.23,1.2,0.13,3.44
2019-05-30,300719,11.11,10.74,11.11,10.69,26739,30812367.0,3.84,-1.92,-0.21,3.44
2019-05-31,300719,10.78,11.59,11.77,10.76,88509,106588160.0,9.4,7.91,0.85,11.37
2019-06-03,300719,11.76,11.23,12.01,10.99,84751,102809899.0,8.8,-3.11,-0.36,10.89
2019-06-04,300719,10.94,10.35,11.03,10.22,56608,64310593.0,7.21,-7.84,-0.88,7.27
2019-06-05,300719,10.52,10.34,10.62,10.3,27844,31021580.0,3.09,-0.1,-0.01,3.58
2019-06-06,300719,10.31,9.94,10.4,9.7,22620,24303173.0,6.77,-3.87,-0.4,2.91
2019-06-10,300719,9.94,10.02,10.16,9.92,14843,16003954.0,2.41,0.8,0.08,1.91
2019-06-11,300719,10.13,10.47,10.48,9.95,25022,27510365.0,5.29,4.49,0.45,3.22
2019-06-12,300719,10.44,10.6,10.85,10.37,32200,36432582.0,4.58,1.24,0.13,4.14
2019-06-13,300719,10.62,10.84,10.97,10.48,39731,44793986.0,4.62,2.26,0.24,5.11
2019-06-14,300719,10.93,10.83,11.27,10.7,56698,65803660.0,5.26,-0.09,-0.01,7.29
2019-06-17,300719,10.88,10.87,11.04,10.75,25826,29453341.0,2.68,0.37,0.04,3.32
2019-06-18,300719,10.93,10.64,10.97,10.48,25262,28175162.0,4.51,-2.12,-0.23,3.25
2019-06-19,300719,10.84,11.76,11.76,10.64,96010,114865659.0,10.53,10.53,1.12,12.24
2019-06-20,300719,11.48,11.82,12.28,11.17,150344,183513728.0,9.44,0.51,0.06,19.17
2019-06-21,300719,11.67,12.33,12.49,11.56,152602,191118080.0,7.87,4.31,0.51,19.46
2019-06-24,300719,12.03,11.88,12.2,11.79,85604,106840110.0,3.33,-3.65,-0.45,10.92
2019-06-25,300719,11.88,12.14,12.2,11.68,94280,118107526.0,4.38,2.19,0.26,12.02
2019-06-26,300719,11.81,11.86,11.97,11.54,71506,87647712.0,3.54,-2.31,-0.28,9.12
2019-06-27,300719,11.75,11.97,12.03,11.71,58874,73091680.0,2.7,0.93,0.11,7.51
2019-06-28,300719,11.86,11.68,11.97,11.42,52096,63371961.0,4.59,-2.42,-0.29,6.64
2019-07-01,300719,11.9,11.93,11.97,11.65,73960,91363626.0,2.74,2.14,0.25,9.43
2019-07-02,300719,11.92,11.74,12.18,11.65,60092,74838870.0,4.44,-1.59,-0.19,7.66
2019-07-03,300719,11.58,11.66,11.78,11.27,47697,57312983.0,4.34,-0.68,-0.08,6.08
2019-07-04,300719,11.66,12.22,12.33,11.53,164236,205720019.0,6.86,4.8,0.56,20.95
2019-07-05,300719,12.01,11.96,12.09,11.79,77941,97037083.0,2.45,-2.13,-0.26,9.94
2019-07-08,300719,11.2,10.71,11.42,10.71,96170,109169888.0,5.94,-10.45,-1.25,12.26
2019-07-09,300719,10.56,10.4,10.7,10.26,48703,53264102.0,4.11,-2.89,-0.31,6.21
2019-07-10,300719,10.48,10.54,10.87,10.4,37381,41630499.0,4.52,1.35,0.14,4.77
2019-07-11,300719,10.68,10.4,10.68,10.38,24023,26536453.0,2.85,-1.33,-0.14,3.06
2019-07-12,300719,10.55,10.54,10.62,10.43,19765,21863455.0,1.83,1.35,0.14,2.52
2019-07-15,300719,10.63,10.89,10.9,10.5,36684,41374002.0,3.8,3.32,0.35,4.68
2019-07-16,300719,10.84,10.81,11.06,10.72,27300,31049118.0,3.12,-0.73,-0.08,3.48
2019-07-17,300719,10.83,10.86,11.01,10.74,25852,29521784.0,2.5,0.46,0.05,3.3
2019-07-18,300719,10.83,10.9,11.23,10.71,37515,43063991.0,4.79,0.37,0.04,4.78
2019-07-19,300719,10.95,10.93,11.07,10.83,26352,30252598.0,2.2,0.28,0.03,3.36
2019-07-22,300719,10.97,10.76,11.13,10.27,35380,39893021.0,7.87,-1.56,-0.17,4.51
2019-07-23,300719,10.76,11.3,11.31,10.72,55014,63764499.0,5.48,5.02,0.54,7.02
2019-07-24,300719,11.33,11.69,11.75,11.24,76273,92172842.0,4.51,3.45,0.39,9.73
2019-07-25,300719,11.56,11.6,11.67,11.39,38503,46546923.0,2.4,-0.77,-0.09,4.91
2019-07-26,300719,11.58,11.76,12.28,11.53,102277,126479254.0,6.47,1.38,0.16,13.04
2019-07-29,300719,11.78,11.73,12.02,11.58,57223,70150381.0,3.74,-0.26,-0.03,7.3
2019-07-30,300719,11.8,11.79,12.14,11.58,75467,93578831.0,4.77,0.51,0.06,9.62
2019-07-31,300719,11.84,12.11,12.47,11.74,126133,159543817.0,6.19,2.71,0.32,16.09
2019-08-01,300719,11.98,11.94,12.1,11.69,88145,109147816.0,3.39,-1.4,-0.17,11.24
2019-08-02,300719,11.67,11.73,11.84,11.28,75759,91881844.0,4.69,-1.76,-0.21,9.66
2019-08-05,300719,11.73,11.55,12.11,11.48,66341,81979434.0,5.37,-1.53,-0.18,8.46
2019-08-06,300719,11.26,12.76,12.76,11.14,160003,207803067.0,14.03,10.48,1.21,20.41
2019-08-07,300719,13.49,11.89,14.09,11.76,351811,482491008.0,18.26,-6.82,-0.87,44.87
2019-08-08,300719,11.0,11.14,11.66,11.0,218346,257563393.0,5.55,-6.31,-0.75,27.85
2019-08-09,300719,11.07,10.48,11.42,10.46,163336,186628778.0,8.62,-5.92,-0.66,20.83
2019-08-12,300719,10.53,10.56,10.64,10.27,81825,89626306.0,3.53,0.76,0.08,10.44
2019-08-13,300719,10.38,10.5,10.78,10.31,77766,86175678.0,4.45,-0.57,-0.06,9.92
2019-08-14,300719,10.64,10.67,10.72,10.48,79845,88778377.0,2.29,1.62,0.17,10.18
2019-08-15,300719,10.32,10.57,10.64,10.27,57997,63912940.0,3.47,-0.94,-0.1,7.4
2019-08-16,300719,10.63,10.74,10.83,10.51,74527,83495519.0,3.03,1.61,0.17,9.5
2019-08-19,300719,10.76,11.09,11.18,10.6,98184,112718291.0,5.4,3.26,0.35,12.52
2019-08-20,300719,11.01,11.04,11.46,10.95,102883,120037792.0,4.6,-0.45,-0.05,13.12
2019-08-21,300719,11.05,11.45,11.45,11.05,112965,133130810.0,3.62,3.71,0.41,14.41
2019-08-22,300719,11.58,11.66,11.82,11.29,139528,169056603.0,4.63,1.83,0.21,17.79
2019-08-23,300719,11.6,11.59,11.76,11.46,90797,110184934.0,2.57,-0.6,-0.07,6.95
2019-08-26,300719,11.29,11.86,12.13,11.29,117696,145066811.0,7.25,2.33,0.27,9.0
2019-08-27,300719,11.77,12.25,12.34,11.77,132477,166987000.0,4.81,3.29,0.39,10.13
2019-08-28,300719,12.16,12.6,12.8,11.89,201623,260199681.0,7.43,2.86,0.35,15.42
2019-08-29,300719,12.48,12.37,12.72,12.17,172669,223309438.0,4.37,-1.83,-0.23,13.21
2019-08-30,300719,12.39,12.68,12.68,12.11,179827,233108545.0,4.61,2.51,0.31,13.76
2019-09-02,300719,12.78,12.96,13.58,12.6,207594,282400096.0,7.73,2.21,0.28,15.88
2019-09-03,300719,12.74,13.24,14.06,12.55,206637,282123328.0,11.65,2.16,0.28,15.81
2019-09-04,300719,13.05,13.48,13.9,12.92,194962,270522800.0,7.4,1.81,0.24,14.91
2019-09-05,300719,13.39,13.69,14.08,13.35,166755,237503298.0,5.42,1.56,0.21,12.76
2019-09-06,300719,13.64,14.41,14.83,13.42,205647,301242608.0,10.3,5.26,0.72,15.73
2019-09-09,300719,14.4,14.43,14.73,14.13,165312,246109098.0,4.16,0.14,0.02,12.65
2019-09-10,300719,14.43,13.97,14.72,13.87,163035,240048980.0,5.89,-3.19,-0.46,12.47
2019-09-11,300719,13.78,13.87,14.46,13.68,150292,219251661.0,5.58,-0.72,-0.1,11.5
2019-09-12,300719,13.88,13.91,14.14,13.67,101928,146876212.0,3.39,0.29,0.04,7.8
2019-09-16,300719,13.9,13.66,14.06,13.5,115527,164822750.0,4.03,-1.8,-0.25,8.84
2019-09-17,300719,13.73,13.18,13.84,13.04,128901,179522509.0,5.86,-3.51,-0.48,9.86
2019-09-18,300719,13.22,13.2,13.46,13.06,74444,102485842.0,3.03,0.15,0.02,5.69
2019-09-19,300719,13.11,13.3,13.46,13.02,88309,121457897.0,3.33,0.76,0.1,6.76
2019-09-20,300719,13.28,13.13,13.44,12.93,75921,103941041.0,3.83,-1.28,-0.17,5.81
2019-09-23,300719,13.07,12.84,13.07,12.53,76099,101060353.0,4.11,-2.21,-0.29,5.82
2019-09-24,300719,12.93,12.91,13.16,12.59,84469,113375779.0,4.44,0.55,0.07,6.46
2019-09-25,300719,12.77,12.56,13.18,12.56,111169,149528539.0,4.8,-2.71,-0.35,8.5
2019-09-26,300719,12.5,11.48,12.76,11.38,114325,141366413.0,10.99,-8.6,-1.08,8.75
2019-09-27,300719,11.48,12.33,12.6,11.48,138310,175434613.0,9.76,7.4,0.85,10.58
2019-09-30,300719,12.3,12.04,12.66,12.04,66744,85432785.0,5.03,-2.35,-0.29,5.11
2019-10-08,300719,12.28,11.66,12.28,11.53,61879,76264195.0,6.23,-3.16,-0.38,4.73
2019-10-09,300719,11.61,11.72,11.76,11.4,57078,69191572.0,3.09,0.51,0.06,4.37
2019-10-10,300719,11.79,11.71,11.79,11.48,56900,69338657.0,2.65,-0.09,-0.01,4.35
2019-10-11,300719,11.71,11.57,11.78,11.43,43359,52578924.0,2.99,-1.2,-0.14,3.32
2019-10-14,300719,11.68,11.93,12.48,11.61,85538,105976938.0,7.52,3.11,0.36,6.54
2019-10-15,300719,11.82,11.64,11.92,11.59,54175,66204377.0,2.77,-2.43,-0.29,4.14
2019-10-16,300719,11.68,11.56,11.72,11.5,35435,42939587.0,1.89,-0.69,-0.08,2.71
2019-10-17,300719,11.48,11.29,11.56,11.24,46874,55760903.0,2.77,-2.34,-0.27,3.59
2019-10-18,300719,11.32,11.2,11.5,11.1,41494,49003238.0,3.54,-0.8,-0.09,3.17
2019-10-21,300719,11.1,11.18,11.19,10.8,39352,45330549.0,3.48,-0.18,-0.02,3.01
2019-10-22,300719,11.21,11.41,11.48,11.13,42006,49892438.0,3.13,2.06,0.23,3.21
2019-10-23,300719,11.5,11.44,11.7,11.42,55981,67762272.0,2.45,0.26,0.03,4.28
2019-10-24,300719,11.57,11.34,11.57,11.23,34554,41021688.0,2.97,-0.87,-0.1,2.64
2019-10-25,300719,11.32,11.5,11.5,11.19,33065,39232586.0,2.73,1.41,0.16,2.53
2019-10-28,300719,11.39,11.72,11.75,11.36,50702,61551528.0,3.39,1.91,0.22,3.88
2019-10-29,300719,11.75,11.56,11.94,11.54,56385,69220992.0,3.41,-1.37,-0.16,4.31
2019-10-30,300719,11.54,11.52,11.73,11.28,37355,45075193.0,3.89,-0.35,-0.04,2.86
2019-10-31,300719,11.67,11.24,11.67,11.14,35301,42032215.0,4.6,-2.43,-0.28,2.7
2019-11-01,300719,11.28,11.56,11.68,11.2,44960,54037652.0,4.27,2.85,0.32,3.44
2019-11-04,300719,11.61,11.57,11.76,11.48,29952,36365290.0,2.42,0.09,0.01,2.29
2019-11-05,300719,11.61,11.44,11.61,11.28,30500,36467617.0,2.85,-1.12,-0.13,2.33
2019-11-06,300719,11.44,11.49,11.83,11.39,49264,59802536.0,3.85,0.44,0.05,3.77
2019-11-07,300719,11.33,11.38,11.48,11.29,34620,41149031.0,1.65,-0.96,-0.11,2.65
2019-11-08,300719,11.46,11.3,11.51,11.29,25616,30436798.0,1.93,-0.7,-0.08,1.96
2019-11-11,300719,11.21,10.62,11.25,10.48,61978,69957123.0,6.81,-6.02,-0.68,4.74
2019-11-12,300719,10.67,10.73,10.92,10.59,43362,48987971.0,3.11,1.04,0.11,3.32
2019-11-13,300719,10.8,11.01,11.06,10.75,40460,46267905.0,2.89,2.61,0.28,3.1
2019-11-14,300719,11.05,11.05,11.13,10.91,22187,25619570.0,2.0,0.36,0.04,1.7
2019-11-15,300719,11.06,10.76,11.06,10.74,23439,26618773.0,2.9,-2.62,-0.29,1.79
2019-11-18,300719,10.76,10.7,10.83,10.57,21151,23670297.0,2.42,-0.56,-0.06,1.62
2019-11-19,300719,10.66,10.99,11.04,10.66,28758,32895830.0,3.55,2.71,0.29,2.2
2019-11-20,300719,10.94,10.81,11.1,10.79,18259,20903128.0,2.82,-1.64,-0.18,1.4
2019-11-21,300719,10.76,10.86,11.13,10.76,31166,35789209.0,3.42,0.46,0.05,2.38
2019-11-22,300719,10.87,10.88,11.06,10.74,30790,35241746.0,2.95,0.18,0.02,2.36
2019-11-25,300719,10.83,10.6,10.9,10.5,32039,35660374.0,3.68,-2.57,-0.28,2.45
2019-11-26,300719,10.67,10.53,10.76,10.45,19238,21320250.0,2.92,-0.66,-0.07,1.47
2019-11-27,300719,10.48,10.39,10.57,10.34,18562,20331966.0,2.18,-1.33,-0.14,1.42
2019-11-28,300719,10.39,10.43,10.55,10.32,13945,15313546.0,2.21,0.38,0.04,1.07
2019-11-29,300719,10.48,10.54,10.57,10.42,13533,14906385.0,1.44,1.05,0.11,1.04
2019-12-02,300719,10.5,10.49,10.61,10.44,11883,13134079.0,1.61,-0.47,-0.05,0.91
2019-12-03,300719,10.51,10.54,10.58,10.32,16115,17637823.0,2.48,0.48,0.05,1.23
2019-12-04,300719,10.48,10.7,10.71,10.43,24488,27317161.0,2.66,1.52,0.16,1.87
2019-12-05,300719,10.67,10.74,10.76,10.63,21449,24051303.0,1.21,0.37,0.04,1.64
2019-12-06,300719,10.73,10.84,10.85,10.67,20953,23658942.0,1.68,0.93,0.1,1.6
2019-12-09,300719,10.75,10.8,10.93,10.75,19607,22247321.0,1.66,-0.37,-0.04,1.5
2019-12-10,300719,10.76,10.87,10.9,10.68,19495,22056828.0,2.04,0.65,0.07,1.49
2019-12-11,300719,10.87,10.8,10.93,10.73,14289,16173208.0,1.84,-0.64,-0.07,1.09
2019-12-12,300719,10.83,10.73,10.86,10.73,17288,19560456.0,1.2,-0.65,-0.07,1.32
2019-12-13,300719,10.8,10.85,10.93,10.77,23530,26754783.0,1.49,1.12,0.12,1.8
2019-12-16,300719,10.9,11.17,11.24,10.82,39016,45115956.0,3.87,2.95,0.32,2.98
2019-12-17,300719,11.09,11.21,11.32,11.09,34532,40486749.0,2.06,0.36,0.04,2.64
2019-12-18,300719,11.21,11.38,11.53,11.18,41324,49218658.0,3.12,1.52,0.17,3.16
2019-12-19,300719,11.36,11.37,11.44,11.21,30891,36593546.0,2.02,-0.09,-0.01,2.36
2019-12-20,300719,11.39,11.28,11.54,11.26,31113,37015580.0,2.46,-0.79,-0.09,2.38
2019-12-23,300719,11.21,11.01,11.4,10.99,26137,30593238.0,3.63,-2.39,-0.27,2.0
2019-12-24,300719,10.98,11.15,11.2,10.93,20987,24403009.0,2.45,1.27,0.14,1.61
2019-12-25,300719,11.22,11.22,11.34,11.16,21579,25410355.0,1.61,0.63,0.07,1.65
2019-12-26,300719,11.2,11.41,11.41,11.2,23965,28451854.0,1.87,1.69,0.19,1.83
2019-12-27,300719,11.35,11.18,11.45,11.18,26405,31316987.0,2.37,-2.02,-0.23,2.02
2019-12-30,300719,11.18,11.29,11.35,11.15,26771,31568762.0,1.79,0.98,0.11,2.05
2019-12-31,300719,11.26,11.2,11.35,11.07,23673,27734762.0,2.48,-0.8,-0.09,1.81
2020-01-02,300719,11.34,11.54,11.58,11.28,46252,55308754.0,2.68,3.04,0.34,3.54
2020-01-03,300719,11.51,11.89,12.07,11.43,86547,106486433.0,5.55,3.03,0.35,6.62
2020-01-06,300719,12.06,11.83,12.35,11.71,93523,116880417.0,5.38,-0.5,-0.06,7.15
2020-01-07,300719,11.72,11.81,11.86,11.7,56349,69242498.0,1.35,-0.17,-0.02,4.31
2020-01-08,300719,11.89,12.75,12.88,11.89,159314,205067303.0,8.38,7.96,0.94,12.19
2020-01-09,300719,12.1,12.13,12.31,11.89,114497,144428589.0,3.29,-4.86,-0.62,8.76
2020-01-10,300719,12.04,11.83,12.04,11.66,62368,76970888.0,3.13,-2.47,-0.3,4.77
2020-01-13,300719,11.83,11.88,11.89,11.76,38590,47737341.0,1.1,0.42,0.05,2.95
2020-01-14,300719,11.88,11.95,12.02,11.78,41754,51733297.0,2.02,0.59,0.07,3.19
2020-01-15,300719,11.9,12.0,12.13,11.85,41081,51442940.0,2.34,0.42,0.05,3.14
2020-01-16,300719,12.01,11.71,12.04,11.71,32983,40775876.0,2.75,-2.42,-0.29,2.52
2020-01-17,300719,11.73,11.56,11.8,11.55,28429,34609563.0,2.13,-1.28,-0.15,2.17
2020-01-20,300719,11.58,11.68,11.74,11.45,34188,41573227.0,2.51,1.04,0.12,2.62
2020-01-21,300719,11.67,11.29,11.69,11.25,42275,50358712.0,3.77,-3.34,-0.39,3.23
2020-01-22,300719,11.26,11.29,11.42,10.99,33034,38747923.0,3.81,0.0,0.0,2.53
2020-01-23,300719,11.25,10.86,11.43,10.49,37683,43503492.0,8.33,-3.81,-0.43,2.88
2020-02-03,300719,9.72,9.72,9.72,9.72,5782,5920768.0,0.0,-10.5,-1.14,0.44
2020-02-04,300719,8.78,9.17,9.38,8.78,58376,56544212.0,6.17,-5.66,-0.55,4.47
2020-02-05,300719,9.27,9.44,9.56,9.13,71152,70335940.0,4.69,2.94,0.27,5.44
2020-02-06,300719,9.46,9.58,9.67,9.35,51606,51809959.0,3.39,1.48,0.14,3.95
2020-02-07,300719,9.58,9.75,9.76,9.54,52053,52948995.0,2.3,1.77,0.17,3.98
2020-02-10,300719,9.69,9.86,9.9,9.47,55735,57050876.0,4.41,1.13,0.11,4.26
2020-02-11,300719,9.78,9.77,9.93,9.64,42150,43399326.0,2.94,-0.91,-0.09,3.22
2020-02-12,300719,9.77,9.91,9.93,9.68,47200,48851185.0,2.56,1.43,0.14,3.61
2020-02-13,300719,9.91,9.76,9.96,9.75,35110,36354870.0,2.12,-1.51,-0.15,2.69
2020-02-14,300719,9.57,9.64,9.85,9.5,42614,43438474.0,3.59,-1.23,-0.12,3.26
2020-02-17,300719,9.69,10.46,10.53,9.69,94823,101577063.0,8.71,8.51,0.82,7.25
2020-02-18,300719,10.43,10.65,10.79,10.41,78052,86899682.0,3.63,1.82,0.19,5.97
2020-02-19,300719,10.58,10.85,11.18,10.53,85530,97303037.0,6.1,1.88,0.2,6.54
2020-02-20,300719,10.8,10.81,10.9,10.59,62881,70854213.0,2.86,-0.37,-0.04,4.81
2020-02-21,300719,10.81,10.97,11.06,10.75,61902,70735854.0,2.87,1.48,0.16,4.74
2020-02-24,300719,10.83,10.97,11.08,10.73,55252,63179841.0,3.19,0.0,0.0,4.23
2020-02-25,300719,10.71,10.89,10.93,10.44,63637,71526868.0,4.47,-0.73,-0.08,4.87
2020-02-26,300719,10.7,10.81,11.14,10.64,63716,73050903.0,4.59,-0.73,-0.08,4.87
2020-02-27,300719,10.82,11.3,11.36,10.74,102391,119656944.0,5.74,4.53,0.49,7.83
2020-02-28,300719,10.79,10.12,11.03,10.12,94672,104799175.0,8.05,-10.44,-1.18,7.24
2020-03-02,300719,10.19,10.85,10.98,10.19,68848,77004739.0,7.81,7.21,0.73,5.27
2020-03-03,300719,11.03,11.28,11.79,10.89,117804,140153725.0,8.29,3.96,0.43,9.01
2020-03-04,300719,11.16,11.44,11.66,11.14,87558,104248089.0,4.61,1.42,0.16,6.7
2020-03-05,300719,11.56,11.34,11.61,11.25,77511,92461288.0,3.15,-0.87,-0.1,5.93
2020-03-06,300719,11.18,11.21,11.46,11.0,51423,60535742.0,4.06,-1.15,-0.13,3.93
2020-03-09,300719,11.06,10.7,11.2,10.67,58824,66985732.0,4.73,-4.55,-0.51,4.5
2020-03-10,300719,10.49,10.89,10.91,10.29,55419,61915638.0,5.79,1.78,0.19,4.24
2020-03-11,300719,10.95,11.06,11.49,10.95,85838,100622325.0,4.96,1.56,0.17,6.57
2020-03-12,300719,10.88,10.75,11.02,10.61,54023,61090398.0,3.71,-2.8,-0.31,4.13
2020-03-13,300719,10.16,10.49,10.62,10.0,64377,69715225.0,5.77,-2.42,-0.26,4.92
2020-03-16,300719,10.66,9.77,10.83,9.68,75335,81473863.0,10.96,-6.86,-0.72,5.76
2020-03-17,300719,9.81,9.75,9.93,9.39,43490,44461240.0,5.53,-0.2,-0.02,3.33
2020-03-18,300719,9.79,9.46,9.94,9.44,50934,52057969.0,5.13,-2.97,-0.29,3.9
2020-03-19,300719,9.48,9.56,9.67,9.38,40921,41026728.0,3.07,1.06,0.1,3.13
2020-03-20,300719,9.68,9.63,9.75,9.5,35280,35789615.0,2.62,0.73,0.07,2.7
2020-03-23,300719,9.48,9.27,9.54,9.2,37137,36845761.0,3.53,-3.74,-0.36,2.84
2020-03-24,300719,9.43,9.6,9.64,9.35,42211,42318585.0,3.13,3.56,0.33,3.23
2020-03-25,300719,9.77,9.72,9.82,9.61,32809,33509174.0,2.19,1.25,0.12,2.51
2020-03-26,300719,9.66,9.53,9.72,9.5,24791,25086512.0,2.26,-1.95,-0.19,1.9
2020-03-27,300719,9.66,9.54,9.71,9.54,30741,31223109.0,1.78,0.1,0.01,2.35
2020-03-30,300719,9.49,9.28,9.49,9.1,40629,39804765.0,4.09,-2.73,-0.26,3.11
2020-03-31,300719,9.4,9.3,9.47,9.22,22245,21957953.0,2.69,0.22,0.02,1.7
2020-04-01,300719,9.2,9.09,9.36,9.07,31939,31059766.0,3.12,-2.26,-0.21,2.44
2020-04-02,300719,8.98,9.4,9.4,8.98,29799,29036301.0,4.62,3.41,0.31,2.28
2020-04-03,300719,9.4,9.41,9.59,9.24,34877,34650900.0,3.72,0.11,0.01,2.67
2020-04-07,300719,9.55,9.68,9.82,9.48,39720,40416960.0,3.61,2.87,0.27,3.04
2020-04-08,300719,9.68,9.93,10.03,9.65,53986,56187042.0,3.93,2.58,0.25,4.13
2020-04-09,300719,9.99,10.0,10.18,9.92,50075,52856112.0,2.62,0.7,0.07,3.83
2020-04-10,300719,10.0,9.73,10.03,9.63,44992,46422019.0,4.0,-2.7,-0.27,3.44
2020-04-13,300719,9.73,9.62,9.74,9.42,29508,29661298.0,3.29,-1.13,-0.11,2.26
2020-04-14,300719,9.57,9.68,9.78,9.54,26752,27167741.0,2.49,0.62,0.06,2.05
2020-04-15,300719,9.71,9.82,10.28,9.63,64461,66978328.0,6.71,1.45,0.14,4.93
2020-04-16,300719,9.84,9.96,10.13,9.7,47411,49487993.0,4.38,1.43,0.14,3.63
2020-04-17,300719,9.93,9.68,10.01,9.57,40961,42189288.0,4.42,-2.81,-0.28,3.13
2020-04-20,300719,9.68,9.76,9.78,9.64,20462,20935627.0,1.45,0.83,0.08,1.57
2020-04-21,300719,9.75,9.64,9.81,9.59,25586,26060434.0,2.25,-1.23,-0.12,1.96
2020-04-22,300719,9.55,9.61,9.64,9.43,25176,25277176.0,2.18,-0.31,-0.03,1.93
2020-04-23,300719,9.59,9.89,10.02,9.58,68952,71608411.0,4.58,2.91,0.28,5.27
2020-04-24,300719,9.9,9.87,10.03,9.56,54987,56603052.0,4.75,-0.2,-0.02,4.17
2020-04-27,300719,9.76,9.21,9.78,9.14,67180,66575578.0,6.48,-6.69,-0.66,5.09
2020-04-28,300719,9.12,8.83,9.31,8.71,36368,34327075.0,6.51,-4.13,-0.38,2.76
2020-04-29,300719,8.96,8.87,9.13,8.83,19343,18253775.0,3.4,0.45,0.04,1.47
2020-04-30,300719,8.88,9.05,9.09,8.88,22188,21145056.0,2.37,2.03,0.18,1.68
2020-05-06,300719,8.98,9.16,9.17,8.95,27493,26328058.0,2.43,1.22,0.11,2.08
2020-05-07,300719,9.11,9.02,9.21,9.0,28065,26952684.0,2.29,-1.53,-0.14,2.13
2020-05-08,300719,9.04,9.08,9.13,9.01,22259,21369311.0,1.33,0.67,0.06,1.69
2020-05-11,300719,9.11,9.15,9.31,9.07,35048,33972808.0,2.64,0.77,0.07,2.66
2020-05-12,300719,9.16,9.07,9.27,9.0,37494,36027949.0,2.95,-0.87,-0.08,2.84
2020-05-13,300719,9.06,9.1,9.21,9.0,34015,32757467.0,2.32,0.33,0.03,2.58
2020-05-14,300719,9.1,9.23,9.33,8.99,60883,59039247.0,3.74,1.43,0.13,4.62
2020-05-15,300719,9.19,9.28,9.34,9.1,46413,45097842.0,2.6,0.54,0.05,3.52
2020-05-18,300719,9.31,10.26,10.26,9.28,79431,84162182.0,10.56,10.56,0.98,6.02
2020-05-19,300719,10.63,10.17,10.78,10.05,208780,227672224.0,7.12,-0.88,-0.09,15.83
2020-05-20,300719,10.18,9.89,10.34,9.72,123766,130101600.0,6.1,-2.75,-0.28,9.38
2020-05-21,300719,9.82,10.26,10.93,9.69,221005,241617041.0,12.54,3.74,0.37,16.76
2020-05-22,300719,10.16,9.93,10.41,9.59,116709,122310670.0,7.99,-3.22,-0.33,8.85
2020-05-25,300719,10.18,10.17,10.43,9.78,99885,106279233.0,6.55,2.42,0.24,7.57
2020-05-26,300719,10.28,10.9,11.23,10.28,209595,235965992.0,9.34,7.18,0.73,15.89
2020-05-27,300719,10.79,10.88,11.42,10.64,171711,197027412.0,7.16,-0.18,-0.02,13.02
2020-05-28,300719,10.88,10.66,11.0,10.55,97249,109384556.0,4.14,-2.02,-0.22,7.37
2020-05-29,300719,10.64,10.63,10.78,10.38,77925,86213036.0,3.75,-0.28,-0.03,5.91
2020-06-01,300719,10.68,11.02,11.21,10.56,106362,121414101.0,6.11,3.67,0.39,8.06
2020-06-02,300719,11.0,10.98,11.23,10.85,73649,85174045.0,3.45,-0.36,-0.04,5.58
2020-06-03,300719,11.11,10.61,11.18,10.58,70488,79639547.0,5.46,-3.37,-0.37,5.34
2020-06-04,300719,10.67,10.46,10.74,10.41,43799,48359759.0,3.11,-1.41,-0.15,3.32
2020-06-05,300719,10.46,10.36,10.57,10.21,41850,45499060.0,3.44,-0.96,-0.1,3.17
2020-06-08,300719,10.46,10.35,10.61,10.22,47961,52469562.0,3.76,-0.1,-0.01,3.64
2020-06-09,300719,10.56,10.5,11.03,10.31,90049,99792667.0,6.96,1.45,0.15,6.83
2020-06-10,300719,10.34,10.44,10.5,10.21,35034,38115161.0,2.76,-0.57,-0.06,2.66
2020-06-11,300719,10.45,10.17,10.55,10.17,39338,42859362.0,3.64,-2.59,-0.27,2.98
2020-06-12,300719,9.9,10.14,10.28,9.84,31497,33426501.0,4.33,-0.29,-0.03,2.39
2020-06-15,300719,10.1,10.05,10.37,10.02,39842,42284408.0,3.45,-0.89,-0.09,3.02
2020-06-16,300719,10.18,10.39,10.46,10.08,39815,42544021.0,3.78,3.38,0.34,3.02
2020-06-17,300719,10.76,10.56,10.89,10.46,54321,59981837.0,4.14,1.64,0.17,4.12
2020-06-18,300719,10.5,10.48,10.66,10.28,45338,49139868.0,3.6,-0.76,-0.08,3.44
2020-06-19,300719,10.4,10.42,10.55,10.36,31799,34489380.0,1.81,-0.57,-0.06,2.41
2020-06-22,300719,10.33,10.49,10.73,10.26,47923,52094370.0,4.51,0.67,0.07,3.63
2020-06-23,300719,10.42,10.47,10.6,10.36,28180,30612081.0,2.29,-0.19,-0.02,2.14
2020-06-24,300719,10.4,10.34,10.52,10.34,24783,26818463.0,1.72,-1.24,-0.13,1.88
2020-06-29,300719,10.33,10.71,10.93,10.28,79223,87753701.0,6.29,3.58,0.37,6.01
2020-06-30,300719,10.68,11.12,11.18,10.68,79405,90343141.0,4.67,3.83,0.41,6.02
2020-07-01,300719,11.26,11.17,11.32,10.95,61926,71567137.0,3.33,0.45,0.05,4.7
2020-07-02,300719,11.2,11.21,11.25,11.1,46164,53531593.0,1.34,0.36,0.04,3.5
2020-07-03,300719,11.23,11.48,11.67,11.23,61866,73426583.0,3.93,2.41,0.27,4.69
2020-07-06,300719,11.54,12.12,12.2,11.54,67960,84419317.0,5.75,5.57,0.64,5.15
2020-07-07,300719,12.09,12.08,12.44,11.89,65049,81875177.0,4.54,-0.33,-0.04,4.93
2020-07-08,300719,12.01,13.06,13.1,12.01,82409,107761249.0,9.02,8.11,0.98,6.25
2020-07-09,300719,13.83,14.41,14.41,13.38,54601,79583130.0,7.89,10.34,1.35,4.14
2020-07-10,300719,15.89,13.79,15.89,13.68,284230,438480272.0,15.34,-4.3,-0.62,21.55
2020-07-13,300719,13.84,14.17,14.72,13.84,164015,238916948.0,6.38,2.76,0.38,12.35
2020-07-14,300719,14.37,14.18,14.68,13.7,138033,202363461.0,6.92,0.07,0.01,10.4
2020-07-15,300719,14.58,13.53,14.66,13.45,140439,202880168.0,8.53,-4.58,-0.65,10.58
2020-07-16,300719,13.42,13.72,14.56,13.42,149998,217497626.0,8.43,1.4,0.19,11.3
2020-07-17,300719,13.97,13.72,14.18,12.58,112407,157321600.0,11.66,0.0,0.0,8.47
2020-07-20,300719,13.78,14.5,14.55,13.78,136061,199508510.0,5.61,5.69,0.78,10.25
2020-07-21,300719,14.53,13.74,14.67,13.68,124559,178926611.0,6.83,-5.24,-0.76,9.38
2020-07-22,300719,13.73,14.07,14.47,13.38,126446,183829278.0,7.93,2.4,0.33,9.52
2020-07-23,300719,14.05,14.66,14.92,14.05,178519,268249053.0,6.18,4.19,0.59,13.45
2020-07-24,300719,14.68,14.74,16.08,14.66,258744,403207760.0,9.69,0.55,0.08,19.49
2020-07-27,300719,14.54,14.18,15.03,13.58,147015,216961068.0,9.84,-3.8,-0.56,11.07
2020-07-28,300719,14.13,14.29,14.83,13.84,114657,169675097.0,6.98,0.78,0.11,8.64
2020-07-29,300719,14.11,14.56,14.57,13.71,104921,153532820.0,6.02,1.89,0.27,7.9
2020-07-30,300719,14.6,14.27,14.98,14.09,104006,154488782.0,6.11,-1.99,-0.29,7.83
2020-07-31,300719,14.38,14.22,14.44,13.88,84244,122439193.0,3.92,-0.35,-0.05,6.35
2020-08-03,300719,14.41,15.68,15.68,14.29,187134,292569536.0,9.77,10.27,1.46,14.09
2020-08-04,300719,15.88,15.01,16.01,14.91,189086,298624256.0,7.02,-4.27,-0.67,14.24
2020-08-05,300719,15.13,16.55,16.55,14.82,204776,333833984.0,11.53,10.26,1.54,15.42
2020-08-06,300719,16.38,16.43,16.96,15.96,173779,293377152.0,6.04,-0.73,-0.12,13.09
2020-08-07,300719,15.79,16.18,16.57,15.62,129122,212703168.0,5.78,-1.52,-0.25,9.73
2020-08-10,300719,15.79,15.74,17.08,15.73,130690,217931101.0,8.34,-2.72,-0.44,9.84
2020-08-11,300719,15.58,15.46,16.38,15.4,98089,159777106.0,6.23,-1.78,-0.28,7.39
2020-08-12,300719,15.3,14.91,15.62,14.4,98456,150873052.0,7.89,-3.56,-0.55,7.42
2020-08-13,300719,15.28,14.99,15.35,14.74,62234,96233092.0,4.09,0.54,0.08,4.69
2020-08-14,300719,14.97,15.36,15.79,14.85,74429,117354929.0,6.27,2.47,0.37,5.61
2020-08-17,300719,15.3,15.58,15.82,15.3,74913,119729267.0,3.39,1.43,0.22,5.64
2020-08-18,300719,15.78,17.18,17.18,15.64,263949,457490768.0,9.88,10.27,1.6,19.88
2020-08-19,300719,16.91,17.48,18.52,16.91,291453,529175200.0,9.37,1.75,0.3,21.95
2020-08-20,300719,17.31,16.65,17.88,16.42,148345,259335016.0,8.35,-4.75,-0.83,11.17
2020-08-21,300719,17.03,16.15,17.08,15.81,121716,203705761.0,7.63,-3.0,-0.5,9.17
2020-08-24,300719,16.42,16.53,16.87,15.92,94314,159228443.0,5.88,2.35,0.38,7.1
2020-08-25,300719,16.61,16.0,16.66,15.79,108013,178881607.0,5.26,-3.21,-0.53,8.14
2020-08-26,300719,16.06,14.74,16.14,14.58,122677,193337632.0,9.75,-7.88,-1.26,9.24
2020-08-27,300719,14.9,15.35,16.06,14.89,121136,191801273.0,7.94,4.14,0.61,9.12
2020-08-28,300719,15.23,16.6,17.46,15.23,198402,337576934.0,14.53,8.14,1.25,14.94
2020-08-31,300719,16.39,16.63,17.23,16.39,147729,253950299.0,5.06,0.18,0.03,11.13
2020-09-01,300719,16.87,18.67,19.14,16.69,264621,487770233.0,14.73,12.27,2.04,19.93
2020-09-02,300719,18.18,18.37,19.42,17.67,291449,546418239.0,9.37,-1.61,-0.3,21.95
2020-09-03,300719,18.08,17.53,18.18,16.78,199760,356109327.0,7.62,-4.57,-0.84,15.05
2020-09-04,300719,16.95,17.7,18.17,16.95,160057,288469444.0,6.96,0.97,0.17,12.06
2020-09-07,300719,17.31,17.23,18.05,16.99,161535,289451732.0,5.99,-2.66,-0.47,12.17
2020-09-08,300719,17.17,17.38,17.8,17.11,118990,211953941.0,4.0,0.87,0.15,8.96
2020-09-09,300719,17.08,18.23,19.87,16.66,311148,577950394.0,18.47,4.89,0.85,23.43
2020-09-10,300719,17.64,15.48,17.76,15.4,211852,356780422.0,12.95,-15.09,-2.75,15.96
2020-09-11,300719,15.0,16.71,17.14,15.0,194151,331167552.0,13.82,7.95,1.23,14.62
2020-09-14,300719,17.14,17.88,18.08,16.68,139052,246571636.0,8.38,7.0,1.17,10.47
2020-09-15,300719,17.96,17.7,18.52,17.04,161452,295472024.0,8.28,-1.01,-0.18,12.16
2020-09-16,300719,17.38,16.94,17.79,16.58,124539,217498123.0,6.84,-4.29,-0.76,9.38
2020-09-17,300719,17.05,16.41,17.07,16.13,103259,174427696.0,5.55,-3.13,-0.53,7.78
2020-09-18,300719,16.41,17.13,17.76,16.39,160577,282597945.0,8.35,4.39,0.72,12.09
2020-09-21,300719,17.29,20.64,20.64,17.29,397337,805054608.0,19.56,20.49,3.51,29.93
2020-09-22,300719,20.09,24.33,24.8,20.01,554434,1246177604.0,23.21,17.88,3.69,41.76
2020-09-23,300719,22.98,21.99,23.03,21.45,426585,968967570.0,6.49,-9.62,-2.34,32.13
2020-09-24,300719,21.33,20.43,22.16,20.03,280925,598827200.0,9.69,-7.09,-1.56,21.16
2020-09-25,300719,20.88,22.88,23.99,19.91,429975,975251274.0,19.97,11.99,2.45,32.38
2020-09-28,300719,21.69,22.16,24.78,21.23,416854,963779852.0,15.52,-3.15,-0.72,31.4
2020-09-29,300719,22.59,26.07,26.08,21.82,437045,1047816320.0,19.22,17.64,3.91,32.92
2020-09-30,300719,24.41,25.98,29.58,23.58,501799,1336952416.0,23.01,-0.35,-0.09,37.79
2020-10-09,300719,26.03,27.01,28.16,25.26,414565,1122656931.0,11.16,3.96,1.03,31.22
2020-10-12,300719,26.02,28.83,30.56,25.47,441277,1228987603.0,18.84,6.74,1.82,33.24
2020-10-13,300719,28.07,28.23,29.56,27.34,339268,970716212.0,7.7,-2.08,-0.6,25.55
2020-10-14,300719,28.28,26.47,29.9,26.09,349806,982280144.0,13.5,-6.23,-1.76,26.35
2020-10-15,300719,25.43,23.22,26.03,23.09,307002,756384532.0,11.11,-12.28,-3.25,23.12
2020-10-16,300719,23.54,24.12,24.52,22.86,204982,498479968.0,7.15,3.88,0.9,15.44
2020-10-19,300719,24.17,25.33,25.98,23.78,275120,707299520.0,9.12,5.02,1.21,20.72
2020-10-20,300719,24.98,24.48,25.08,23.58,207873,515187008.0,5.92,-3.36,-0.85,15.66
2020-10-21,300719,24.77,23.65,24.93,23.58,172121,421529696.0,5.51,-3.39,-0.83,12.96
2020-10-22,300719,22.62,22.58,23.07,21.96,150045,343702880.0,4.69,-4.52,-1.07,11.3
2020-10-23,300719,22.93,22.18,23.77,22.14,162680,379565616.0,7.22,-1.77,-0.4,12.25
2020-10-26,300719,22.18,22.22,22.78,21.04,119701,269883520.0,7.84,0.18,0.04,9.02
2020-10-27,300719,22.23,23.34,24.37,22.23,203771,485768864.0,9.63,5.04,1.12,15.35
2020-10-28,300719,22.89,24.56,25.28,22.08,263136,627421872.0,13.71,5.23,1.22,19.82
2020-10-29,300719,23.36,23.49,24.87,23.02,220752,534898608.0,7.53,-4.36,-1.07,16.63
2020-10-30,300719,24.8,25.3,28.27,24.8,415031,1119947552.0,14.77,7.71,1.81,31.26
2020-11-02,300719,24.09,25.3,26.18,23.3,294220,744084064.0,11.38,0.0,0.0,22.16
2020-11-03,300719,25.16,24.43,25.42,23.99,220803,554030688.0,5.65,-3.44,-0.87,16.63
2020-11-04,300719,23.79,22.9,24.23,22.33,262326,622696576.0,7.78,-6.26,-1.53,19.76
2020-11-05,300719,22.21,22.68,23.15,21.9,175066,399791856.0,5.46,-0.96,-0.22,13.19
2020-11-06,300719,22.61,20.96,22.7,20.8,175083,385995792.0,8.38,-7.58,-1.72,13.19
2020-11-09,300719,20.82,21.57,21.71,20.1,135677,294679104.0,7.68,2.91,0.61,7.52
2020-11-10,300719,21.91,20.53,22.08,20.38,150822,324599184.0,7.88,-4.82,-1.04,8.36
2020-11-11,300719,20.38,19.39,20.67,19.35,120808,244686620.0,6.43,-5.55,-1.14,6.7
2020-11-12,300719,19.69,19.0,19.77,18.87,80229,157656539.0,4.64,-2.01,-0.39,4.45
2020-11-13,300719,19.09,19.36,19.84,18.69,134792,265111474.0,6.05,1.89,0.36,7.47
2020-11-16,300719,19.17,18.84,19.37,18.74,82186,158761607.0,3.25,-2.69,-0.52,4.56
2020-11-17,300719,18.97,18.15,18.98,17.99,92364,172549775.0,5.25,-3.66,-0.69,5.12
2020-11-18,300719,18.12,18.07,18.33,17.83,77690,143738329.0,2.75,-0.44,-0.08,4.31
2020-11-19,300719,18.06,20.44,20.68,17.72,278423,557218224.0,16.38,13.12,2.37,15.43
2020-11-20,300719,19.78,19.42,20.93,19.24,209329,425935408.0,8.27,-4.99,-1.02,11.6
2020-11-23,300719,19.48,19.81,20.55,18.75,190830,382917040.0,9.27,2.01,0.39,10.58
2020-11-24,300719,19.76,19.91,20.57,19.43,150740,308600576.0,5.75,0.5,0.1,8.36
2020-11-25,300719,19.72,19.01,19.95,18.99,125529,248604842.0,4.82,-4.52,-0.9,6.96
2020-11-26,300719,19.07,20.56,21.19,18.97,273093,565026592.0,11.68,8.15,1.55,15.14
2020-11-27,300719,20.46,21.91,23.46,19.96,360765,795732976.0,17.02,6.57,1.35,20.0
2020-11-30,300719,21.91,22.0,22.53,21.48,235337,526379264.0,4.79,0.41,0.09,13.04
2020-12-01,300719,21.85,21.65,22.16,21.23,176819,389977056.0,4.23,-1.59,-0.35,9.8
2020-12-02,300719,21.45,20.79,21.73,20.35,184669,392724736.0,6.37,-3.97,-0.86,10.24
2020-12-03,300719,20.5,20.13,20.78,20.03,116183,240419831.0,3.61,-3.17,-0.66,6.44
2020-12-04,300719,20.0,21.34,21.95,20.0,198075,423879904.0,9.69,6.01,1.21,10.98
2020-12-07,300719,21.04,20.56,21.56,20.54,133651,285584336.0,4.78,-3.66,-0.78,7.41
2020-12-08,300719,20.67,20.77,20.98,20.28,91961,194434559.0,3.4,1.02,0.21,5.1
2020-12-09,300719,20.8,20.18,21.16,20.08,126388,264804771.0,5.2,-2.84,-0.59,7.01
2020-12-10,300719,19.78,19.66,20.12,19.21,107334,215783361.0,4.51,-2.58,-0.52,5.95
2020-12-11,300719,19.68,19.26,20.01,19.18,94981,189744754.0,4.22,-2.03,-0.4,5.26
2020-12-14,300719,19.47,20.47,20.93,18.87,149045,307589408.0,10.7,6.28,1.21,8.26
2020-12-15,300719,20.18,20.11,20.86,19.97,115860,240871801.0,4.35,-1.76,-0.36,6.42
2020-12-16,300719,19.99,19.48,20.13,19.3,82088,164878515.0,4.13,-3.13,-0.63,4.55
2020-12-17,300719,19.66,19.14,19.66,18.55,96036,186555969.0,5.7,-1.75,-0.34,5.32
2020-12-18,300719,18.98,18.46,19.37,18.4,89810,172883420.0,5.07,-3.55,-0.68,4.98
2020-12-21,300719,18.47,19.1,19.45,18.34,98146,190584506.0,6.01,3.47,0.64,5.44
2020-12-22,300719,18.99,18.69,19.38,18.65,83713,162053201.0,3.82,-2.15,-0.41,4.64
2020-12-23,300719,18.59,19.55,19.6,18.58,126781,248690457.0,5.46,4.6,0.86,7.03
2020-12-24,300719,19.58,19.51,20.54,19.51,170189,348320112.0,5.27,-0.2,-0.04,9.43
2020-12-25,300719,19.2,18.93,19.68,18.81,107703,211303662.0,4.46,-2.97,-0.58,5.97
2020-12-28,300719,18.8,18.42,19.21,18.1,98012,185716064.0,5.86,-2.69,-0.51,5.43
2020-12-29,300719,18.44,17.76,18.56,17.74,81809,151771936.0,4.45,-3.58,-0.66,4.53
2020-12-30,300719,17.58,17.28,17.84,16.76,118253,209746458.0,6.08,-2.7,-0.48,6.55
2020-12-31,300719,17.35,18.08,18.22,17.18,110258,201104951.0,6.02,4.63,0.8,6.11
2021-01-04,300719,18.33,18.71,18.91,18.19,110972,210929845.0,3.98,3.48,0.63,6.15
2021-01-05,300719,18.58,18.6,19.04,18.26,106876,203870752.0,4.17,-0.59,-0.11,5.92
2021-01-06,300719,18.67,19.54,20.27,18.27,217780,433368224.0,10.75,5.05,0.94,12.07
2021-01-07,300719,19.2,18.23,19.2,17.81,163880,309961072.0,7.11,-6.7,-1.31,9.08
2021-01-08,300719,18.71,17.6,18.87,17.49,98551,180388613.0,7.57,-3.46,-0.63,5.46
2021-01-11,300719,17.63,17.0,18.08,16.91,87208,155731546.0,6.65,-3.41,-0.6,4.83
2021-01-12,300719,16.78,17.46,17.83,16.73,87274,155633533.0,6.47,2.71,0.46,4.84
2021-01-13,300719,17.93,17.13,17.93,17.04,74557,133488132.0,5.1,-1.89,-0.33,4.13
2021-01-14,300719,16.73,15.84,16.93,15.76,98171,162543380.0,6.83,-7.53,-1.29,5.44
2021-01-15,300719,16.46,17.02,17.35,16.43,98640,171026175.0,5.81,7.45,1.18,5.47
2021-01-18,300719,16.8,17.13,17.46,16.66,77216,135915078.0,4.7,0.65,0.11,4.28
2021-01-19,300719,16.93,17.18,17.46,16.73,72730,126898095.0,4.26,0.29,0.05,4.03
2021-01-20,300719,17.05,16.9,17.13,16.63,56747,97965318.0,2.91,-1.63,-0.28,3.15
2021-01-21,300719,16.79,16.77,17.17,16.67,51955,89927011.0,2.96,-0.77,-0.13,2.88
2021-01-22,300719,16.73,16.41,16.92,16.33,46352,78449501.0,3.52,-2.15,-0.36,2.57
2021-01-25,300719,16.09,15.89,16.94,15.87,60194,100927236.0,6.52,-3.17,-0.52,3.34
2021-01-26,300719,15.63,15.24,16.06,14.97,69570,109150160.0,6.86,-4.09,-0.65,3.86
2021-01-27,300719,15.28,15.0,15.3,14.93,38144,59008551.0,2.43,-1.57,-0.24,2.11
2021-01-28,300719,14.95,14.58,15.19,14.45,42370,64427890.0,4.93,-2.8,-0.42,2.35
2021-01-29,300719,14.56,13.86,14.76,13.52,65552,94844524.0,8.5,-4.94,-0.72,3.63
2021-02-01,300719,13.86,14.02,14.16,13.78,36623,52694266.0,2.74,1.15,0.16,2.03
2021-02-02,300719,13.96,14.08,14.28,13.79,37920,54918772.0,3.5,0.43,0.06,2.1
2021-02-03,300719,13.94,13.43,13.99,13.39,40409,56939049.0,4.26,-4.62,-0.65,2.24
2021-02-04,300719,13.34,13.42,13.83,12.98,45047,62259790.0,6.33,-0.07,-0.01,2.5
2021-02-05,300719,13.49,13.07,13.93,12.98,35220,48709793.0,7.08,-2.61,-0.35,1.95
2021-02-08,300719,12.98,12.44,13.08,12.37,42979,56161114.0,5.43,-4.82,-0.63,2.38
2021-02-09,300719,12.44,12.91,13.18,12.3,48014,63338524.0,7.07,3.78,0.47,2.66
2021-02-10,300719,13.13,12.97,13.13,12.73,32300,42936670.0,3.1,0.46,0.06,1.79
2021-02-18,300719,13.07,13.38,13.53,13.07,37213,51241822.0,3.55,3.16,0.41,2.06
2021-02-19,300719,13.46,14.07,14.1,13.19,50612,71933001.0,6.8,5.16,0.69,2.81
2021-02-22,300719,14.1,14.17,14.41,13.92,66601,97358816.0,3.48,0.71,0.1,3.69
2021-02-23,300719,14.16,14.98,15.4,13.71,113598,172693128.0,11.93,5.72,0.81,6.3
2021-02-24,300719,14.69,14.83,15.06,14.6,70645,107684349.0,3.07,-1.0,-0.15,3.92
2021-02-25,300719,14.84,15.1,15.38,14.62,87220,134961583.0,5.12,1.82,0.27,4.83
2021-02-26,300719,14.79,14.68,15.79,14.52,72185,111760885.0,8.41,-2.78,-0.42,4.0
2021-03-01,300719,14.43,15.24,15.24,14.31,73528,113297355.0,6.34,3.81,0.56,4.08
2021-03-02,300719,15.59,15.43,15.93,15.16,82972,132117386.0,5.05,1.25,0.19,4.6
2021-03-03,300719,15.22,15.38,15.43,14.96,56440,88276301.0,3.05,-0.32,-0.05,3.13
2021-03-04,300719,15.44,15.1,15.83,15.08,72000,114481709.0,4.88,-1.82,-0.28,3.99
2021-03-05,300719,14.95,15.47,15.6,14.91,65927,103899920.0,4.57,2.45,0.37,3.65
2021-03-08,300719,15.53,14.79,15.54,14.74,59042,91573046.0,5.17,-4.4,-0.68,3.27
2021-03-09,300719,14.74,14.08,14.91,13.74,50885,74854261.0,7.91,-4.8,-0.71,2.82
2021-03-10,300719,14.24,13.53,14.42,13.51,43464,61644247.0,6.46,-3.91,-0.55,2.41
2021-03-11,300719,13.64,13.88,13.97,13.31,32569,46005394.0,4.88,2.59,0.35,1.81
2021-03-12,300719,14.3,14.05,15.07,13.97,68392,102012708.0,7.93,1.22,0.17,3.79
2021-03-15,300719,13.9,14.19,14.52,13.85,47752,69740129.0,4.77,1.0,0.14,2.65
2021-03-16,300719,14.2,14.55,14.78,14.15,46064,68691600.0,4.44,2.54,0.36,2.55
2021-03-17,300719,14.88,15.25,15.56,14.52,85233,132181391.0,7.15,4.81,0.7,4.72
2021-03-18,300719,15.04,15.03,15.37,14.92,56003,86869862.0,2.95,-1.44,-0.22,3.1
2021-03-19,300719,14.92,15.08,15.53,14.83,81117,126481376.0,4.66,0.33,0.05,4.5
2021-03-22,300719,14.69,15.08,15.23,14.68,49758,76569451.0,3.65,0.0,0.0,2.76
2021-03-23,300719,14.93,14.65,15.08,14.55,41331,62779265.0,3.51,-2.85,-0.43,2.29
2021-03-24,300719,14.66,14.06,14.84,14.0,48261,71346876.0,5.73,-4.03,-0.59,2.67
2021-03-25,300719,13.9,13.98,14.27,13.86,33293,48171956.0,2.92,-0.57,-0.08,1.85
2021-03-26,300719,13.97,13.97,14.1,13.91,29052,41884038.0,1.36,-0.07,-0.01,1.61
2021-03-29,300719,14.0,14.16,14.44,13.96,39025,56962085.0,3.44,1.36,0.19,2.16
2021-03-30,300719,14.04,14.05,14.84,13.96,85781,127574639.0,6.21,-0.78,-0.11,4.75
2021-03-31,300719,13.9,13.51,13.94,13.36,62688,87430773.0,4.13,-3.84,-0.54,3.47
2021-04-01,300719,13.43,13.12,13.55,13.06,39364,53445965.0,3.63,-2.89,-0.39,2.18
2021-04-02,300719,13.12,13.16,13.24,12.91,29978,40483498.0,2.52,0.3,0.04,1.66
2021-04-06,300719,13.26,13.62,13.76,13.2,52399,73060921.0,4.26,3.5,0.46,2.9
2021-04-07,300719,13.58,13.63,13.74,13.43,30893,43322447.0,2.28,0.07,0.01,1.71
2021-04-08,300719,13.73,13.36,13.77,13.34,33981,47401036.0,3.15,-1.98,-0.27,1.88
2021-04-09,300719,13.27,13.39,13.68,13.27,27761,38504657.0,3.07,0.22,0.03,1.54
2021-04-12,300719,13.34,12.95,13.34,12.88,31482,42510212.0,3.44,-3.29,-0.44,1.74
2021-04-13,300719,13.03,12.59,13.03,12.55,26482,34743035.0,3.71,-2.78,-0.36,1.47
2021-04-14,300719,12.65,12.79,12.83,12.52,24871,32640283.0,2.46,1.59,0.2,1.38
2021-04-15,300719,12.83,12.75,12.88,12.58,27795,36554894.0,2.35,-0.31,-0.04,1.54
2021-04-16,300719,12.83,12.96,13.02,12.69,26154,34716997.0,2.59,1.65,0.21,1.45
2021-04-19,300719,12.95,13.16,13.21,12.87,27305,36939260.0,2.62,1.54,0.2,1.51
2021-04-20,300719,13.16,13.27,13.47,13.1,50053,68693517.0,2.81,0.84,0.11,2.77
2021-04-21,300719,13.25,13.28,13.51,13.15,32718,44877115.0,2.71,0.08,0.01,1.81
2021-04-22,300719,13.39,13.18,13.5,13.16,27620,37903687.0,2.56,-0.75,-0.1,1.53
2021-04-23,300719,13.18,12.88,13.19,12.86,27984,37477522.0,2.5,-2.28,-0.3,1.55
2021-04-26,300719,12.99,12.91,13.19,12.85,25162,33774074.0,2.64,0.23,0.03,1.39
2021-04-27,300719,12.89,12.23,12.89,12.13,41917,53699730.0,5.89,-5.27,-0.68,2.32
2021-04-28,300719,12.2,11.96,12.26,11.81,35865,44531125.0,3.68,-2.21,-0.27,1.99
2021-04-29,300719,11.96,11.89,12.06,11.82,23076,28495606.0,2.01,-0.59,-0.07,1.28
2021-04-30,300719,11.9,11.56,11.95,11.44,33912,40723307.0,4.29,-2.78,-0.33,1.88
2021-05-06,300719,11.52,11.85,12.06,11.38,31369,38427527.0,5.88,2.51,0.29,1.74
2021-05-07,300719,11.86,11.62,12.06,11.6,24548,29824162.0,3.88,-1.94,-0.23,1.36
2021-05-10,300719,11.65,11.58,11.73,11.41,26360,31576649.0,2.75,-0.34,-0.04,1.46
2021-05-11,300719,11.56,11.99,12.54,11.49,56734,70520385.0,9.07,3.54,0.41,3.14
2021-05-12,300719,11.99,11.83,12.03,11.73,35170,43092221.0,2.5,-1.33,-0.16,1.95
2021-05-13,300719,11.74,11.87,12.26,11.71,45643,56619489.0,4.65,0.34,0.04,2.53
2021-05-14,300719,11.87,12.48,12.83,11.78,97864,124708037.0,8.85,5.14,0.61,5.42
2021-05-17,300719,12.5,12.18,12.71,12.12,65980,84347365.0,4.73,-2.4,-0.3,3.66
2021-05-18,300719,12.0,12.71,12.91,12.0,82091,107167833.0,7.47,4.35,0.53,4.55
2021-05-19,300719,12.65,12.66,12.87,12.58,47406,62118559.0,2.28,-0.39,-0.05,2.63
2021-05-20,300719,12.56,12.69,12.97,12.51,41247,54299548.0,3.63,0.24,0.03,2.29
2021-05-21,300719,12.6,12.35,12.73,12.28,48762,62679358.0,3.55,-2.68,-0.34,2.7
2021-05-24,300719,12.28,12.45,12.65,12.26,36252,46843661.0,3.16,0.81,0.1,2.01
2021-05-25,300719,12.43,12.85,13.03,12.38,66356,87764400.0,5.22,3.21,0.4,3.68
2021-05-26,300719,12.96,12.81,13.08,12.73,46081,61314703.0,2.72,-0.31,-0.04,2.55
2021-05-27,300719,12.76,12.8,12.93,12.69,34981,46241898.0,1.87,-0.08,-0.01,1.94
2021-05-28,300719,12.86,12.94,13.07,12.77,42886,57158447.0,2.34,1.09,0.14,2.38
2021-05-31,300719,13.07,13.11,13.25,12.81,55155,74304863.0,3.4,1.31,0.17,3.06
2021-06-01,300719,12.99,12.94,13.13,12.83,48680,65072279.0,2.29,-1.3,-0.17,2.7
2021-06-02,300719,12.93,12.61,13.11,12.57,45808,60369849.0,4.17,-2.55,-0.33,2.54
2021-06-03,300719,12.65,12.47,12.75,12.45,33194,43287056.0,2.38,-1.11,-0.14,1.84
2021-06-04,300719,12.48,12.5,12.67,12.38,27268,35316993.0,2.33,0.24,0.03,1.51
2021-06-07,300719,12.38,12.46,12.74,12.19,42076,54166346.0,4.4,-0.32,-0.04,2.33
2021-06-08,300719,12.42,13.08,13.24,12.31,101893,134811492.0,7.46,4.98,0.62,5.65
2021-06-09,300719,13.16,14.85,15.49,13.16,256426,383503712.0,17.81,13.53,1.77,14.21
2021-06-10,300719,14.27,14.98,15.27,14.13,193650,291825968.0,7.68,0.88,0.13,10.73
2021-06-11,300719,14.68,14.43,15.05,14.33,130403,195456493.0,4.81,-3.67,-0.55,7.23
2021-06-15,300719,14.25,15.51,15.85,14.03,185699,288999136.0,12.61,7.48,1.08,10.29
2021-06-16,300719,15.18,15.18,15.4,14.63,120550,186917403.0,4.96,-2.13,-0.33,6.68
2021-06-17,300719,15.18,14.93,15.76,14.63,105385,159871208.0,7.44,-1.65,-0.25,5.84
2021-06-18,300719,14.94,14.98,15.67,14.57,132189,203345455.0,7.37,0.33,0.05,7.33
2021-06-21,300719,14.77,16.48,16.78,14.77,210284,335210016.0,13.42,10.01,1.5,11.66
2021-06-22,300719,16.07,16.88,18.12,15.79,282733,481884016.0,14.14,2.43,0.4,15.67
2021-06-23,300719,16.48,16.41,16.74,15.99,171974,284473568.0,4.44,-2.78,-0.47,9.53
2021-06-24,300719,16.41,16.1,17.15,16.09,151167,254742085.0,6.46,-1.89,-0.31,8.38
2021-06-25,300719,15.95,15.37,16.07,15.31,109860,173857332.0,4.72,-4.53,-0.73,6.09
2021-06-28,300719,15.3,15.44,15.86,15.2,84488,133007563.0,4.29,0.46,0.07,4.68
2021-06-29,300719,15.28,14.78,15.73,14.74,86884,132435300.0,6.41,-4.27,-0.66,4.82
2021-06-30,300719,14.78,15.14,15.14,14.63,67185,101612433.0,3.45,2.44,0.36,3.72
2021-07-01,300719,15.21,13.98,15.36,13.92,102492,151210920.0,9.51,-7.66,-1.16,5.68
2021-07-02,300719,13.82,13.98,14.14,13.66,62136,87682975.0,3.43,0.0,0.0,3.44
2021-07-05,300719,13.96,14.18,14.26,13.86,40099,57500985.0,2.86,1.43,0.2,2.22
2021-07-06,300719,14.09,14.48,14.78,14.04,69326,101471235.0,5.22,2.12,0.3,3.84
2021-07-07,300719,14.24,14.67,14.96,14.2,72307,107625166.0,5.25,1.31,0.19,4.01
2021-07-08,300719,14.6,15.07,15.57,14.6,119056,182339711.0,6.61,2.73,0.4,6.6
2021-07-09,300719,14.88,14.65,15.08,14.55,71930,107739415.0,3.52,-2.79,-0.42,3.99
2021-07-12,300719,14.65,14.48,14.9,14.46,69366,103288203.0,3.0,-1.16,-0.17,3.84
2021-07-13,300719,14.49,14.89,14.97,14.3,82643,123002473.0,4.63,2.83,0.41,4.56
2021-07-14,300719,14.8,14.24,14.9,14.18,63327,93021198.0,4.84,-4.37,-0.65,3.5
2021-07-15,300719,14.22,14.48,14.73,14.11,45129,66068272.0,4.35,1.69,0.24,2.49
2021-07-16,300719,13.58,13.14,14.04,12.55,159378,213596067.0,10.29,-9.25,-1.34,8.8
2021-07-19,300719,13.29,14.2,15.12,13.29,153820,224098960.0,13.93,8.07,1.06,8.49
2021-07-20,300719,14.02,14.31,14.5,13.64,113782,162430437.0,6.06,0.77,0.11,6.28
2021-07-21,300719,14.28,14.47,14.68,14.16,86487,126839119.0,3.63,1.12,0.16,4.77
2021-07-22,300719,14.39,14.2,14.46,13.88,64624,92923793.0,4.01,-1.87,-0.27,3.57
2021-07-23,300719,14.14,14.82,15.28,13.73,169971,250431296.0,10.92,4.37,0.62,9.38
2021-07-26,300719,14.67,15.25,15.43,14.56,200250,306711904.0,5.87,2.9,0.43,11.06
2021-07-27,300719,15.0,14.8,15.45,14.65,152271,232703815.0,5.25,-2.95,-0.45,8.41
2021-07-28,300719,14.62,13.23,14.62,12.58,110944,153093988.0,13.78,-10.61,-1.57,6.13
2021-07-29,300719,13.38,13.6,13.97,13.28,72882,100835263.0,5.22,2.8,0.37,4.02
2021-07-30,300719,13.83,13.77,13.94,13.38,67952,94605263.0,4.12,1.25,0.17,3.75
2021-08-02,300719,13.56,14.97,14.98,13.56,145390,215853962.0,10.31,8.71,1.2,8.03
2021-08-03,300719,14.94,14.63,15.14,14.48,92888,139472919.0,4.41,-2.27,-0.34,5.13
2021-08-04,300719,14.55,15.3,15.51,14.55,135275,209288636.0,6.56,4.58,0.67,7.47
2021-08-05,300719,15.48,15.69,16.06,15.17,218630,347997664.0,5.82,2.55,0.39,12.07
2021-08-06,300719,15.57,15.48,15.88,15.13,118912,186223151.0,4.78,-1.34,-0.21,6.57
2021-08-09,300719,15.58,15.24,15.76,15.14,88256,137398793.0,4.01,-1.55,-0.24,4.87
2021-08-10,300719,15.12,15.82,16.18,15.12,170501,273226176.0,6.96,3.81,0.58,9.41
2021-08-11,300719,15.71,16.19,16.58,15.53,169771,276589168.0,6.64,2.34,0.37,9.37
2021-08-12,300719,16.32,16.49,16.96,15.96,211133,351734832.0,6.18,1.85,0.3,11.66
2021-08-13,300719,16.23,15.83,16.88,15.75,161967,266623951.0,6.85,-4.0,-0.66,8.94
2021-08-16,300719,15.67,15.36,15.95,15.3,108902,171415813.0,4.11,-2.97,-0.47,6.01
2021-08-17,300719,15.28,15.01,15.84,14.71,147832,228181726.0,7.36,-2.28,-0.35,8.16
2021-08-18,300719,14.87,15.31,15.72,14.67,123321,191214565.0,7.0,2.0,0.3,6.81
2021-08-19,300719,15.41,18.42,18.42,15.4,417688,746566016.0,19.73,20.31,3.11,23.06
2021-08-20,300719,18.7,19.04,20.07,17.86,523511,1013684144.0,12.0,3.37,0.62,28.9
2021-08-23,300719,19.5,19.13,19.77,18.46,375252,720540784.0,6.88,0.47,0.09,20.72
2021-08-24,300719,17.59,17.59,18.55,16.08,418998,719075872.0,12.91,-8.05,-1.54,23.13
2021-08-25,300719,16.96,16.67,17.2,16.51,245893,418834752.0,3.92,-5.23,-0.92,13.58
2021-08-26,300719,16.73,17.03,17.23,16.28,246916,419960016.0,5.7,2.16,0.36,13.63
2021-08-27,300719,16.85,15.83,16.85,15.8,188921,311240064.0,6.17,-7.05,-1.2,10.43
2021-08-30,300719,15.7,16.07,16.55,15.66,139114,227774643.0,5.62,1.52,0.24,7.68
2021-08-31,300719,15.97,16.35,16.55,15.69,146039,240266891.0,5.35,1.74,0.28,8.06
2021-09-01,300719,16.27,15.18,16.27,14.86,163921,257158470.0,8.62,-7.16,-1.17,9.05
2021-09-02,300719,15.02,15.29,15.48,14.56,99657,152779459.0,6.06,0.72,0.11,5.5
2021-09-03,300719,15.36,15.44,15.86,15.1,96428,151588868.0,4.97,0.98,0.15,5.32
2021-09-06,300719,15.44,15.53,15.68,14.83,92211,143095897.0,5.51,0.58,0.09,5.09
2021-09-07,300719,15.51,15.74,15.93,15.36,89833,143276445.0,3.67,1.35,0.21,4.96
2021-09-08,300719,15.68,15.5,15.87,15.44,74797,118375815.0,2.73,-1.52,-0.24,4.13
2021-09-09,300719,15.54,16.18,16.28,15.14,137327,218789708.0,7.35,4.39,0.68,7.58
2021-09-10,300719,15.98,15.68,16.08,15.59,92170,148010088.0,3.03,-3.09,-0.5,5.09
2021-09-13,300719,15.53,15.29,15.68,15.28,63040,98544861.0,2.55,-2.49,-0.39,3.48
2021-09-14,300719,15.24,15.18,15.7,15.15,62537,97573906.0,3.6,-0.72,-0.11,3.45
2021-09-15,300719,15.03,15.13,15.33,14.78,53270,81234012.0,3.62,-0.33,-0.05,2.94
2021-09-16,300719,15.18,14.78,15.39,14.78,67210,102598101.0,4.03,-2.31,-0.35,3.71
2021-09-17,300719,14.85,13.98,15.03,13.78,92847,134288216.0,8.46,-5.41,-0.8,5.13
2021-09-22,300719,13.83,13.91,14.17,13.64,38697,54960473.0,3.79,-0.5,-0.07,2.14
2021-09-23,300719,13.99,14.2,14.35,13.88,61648,88583285.0,3.38,2.08,0.29,3.4
2021-09-24,300719,14.18,13.79,14.27,13.78,44482,63160661.0,3.45,-2.89,-0.41,2.46
2021-09-27,300719,13.78,13.05,13.96,12.88,57763,78027714.0,7.83,-5.37,-0.74,3.19
2021-09-28,300719,13.06,13.08,13.31,13.0,33929,45361184.0,2.38,0.23,0.03,1.87
2021-09-29,300719,12.98,12.49,13.16,12.48,41992,54571713.0,5.2,-4.51,-0.59,2.32
2021-09-30,300719,12.56,12.89,12.91,12.56,32849,42755794.0,2.8,3.2,0.4,1.81
2021-10-08,300719,13.01,13.05,13.2,12.96,26400,35096473.0,1.86,1.24,0.16,1.46
2021-10-11,300719,13.01,14.16,14.9,13.01,117316,166934851.0,14.48,8.51,1.11,6.48
2021-10-12,300719,13.67,14.35,14.78,13.48,105792,150926396.0,9.18,1.34,0.19,5.84
2021-10-13,300719,14.09,14.04,14.26,13.7,61132,86731291.0,3.9,-2.16,-0.31,3.38
2021-10-14,300719,13.94,13.95,14.54,13.89,64567,93071683.0,4.63,-0.64,-0.09,3.56
2021-10-15,300719,13.86,14.06,14.48,13.86,60626,87374450.0,4.44,0.79,0.11,3.35
2021-10-18,300719,13.65,14.08,14.28,13.43,60227,85376028.0,6.05,0.14,0.02,3.33
2021-10-19,300719,14.08,13.51,14.12,13.44,75986,105776510.0,4.83,-4.05,-0.57,4.2
2021-10-20,300719,13.49,13.36,13.64,13.23,48552,66266075.0,3.03,-1.11,-0.15,2.68
2021-10-21,300719,13.48,13.03,13.53,12.95,46590,62183643.0,4.34,-2.47,-0.33,2.57
2021-10-22,300719,13.27,12.81,13.3,12.77,44748,58955306.0,4.07,-1.69,-0.22,2.47
2021-10-25,300719,12.81,12.92,12.97,12.67,33810,44099219.0,2.34,0.86,0.11,1.87
2021-10-26,300719,12.8,12.85,13.14,12.75,34877,45917957.0,3.02,-0.54,-0.07,1.93
2021-10-27,300719,13.17,12.72,13.38,12.67,52623,69673250.0,5.53,-1.01,-0.13,2.91
2021-10-28,300719,12.38,11.95,12.65,11.89,55869,69350359.0,5.97,-6.05,-0.77,3.08
2021-10-29,300719,12.04,12.49,12.58,11.95,52625,66240223.0,5.27,4.52,0.54,2.91
2021-11-01,300719,12.49,12.68,12.88,12.49,42710,55176676.0,3.12,1.52,0.19,2.36
2021-11-02,300719,12.79,13.27,13.4,12.79,110583,147833619.0,4.81,4.65,0.59,6.11
2021-11-03,300719,12.88,12.97,13.11,12.68,63760,83610400.0,3.24,-2.26,-0.3,3.52
2021-11-04,300719,13.0,12.97,13.07,12.82,49629,65334518.0,1.93,0.0,0.0,2.74
2021-11-05,300719,12.97,13.0,13.12,12.88,51006,67439907.0,1.85,0.23,0.03,2.82
2021-11-08,300719,12.95,13.09,13.11,12.71,45612,60059433.0,3.08,0.69,0.09,2.52
2021-11-09,300719,13.04,13.42,13.52,12.96,71960,97497668.0,4.28,2.52,0.33,3.97
2021-11-10,300719,13.39,13.51,13.75,13.35,65028,89403422.0,2.98,0.67,0.09,3.59
2021-11-11,300719,13.63,13.45,13.63,13.38,51323,70315375.0,1.85,-0.44,-0.06,2.83
2021-11-12,300719,13.52,13.74,13.84,13.38,80906,112090423.0,3.42,2.16,0.29,4.47
2021-11-15,300719,13.7,13.89,14.04,13.63,68704,96631441.0,2.98,1.09,0.15,3.79
2021-11-16,300719,13.8,13.27,13.83,13.2,75076,103073207.0,4.54,-4.46,-0.62,4.14
2021-11-17,300719,13.3,13.49,13.55,13.13,48291,65686699.0,3.17,1.66,0.22,2.67
2021-11-18,300719,13.54,13.85,14.02,13.33,87272,121920161.0,5.11,2.67,0.36,4.82
2021-11-19,300719,13.96,13.77,14.02,13.66,55690,78243694.0,2.6,-0.58,-0.08,3.07
2021-11-22,300719,13.71,13.73,13.82,13.62,49759,69345346.0,1.45,-0.29,-0.04,2.75
2021-11-23,300719,13.79,13.65,13.85,13.45,56051,77632584.0,2.91,-0.58,-0.08,3.09
2021-11-24,300719,13.68,13.56,13.8,13.41,42784,59012636.0,2.86,-0.66,-0.09,2.36
2021-11-25,300719,13.56,13.51,13.69,13.44,35510,48944530.0,1.84,-0.37,-0.05,1.96
2021-11-26,300719,13.45,13.35,13.61,13.31,48175,65812613.0,2.22,-1.18,-0.16,2.66
2021-11-29,300719,13.11,13.99,14.16,13.03,114689,161008223.0,8.46,4.79,0.64,6.33
2021-11-30,300719,13.92,14.14,14.36,13.84,108509,155514155.0,3.72,1.07,0.15,5.99
2021-12-01,300719,14.14,14.09,14.23,13.93,64342,91861072.0,2.12,-0.35,-0.05,3.55
2021-12-02,300719,14.09,13.62,14.13,13.61,58601,82174215.0,3.69,-3.34,-0.47,3.24
2021-12-03,300719,13.66,14.16,14.85,13.66,160894,234900815.0,8.74,3.96,0.54,8.88
2021-12-06,300719,13.96,14.29,14.5,13.8,130841,187932791.0,4.94,0.92,0.13,7.22
2021-12-07,300719,14.31,13.68,14.36,13.51,83976,117838377.0,5.95,-4.27,-0.61,4.64
2021-12-08,300719,13.74,13.92,14.35,13.66,80825,114850933.0,5.04,1.75,0.24,4.46
2021-12-09,300719,14.02,13.67,14.07,13.6,75134,104936869.0,3.38,-1.8,-0.25,4.15
2021-12-10,300719,13.55,13.36,13.63,13.28,74651,101628804.0,2.56,-2.27,-0.31,4.12
2021-12-13,300719,13.32,13.3,13.4,13.13,39658,53428620.0,2.02,-0.45,-0.06,2.19
2021-12-14,300719,13.28,14.06,14.44,13.15,160140,227081515.0,9.7,5.71,0.76,8.84
2021-12-15,300719,14.15,13.9,14.15,13.8,66942,94641224.0,2.49,-1.14,-0.16,3.7
2021-12-16,300719,13.93,13.84,14.07,13.74,48209,67976312.0,2.37,-0.43,-0.06,2.66
2021-12-17,300719,14.12,13.86,14.28,13.82,76504,108703483.0,3.32,0.14,0.02,4.22
2021-12-20,300719,13.75,13.43,13.97,13.33,63649,87986786.0,4.62,-3.1,-0.43,3.51
2021-12-21,300719,13.36,13.51,13.52,13.29,33790,46087211.0,1.71,0.6,0.08,1.87
2021-12-22,300719,13.51,13.42,13.72,13.34,48347,66047868.0,2.81,-0.67,-0.09,2.67
2021-12-23,300719,13.46,12.97,13.46,12.97,70212,93364616.0,3.65,-3.35,-0.45,3.88
2021-12-24,300719,13.14,12.65,13.14,12.65,45000,58585984.0,3.78,-2.47,-0.32,2.48
2021-12-27,300719,12.68,12.73,12.86,12.63,23185,30073641.0,1.82,0.63,0.08,1.28
2021-12-28,300719,12.78,12.9,12.96,12.71,23519,30741621.0,1.96,1.34,0.17,1.3
2021-12-29,300719,12.97,13.03,13.15,12.89,34551,45736626.0,2.02,1.01,0.13,1.91
2021-12-30,300719,13.02,13.09,13.2,12.87,40494,53946885.0,2.53,0.46,0.06,2.24
2021-12-31,300719,13.17,13.09,13.29,13.04,38425,51446359.0,1.91,0.0,0.0,2.12
2022-01-04,300719,13.03,13.19,13.26,13.01,50086,66908692.0,1.91,0.76,0.1,2.77
2022-01-05,300719,13.19,12.92,13.26,12.79,48224,63645165.0,3.56,-2.05,-0.27,2.66
2022-01-06,300719,12.89,12.93,13.0,12.72,35338,46229056.0,2.17,0.08,0.01,1.95
2022-01-07,300719,12.95,12.63,13.18,12.6,64827,85051376.0,4.49,-2.32,-0.3,3.58
2022-01-10,300719,12.56,12.73,12.92,12.31,40619,52253384.0,4.83,0.79,0.1,2.24
2022-01-11,300719,12.73,12.66,12.87,12.62,23904,30939562.0,1.96,-0.55,-0.07,1.32
2022-01-12,300719,12.7,12.84,12.86,12.67,22342,29096530.0,1.5,1.42,0.18,1.23
2022-01-13,300719,12.81,12.73,12.96,12.71,25599,33390310.0,1.95,-0.86,-0.11,1.41
2022-01-14,300719,12.64,12.54,12.84,12.53,27353,35350257.0,2.44,-1.49,-0.19,1.51
2022-01-17,300719,12.64,12.87,12.9,12.53,31483,40984861.0,2.95,2.63,0.33,1.74
2022-01-18,300719,12.88,12.64,12.92,12.59,32140,41478380.0,2.56,-1.79,-0.23,1.77
2022-01-19,300719,12.64,12.52,12.73,12.42,25847,33050709.0,2.45,-0.95,-0.12,1.43
2022-01-20,300719,12.49,12.08,12.6,12.0,39865,49559927.0,4.79,-3.51,-0.44,2.2
2022-01-21,300719,12.03,11.87,12.08,11.79,21946,26601535.0,2.4,-1.74,-0.21,1.21
2022-01-24,300719,11.84,11.92,12.02,11.81,18561,22523253.0,1.77,0.42,0.05,1.02
2022-01-25,300719,12.02,11.79,12.5,11.73,56090,69452422.0,6.46,-1.09,-0.13,3.1
2022-01-26,300719,11.61,11.71,11.8,11.38,32343,38361249.0,3.56,-0.68,-0.08,1.79
2022-01-27,300719,11.8,11.11,11.8,11.11,33972,39531728.0,5.89,-5.12,-0.6,1.88
2022-01-28,300719,11.22,11.38,11.53,11.08,24094,27891593.0,4.05,2.43,0.27,1.33
2022-02-07,300719,11.52,11.64,11.75,11.46,19755,23337813.0,2.55,2.28,0.26,1.09
2022-02-08,300719,11.68,11.78,11.8,11.57,16072,19150995.0,1.98,1.2,0.14,0.89
2022-02-09,300719,11.8,11.97,12.0,11.75,19161,23235488.0,2.12,1.61,0.19,1.06
2022-02-10,300719,12.01,11.84,12.01,11.81,16101,19484759.0,1.67,-1.09,-0.13,0.89
2022-02-11,300719,11.83,11.68,11.88,11.64,21754,26060841.0,2.03,-1.35,-0.16,1.2
2022-02-14,300719,11.87,11.9,12.24,11.78,31369,38264150.0,3.94,1.88,0.22,1.73
2022-02-15,300719,11.84,12.03,12.15,11.78,27519,33547094.0,3.11,1.09,0.13,1.52
2022-02-16,300719,11.88,11.89,11.96,11.83,22757,27537383.0,1.08,-1.16,-0.14,1.26
2022-02-17,300719,11.8,11.99,12.17,11.72,34378,41791939.0,3.78,0.84,0.1,1.9
2022-02-18,300719,11.98,11.84,11.98,11.73,22450,26998762.0,2.09,-1.25,-0.15,1.24
2022-02-21,300719,11.84,12.13,12.17,11.81,35863,44023275.0,3.04,2.45,0.29,1.98
2022-02-22,300719,12.39,11.95,12.43,11.93,47154,58246681.0,4.12,-1.48,-0.18,2.6
2022-02-23,300719,11.88,12.16,12.24,11.85,34712,42692843.0,3.26,1.76,0.21,1.92
2022-02-24,300719,12.21,13.01,13.78,12.07,204055,267071804.0,14.06,6.99,0.85,11.27
2022-02-25,300719,12.58,12.47,12.78,12.33,115121,147002690.0,3.46,-4.15,-0.54,6.36
2022-02-28,300719,12.55,12.4,12.85,12.28,85084,108541566.0,4.57,-0.56,-0.07,4.7
2022-03-01,300719,12.34,12.76,12.97,12.21,92222,118721216.0,6.13,2.9,0.36,5.09
2022-03-02,300719,12.61,12.63,12.96,12.61,58806,76239889.0,2.74,-1.02,-0.13,3.25
2022-03-03,300719,12.58,12.4,12.66,12.35,50274,63746605.0,2.45,-1.82,-0.23,2.78
2022-03-04,300719,12.44,12.1,12.5,12.1,41564,51957890.0,3.23,-2.42,-0.3,2.29
2022-03-07,300719,12.17,12.02,12.32,11.89,43034,53015888.0,3.55,-0.66,-0.08,2.38
2022-03-08,300719,11.96,11.3,12.02,11.28,49535,58435653.0,6.16,-5.99,-0.72,2.73
2022-03-09,300719,11.29,10.9,11.42,10.36,56165,62400417.0,9.38,-3.54,-0.4,3.1
2022-03-10,300719,11.07,11.19,11.32,11.07,39959,45623061.0,2.29,2.66,0.29,2.21
2022-03-11,300719,11.06,11.2,11.2,10.83,23593,26507084.0,3.31,0.09,0.01,1.3
2022-03-14,300719,11.09,10.99,11.56,10.97,47438,54315845.0,5.27,-1.88,-0.21,2.62
2022-03-15,300719,10.86,10.29,11.03,10.28,50307,55007155.0,6.82,-6.37,-0.7,2.78
2022-03-16,300719,10.49,10.51,10.58,10.03,41259,43773142.0,5.34,2.14,0.22,2.28
2022-03-17,300719,10.55,10.69,10.88,10.55,33555,36756525.0,3.14,1.71,0.18,1.85
2022-03-18,300719,10.7,10.81,10.84,10.59,26894,29552773.0,2.34,1.12,0.12,1.48
2022-03-21,300719,10.88,10.88,10.92,10.71,27091,29985551.0,1.94,0.65,0.07,1.5
2022-03-22,300719,12.38,13.1,13.1,12.38,131855,175144326.0,6.62,20.4,2.22,7.28
2022-03-23,300719,12.4,12.23,12.98,11.93,263634,329362464.0,8.02,-6.64,-0.87,14.56
2022-03-24,300719,11.88,11.95,12.65,11.71,147766,181610924.0,7.69,-2.29,-0.28,8.16
2022-03-25,300719,11.83,12.18,12.36,11.78,124325,153004972.0,4.85,1.92,0.23,6.86
2022-03-28,300719,11.91,11.46,11.94,11.35,102274,120815325.0,4.84,-5.91,-0.72,5.65
2022-03-29,300719,11.42,11.17,11.69,11.12,68919,80010444.0,4.97,-2.53,-0.29,3.81
2022-03-30,300719,11.17,11.23,11.4,11.01,66190,75476260.0,3.49,0.54,0.06,3.65
2022-03-31,300719,11.16,11.07,11.35,11.04,53450,61007013.0,2.76,-1.42,-0.16,2.95
2022-04-01,300719,11.06,10.88,11.11,10.87,46193,51717314.0,2.17,-1.72,-0.19,2.55
2022-04-06,300719,10.88,11.08,11.13,10.87,38678,43519293.0,2.39,1.84,0.2,2.14
2022-04-07,300719,11.04,10.83,11.29,10.78,51672,58100423.0,4.6,-2.26,-0.25,2.85
2022-04-08,300719,10.78,10.58,10.89,10.54,39663,43147500.0,3.23,-2.31,-0.25,2.19
2022-04-11,300719,10.56,10.18,10.56,10.16,33168,34967726.0,3.78,-3.78,-0.4,1.83
2022-04-12,300719,10.22,10.49,10.55,10.07,44232,46672352.0,4.72,3.05,0.31,2.44
2022-04-13,300719,10.4,10.11,10.43,10.08,30102,31426979.0,3.34,-3.62,-0.38,1.66
2022-04-14,300719,10.14,10.23,10.45,10.07,35109,36620694.0,3.76,1.19,0.12,1.94
2022-04-15,300719,10.13,10.41,10.44,9.97,46751,48843346.0,4.59,1.76,0.18,2.58
2022-04-18,300719,10.15,10.24,10.33,9.96,40619,42063212.0,3.55,-1.63,-0.17,2.24
2022-04-19,300719,10.16,10.41,10.54,10.15,36083,38102278.0,3.81,1.66,0.17,1.99
2022-04-20,300719,10.36,10.26,10.52,10.14,29743,31416725.0,3.65,-1.44,-0.15,1.64
2022-04-21,300719,10.18,9.69,10.35,9.69,39524,40264907.0,6.43,-5.56,-0.57,2.18
2022-04-22,300719,9.74,9.47,9.81,9.38,38247,37491205.0,4.44,-2.27,-0.22,2.11
2022-04-25,300719,9.38,8.64,9.38,8.61,47446,43468288.0,8.13,-8.76,-0.83,2.62
2022-04-26,300719,8.59,8.13,8.76,8.09,43667,37817961.0,7.75,-5.9,-0.51,2.41
2022-04-27,300719,7.97,8.49,8.51,7.87,42315,35685108.0,7.87,4.43,0.36,2.34
2022-04-28,300719,8.47,8.27,8.47,8.18,31580,26977451.0,3.42,-2.59,-0.22,1.74
2022-04-29,300719,8.32,8.78,8.88,8.32,35162,31259527.0,6.77,6.17,0.51,1.94
2022-05-05,300719,8.74,9.04,9.14,8.69,30181,27837463.0,5.13,2.96,0.26,1.67
2022-05-06,300719,8.79,9.0,9.18,8.74,22030,20365413.0,4.87,-0.44,-0.04,1.22
2022-05-09,300719,8.78,9.3,9.55,8.78,35155,33478631.0,8.56,3.33,0.3,1.94
2022-05-10,300719,9.17,9.48,9.58,9.1,33474,32277473.0,5.16,1.94,0.18,1.85
2022-05-11,300719,10.31,9.47,10.78,9.46,84479,85311731.0,13.92,-0.11,-0.01,4.66
2022-05-12,300719,9.3,9.64,9.87,9.28,52819,52076078.0,6.23,1.8,0.17,2.92
2022-05-13,300719,9.61,9.61,9.77,9.55,25871,25512332.0,2.28,-0.31,-0.03,1.43
2022-05-16,300719,9.79,9.69,10.05,9.63,36916,37025371.0,4.37,0.83,0.08,2.04
2022-05-17,300719,9.64,9.61,9.78,9.48,22874,22442904.0,3.1,-0.83,-0.08,1.26
2022-05-18,300719,9.57,9.69,9.82,9.48,29808,29580855.0,3.54,0.83,0.08,1.65
2022-05-19,300719,9.57,9.72,9.78,9.55,20167,19985140.0,2.37,0.31,0.03,1.11
2022-05-20,300719,9.65,9.58,9.76,9.48,48329,47529527.0,2.88,-1.44,-0.14,2.67
2022-05-23,300719,9.51,9.71,9.72,9.51,20579,20264657.0,2.19,1.36,0.13,1.14
2022-05-24,300719,9.67,9.18,10.06,9.16,53687,52836128.0,9.27,-5.46,-0.53,2.96
2022-05-25,300719,9.16,9.54,9.55,9.1,34191,32843359.0,4.9,3.92,0.36,1.89
2022-05-26,300719,9.54,9.78,9.96,9.41,43779,43513122.0,5.77,2.52,0.24,2.42
2022-05-27,300719,9.86,9.68,9.94,9.56,27409,27359164.0,3.89,-1.02,-0.1,1.51
2022-05-30,300719,9.75,9.77,9.8,9.56,24674,24473885.0,2.48,0.93,0.09,1.36
2022-05-31,300719,9.75,9.73,9.81,9.59,21311,21097583.0,2.25,-0.41,-0.04,1.18
2022-06-01,300719,9.73,9.82,9.94,9.63,32679,32806846.0,3.19,0.92,0.09,1.8
2022-06-02,300719,9.87,9.99,10.05,9.72,37348,37884376.0,3.36,1.73,0.17,2.06
2022-06-06,300719,9.99,10.05,10.12,9.9,32060,32874806.0,2.2,0.6,0.06,1.77
2022-06-07,300719,10.02,9.85,10.09,9.75,27575,27810365.0,3.38,-1.99,-0.2,1.52
2022-06-08,300719,9.86,9.72,9.86,9.42,34980,34531395.0,4.47,-1.32,-0.13,1.93
2022-06-09,300719,9.73,9.37,9.73,9.3,28151,27240451.0,4.42,-3.6,-0.35,1.55
2022-06-10,300719,9.36,9.63,9.81,9.29,32896,32473660.0,5.55,2.77,0.26,1.82
2022-06-13,300719,9.68,9.8,9.91,9.64,29080,29083615.0,2.8,1.77,0.17,1.61
2022-06-14,300719,9.7,9.55,9.79,9.3,37128,35970424.0,5.0,-2.55,-0.25,2.05
2022-06-15,300719,9.65,9.57,9.95,9.55,38433,38161260.0,4.19,0.21,0.02,2.12
2022-06-16,300719,9.56,9.63,9.76,9.5,38425,37975917.0,2.72,0.63,0.06,2.12
2022-06-17,300719,9.59,9.52,9.71,9.36,31606,30798944.0,3.63,-1.14,-0.11,1.74
2022-06-20,300719,9.57,9.58,9.7,9.52,29079,28574285.0,1.89,0.63,0.06,1.61
2022-06-21,300719,9.54,9.6,9.67,9.48,34495,33819357.0,1.98,0.21,0.02,1.9
2022-06-22,300719,9.63,9.32,9.65,9.29,30938,29928457.0,3.75,-2.92,-0.28,1.71
2022-06-23,300719,9.29,9.74,9.76,9.29,62613,61468700.0,5.04,4.51,0.42,3.46
2022-06-24,300719,9.77,10.02,10.13,9.74,80123,81947685.0,4.0,2.87,0.28,4.42
2022-06-27,300719,10.12,10.0,10.13,9.92,40686,41611994.0,2.1,-0.2,-0.02,2.25
2022-06-28,300719,10.18,10.59,10.7,9.94,110773,118359083.0,7.6,5.9,0.59,6.11
2022-06-29,300719,10.48,10.08,10.55,10.06,68323,71820597.0,4.63,-4.82,-0.51,3.77
2022-06-30,300719,10.21,10.01,10.27,9.93,42550,43595084.0,3.37,-0.69,-0.07,2.35
2022-07-01,300719,10.01,9.93,10.16,9.87,33294,33970995.0,2.9,-0.8,-0.08,1.84
2022-07-04,300719,9.94,10.48,11.03,9.86,121225,130377651.0,11.78,5.54,0.55,6.69
2022-07-05,300719,10.48,10.76,11.03,10.1,133327,144109527.0,8.87,2.67,0.28,7.36
2022-07-06,300719,10.55,11.1,11.38,10.36,152646,170803851.0,9.48,3.16,0.34,8.43
2022-07-07,300719,10.91,10.81,11.34,10.71,118243,131691797.0,5.68,-2.61,-0.29,6.53
2022-07-08,300719,10.81,10.65,10.89,10.5,77374,84055666.0,3.61,-1.48,-0.16,4.27
2022-07-11,300719,10.65,10.74,11.04,10.26,86271,93700753.0,7.32,0.85,0.09,4.76
2022-07-12,300719,10.74,10.3,10.85,10.26,77380,82618744.0,5.49,-4.1,-0.44,4.27
2022-07-13,300719,10.47,10.38,10.5,10.25,37895,40030763.0,2.43,0.78,0.08,2.09
2022-07-14,300719,10.42,10.63,10.72,10.3,59939,64823704.0,4.05,2.41,0.25,3.31
2022-07-15,300719,10.58,10.59,10.9,10.53,62218,67964613.0,3.48,-0.38,-0.04,3.43
2022-07-18,300719,10.56,10.89,10.9,10.56,58402,64197405.0,3.21,2.83,0.3,3.22
2022-07-19,300719,10.86,10.9,11.08,10.84,48606,54106823.0,2.2,0.09,0.01,2.68
2022-07-20,300719,10.98,11.73,11.99,10.87,166492,195427030.0,10.28,7.61,0.83,9.19
2022-07-21,300719,11.5,11.2,11.58,11.19,106687,123059093.0,3.32,-4.52,-0.53,5.89
2022-07-22,300719,11.12,11.34,11.36,10.95,61140,69700072.0,3.66,1.25,0.14,3.37
2022-07-25,300719,11.34,11.02,11.61,10.97,53525,60948598.0,5.64,-2.82,-0.32,2.95
2022-07-26,300719,10.99,11.3,11.35,10.89,51587,58786705.0,4.17,2.54,0.28,2.85
2022-07-27,300719,11.25,11.62,12.15,11.23,118902,141515122.0,8.14,2.83,0.32,6.56
2022-07-28,300719,11.63,11.81,11.83,11.47,84896,100964935.0,3.1,1.64,0.19,4.69
2022-07-29,300719,11.69,11.64,11.74,11.4,61913,72943048.0,2.88,-1.44,-0.17,3.42
2022-08-01,300719,11.81,11.64,12.06,11.43,56075,66639408.0,5.41,0.0,0.0,3.1
2022-08-02,300719,11.75,11.93,12.15,11.56,189655,229746181.0,5.07,2.49,0.29,10.47
2022-08-03,300719,11.49,12.18,12.37,10.91,212364,257827313.0,12.24,2.1,0.25,11.72
2022-08-04,300719,11.93,11.46,12.0,11.37,139678,164088637.0,5.17,-5.91,-0.72,7.71
2022-08-05,300719,11.42,11.29,11.62,11.06,103730,118938905.0,4.89,-1.48,-0.17,5.73
2022-08-08,300719,11.1,11.51,11.73,11.1,81394,95652568.0,5.58,1.95,0.22,4.49
2022-08-09,300719,11.49,11.53,11.58,11.17,75472,87386195.0,3.56,0.17,0.02,4.17
2022-08-10,300719,11.6,11.7,12.05,11.5,105396,126628605.0,4.77,1.47,0.17,5.82
2022-08-11,300719,11.8,11.51,11.92,11.46,81886,96332484.0,3.93,-1.62,-0.19,4.52
2022-08-12,300719,11.5,11.26,11.55,11.26,61799,71683030.0,2.52,-2.17,-0.25,3.41
2022-08-15,300719,11.26,11.42,11.58,11.2,51769,59931244.0,3.37,1.42,0.16,2.86
2022-08-16,300719,11.42,11.3,11.52,11.28,46312,53555054.0,2.1,-1.05,-0.12,2.56
2022-08-17,300719,11.34,11.1,11.41,11.08,48330,54910194.0,2.92,-1.77,-0.2,2.67
2022-08-18,300719,11.09,11.11,11.2,11.03,38549,43657656.0,1.53,0.09,0.01,2.13
2022-08-19,300719,11.11,10.85,11.36,10.8,56414,63409536.0,5.04,-2.34,-0.26,3.11
2022-08-22,300719,10.76,10.91,10.94,10.65,30659,33887724.0,2.67,0.55,0.06,1.69
2022-08-23,300719,10.99,11.19,11.28,10.81,68525,77549191.0,4.31,2.57,0.28,3.78
2022-08-24,300719,11.21,10.9,11.33,10.8,62744,70372825.0,4.74,-2.59,-0.29,3.46
2022-08-25,300719,10.98,10.66,10.98,10.5,39914,43330861.0,4.4,-2.2,-0.24,2.2
2022-08-26,300719,10.7,10.74,10.9,10.6,38894,42821600.0,2.81,0.75,0.08,2.15
2022-08-29,300719,10.79,10.77,10.82,10.25,41933,45717649.0,5.31,0.28,0.03,2.31
2022-08-30,300719,10.7,10.68,10.87,10.65,37142,40650348.0,2.04,-0.84,-0.09,2.05
2022-08-31,300719,10.68,10.11,10.73,10.11,52279,55183744.0,5.81,-5.34,-0.57,2.89
2022-09-01,300719,10.11,10.21,10.41,10.11,37610,39427982.0,2.97,0.99,0.1,2.08
2022-09-02,300719,10.19,10.64,10.72,10.16,44168,47325288.0,5.48,4.21,0.43,2.44
2022-09-05,300719,10.7,10.73,10.89,10.62,28751,31413167.0,2.54,0.85,0.09,1.59
2022-09-06,300719,10.63,10.79,10.99,10.62,30250,33376039.0,3.45,0.56,0.06,1.67
2022-09-07,300719,10.81,10.85,10.9,10.75,22865,25239048.0,1.39,0.56,0.06,1.26
2022-09-08,300719,10.94,11.07,11.19,10.75,48373,54395066.0,4.06,2.03,0.22,2.67
2022-09-09,300719,11.17,11.06,11.17,10.86,34288,38361540.0,2.8,-0.09,-0.01,1.89
2022-09-13,300719,11.1,11.57,11.62,11.03,114813,133500820.0,5.33,4.61,0.51,6.34
2022-09-14,300719,11.28,11.46,11.71,11.18,80890,94698222.0,4.58,-0.95,-0.11,4.46
2022-09-15,300719,11.45,11.13,11.57,10.98,70143,80304370.0,5.15,-2.88,-0.33,3.87
2022-09-16,300719,11.19,11.04,11.42,11.02,52888,60469727.0,3.59,-0.81,-0.09,2.92
2022-09-19,300719,11.04,10.77,11.16,10.6,49492,54429269.0,5.07,-2.45,-0.27,2.73
2022-09-20,300719,10.9,10.59,10.91,10.52,38791,42085127.0,3.62,-1.67,-0.18,2.14
2022-09-21,300719,10.53,10.47,10.68,10.15,46143,48751253.0,5.0,-1.13,-0.12,2.55
2022-09-22,300719,10.4,10.71,10.99,10.32,56676,62174997.0,6.4,2.29,0.24,3.13
2022-09-23,300719,10.69,11.28,12.09,10.62,165902,192506913.0,13.73,5.32,0.57,9.16
2022-09-26,300719,11.15,10.55,11.19,10.4,123159,133611379.0,7.0,-6.47,-0.73,6.8
2022-09-27,300719,10.43,10.9,11.04,10.43,92989,102304908.0,5.78,3.32,0.35,5.13
2022-09-28,300719,11.06,10.22,11.07,10.19,91142,97732723.0,8.07,-6.24,-0.68,5.03
2022-09-29,300719,10.44,10.24,10.73,10.24,70292,74747302.0,4.79,0.2,0.02,3.88
2022-09-30,300719,10.32,9.67,10.35,9.67,77316,77906034.0,6.64,-5.57,-0.57,4.27
2022-10-10,300719,9.78,9.79,10.1,9.68,65392,65977689.0,4.34,1.24,0.12,3.61
2022-10-11,300719,9.9,9.48,9.9,9.36,49533,47892875.0,5.52,-3.17,-0.31,2.73
2022-10-12,300719,9.47,9.6,9.61,9.17,45938,43907096.0,4.64,1.27,0.12,2.54
2022-10-13,300719,9.59,9.65,9.83,9.49,42674,42334673.0,3.54,0.52,0.05,2.36
2022-10-14,300719,9.68,9.92,9.97,9.68,40552,40830215.0,3.01,2.8,0.27,2.24
2022-10-17,300719,9.95,11.46,11.94,9.82,315540,366457618.0,21.37,15.52,1.54,17.42
2022-10-18,300719,11.12,10.97,11.21,10.86,249455,279865829.0,3.05,-4.28,-0.49,13.77
2022-10-19,300719,11.01,10.8,11.03,10.65,100561,110474965.0,3.46,-1.55,-0.17,5.55
2022-10-20,300719,10.75,10.62,10.81,10.31,102927,110761338.0,4.63,-1.67,-0.18,5.68
2022-10-21,300719,10.58,10.69,10.77,10.47,81491,88239810.0,2.82,0.66,0.07,4.5
2022-10-24,300719,10.75,10.8,11.14,10.69,133906,149060766.0,4.21,1.03,0.11,7.39
2022-10-25,300719,10.76,11.1,11.3,10.64,156980,177012100.0,6.11,2.78,0.3,8.67
2022-10-26,300719,11.02,11.4,11.41,10.92,120302,137309558.0,4.41,2.7,0.3,6.64
2022-10-27,300719,11.34,11.19,11.37,11.09,81403,92777187.0,2.46,-1.84,-0.21,4.49
2022-10-28,300719,10.76,10.38,11.06,10.3,115259,124921368.0,6.79,-7.24,-0.81,6.36
2022-10-31,300719,10.3,10.82,10.88,10.23,75318,81532944.0,6.26,4.24,0.44,4.16
2022-11-01,300719,10.82,10.7,11.02,10.5,70352,77006798.0,4.81,-1.11,-0.12,3.88
2022-11-02,300719,10.75,10.82,11.01,10.65,56381,62121775.0,3.36,1.12,0.12,3.11
2022-11-03,300719,10.63,11.07,11.26,10.57,94840,105601644.0,6.38,2.31,0.25,5.24
2022-11-04,300719,11.0,11.01,11.08,10.87,84075,93863924.0,1.9,-0.54,-0.06,4.64
2022-11-07,300719,11.09,10.96,11.18,10.89,85337,95627330.0,2.63,-0.45,-0.05,4.71
2022-11-08,300719,10.99,10.95,11.03,10.7,73633,81425832.0,3.01,-0.09,-0.01,4.06
2022-11-09,300719,11.27,11.08,11.65,10.98,177598,202260269.0,6.12,1.19,0.13,9.8
2022-11-10,300719,10.8,10.7,10.95,10.66,108612,119297970.0,2.62,-3.43,-0.38,6.0
2022-11-11,300719,10.8,10.98,11.15,10.62,124506,138077407.0,4.95,2.62,0.28,6.87
2022-11-14,300719,10.95,10.55,10.98,10.47,107211,116791713.0,4.64,-3.92,-0.43,5.92
2022-11-15,300719,10.5,10.75,10.95,10.35,86141,94301865.0,5.69,1.9,0.2,4.75
2022-11-16,300719,10.9,10.96,11.18,10.74,108732,121874617.0,4.09,1.95,0.21,6.0
2022-11-17,300719,10.88,10.95,10.95,10.7,61487,67618928.0,2.28,-0.09,-0.01,3.39
2022-11-18,300719,10.92,10.61,11.1,10.59,71787,79004519.0,4.66,-3.11,-0.34,3.96
2022-11-21,300719,10.54,10.76,10.95,10.45,63388,69581224.0,4.71,1.41,0.15,3.5
2022-11-22,300719,10.76,10.61,10.96,10.6,67377,74015005.0,3.35,-1.39,-0.15,3.72
2022-11-23,300719,10.56,10.29,10.61,10.17,75840,79939204.0,4.15,-3.02,-0.32,4.19
2022-11-24,300719,10.4,10.14,10.4,10.07,43572,45246824.0,3.21,-1.46,-0.15,2.41
2022-11-25,300719,10.12,9.93,10.14,9.91,44386,45164929.0,2.27,-2.07,-0.21,2.45
2022-11-28,300719,9.86,10.35,10.45,9.73,91494,94793097.0,7.25,4.23,0.42,5.05
2022-11-29,300719,10.36,10.34,10.58,10.23,84376,89180611.0,3.38,-0.1,-0.01,4.66
2022-11-30,300719,10.43,10.25,10.45,10.21,46732,49164410.0,2.32,-0.87,-0.09,2.58
2022-12-01,300719,10.25,10.33,10.37,10.25,36699,38597328.0,1.17,0.78,0.08,2.03
2022-12-02,300719,10.36,10.34,10.41,10.31,34821,36741019.0,0.97,0.1,0.01,1.92
2022-12-05,300719,10.38,10.44,10.48,10.29,35445,37559666.0,1.84,0.97,0.1,1.96
2022-12-06,300719,10.48,10.76,10.92,10.37,106377,115767578.0,5.27,3.07,0.32,5.87
2022-12-07,300719,10.85,10.99,11.06,10.71,115875,128784586.0,3.25,2.14,0.23,6.4
2022-12-08,300719,10.97,10.81,11.18,10.73,79448,88239984.0,4.09,-1.64,-0.18,4.39
2022-12-09,300719,10.93,10.59,10.97,10.53,57337,62298205.0,4.07,-2.04,-0.22,3.16
2022-12-12,300719,10.62,10.85,10.97,10.48,70527,77336927.0,4.63,2.46,0.26,3.89
2022-12-13,300719,10.82,10.88,10.95,10.73,46690,51659567.0,2.03,0.28,0.03,2.58
2022-12-14,300719,10.98,10.82,11.02,10.75,40229,44547389.0,2.48,-0.55,-0.06,2.22
2022-12-15,300719,11.09,10.91,11.14,10.85,73403,82173796.0,2.68,0.83,0.09,4.05
2022-12-16,300719,10.82,10.77,10.98,10.73,47388,52212870.0,2.29,-1.28,-0.14,2.62
2022-12-19,300719,10.78,10.39,10.79,10.37,43616,46882105.0,3.9,-3.53,-0.38,2.41
2022-12-20,300719,10.43,10.39,10.63,10.35,33139,35392277.0,2.69,0.0,0.0,1.83
2022-12-21,300719,10.36,10.18,10.44,10.11,32755,34258146.0,3.18,-2.02,-0.21,1.81
2022-12-22,300719,10.28,10.05,10.35,9.97,35485,36711906.0,3.73,-1.28,-0.13,1.96
2022-12-23,300719,9.98,9.89,10.11,9.83,36687,37314668.0,2.79,-1.59,-0.16,2.03
2022-12-26,300719,10.0,10.29,10.3,9.94,30860,32021224.0,3.64,4.04,0.4,1.7
2022-12-27,300719,10.41,10.36,10.47,10.22,25754,27162803.0,2.43,0.68,0.07,1.42
2022-12-28,300719,10.32,10.69,11.38,10.23,131778,144890213.0,11.1,3.19,0.33,7.27
2022-12-29,300719,10.69,10.92,11.07,10.58,97168,107663204.0,4.58,2.15,0.23,5.36
2022-12-30,300719,10.93,11.11,11.15,10.86,90608,102052000.0,2.66,1.74,0.19,5.0
2023-01-03,300719,11.03,11.87,11.99,11.03,158748,187708549.0,8.64,6.84,0.76,8.76
2023-01-04,300719,11.79,12.05,12.3,11.7,123225,151339109.0,5.05,1.52,0.18,6.8
2023-01-05,300719,12.02,12.04,12.11,11.86,67174,81810054.0,2.07,-0.08,-0.01,3.71
2023-01-06,300719,12.05,11.9,12.1,11.86,51814,63048146.0,1.99,-1.16,-0.14,2.86
2023-01-09,300719,11.94,11.48,12.0,11.4,89164,105193449.0,5.04,-3.53,-0.42,4.92
2023-01-10,300719,11.59,11.37,11.6,11.31,56323,65477473.0,2.53,-0.96,-0.11,3.11
2023-01-11,300719,11.46,11.16,11.61,11.14,68049,78363707.0,4.13,-1.85,-0.21,3.76
2023-01-12,300719,11.46,11.29,11.57,11.17,79538,91835482.0,3.58,1.16,0.13,4.39
2023-01-13,300719,11.3,11.25,11.47,11.07,51482,58783555.0,3.54,-0.35,-0.04,2.84
2023-01-16,300719,11.2,11.39,11.55,11.2,49025,56925656.0,3.11,1.24,0.14,2.71
2023-01-17,300719,11.39,11.71,12.1,11.31,104508,124982146.0,6.94,2.81,0.32,5.77
2023-01-18,300719,11.61,11.86,11.94,11.55,72608,87059917.0,3.33,1.28,0.15,4.01
2023-01-19,300719,11.78,11.92,12.02,11.7,56606,68306679.0,2.7,0.51,0.06,3.12
2023-01-20,300719,11.92,11.98,12.29,11.92,63863,78240125.0,3.1,0.5,0.06,3.53
2023-01-30,300719,11.98,12.69,12.87,11.98,143260,182972023.0,7.43,5.93,0.71,7.91
2023-01-31,300719,12.59,12.59,12.69,12.45,71925,91810314.0,1.89,-0.79,-0.1,3.97
2023-02-01,300719,12.55,13.01,13.06,12.45,94785,123399661.0,4.85,3.34,0.42,5.23
2023-02-02,300719,13.26,12.89,13.26,12.76,74428,97927091.0,3.84,-0.92,-0.12,4.11
2023-02-03,300719,12.88,13.11,13.34,12.78,79627,105347353.0,4.34,1.71,0.22,4.4
2023-02-06,300719,13.04,12.87,13.23,12.78,56042,73567676.0,3.43,-1.83,-0.24,3.09
2023-02-07,300719,12.94,12.85,12.94,12.56,63544,82209695.0,2.95,-0.16,-0.02,3.51
2023-02-08,300719,12.85,12.63,12.85,12.57,44072,56770897.0,2.18,-1.71,-0.22,2.43
2023-02-09,300719,12.6,12.69,12.77,12.54,36939,47567475.0,1.82,0.48,0.06,2.04
2023-02-10,300719,12.63,12.6,12.83,12.48,39167,50285355.0,2.76,-0.71,-0.09,2.16
2023-02-13,300719,12.68,12.81,13.03,12.62,47818,62411873.0,3.25,1.67,0.21,2.64
2023-02-14,300719,12.82,12.54,12.88,12.47,37292,47665775.0,3.2,-2.11,-0.27,2.06
2023-02-15,300719,12.56,12.73,12.9,12.52,46357,59805292.0,3.03,1.52,0.19,2.56
2023-02-16,300719,12.81,12.24,12.81,12.13,47905,60622700.0,5.34,-3.85,-0.49,2.64
2023-02-17,300719,12.35,12.59,12.77,12.14,57989,73548166.0,5.15,2.86,0.35,3.2
2023-02-20,300719,12.41,12.28,12.48,12.14,52037,64717977.0,2.7,-2.46,-0.31,2.87
2023-02-21,300719,12.33,12.49,12.64,12.21,57562,72855274.0,3.5,1.71,0.21,3.18
2023-02-22,300719,12.45,12.56,12.61,12.31,34777,44077815.0,2.4,0.56,0.07,1.92
2023-02-23,300719,12.58,12.43,12.63,12.33,26891,34009526.0,2.39,-1.04,-0.13,1.48
2023-02-24,300719,12.4,12.67,12.8,12.4,63508,81698178.0,3.22,1.93,0.24,3.51
2023-02-27,300719,12.7,12.54,12.91,12.49,53422,68851647.0,3.31,-1.03,-0.13,2.95
2023-02-28,300719,12.54,12.46,12.7,12.33,45224,57340896.0,2.95,-0.64,-0.08,2.5
2023-03-01,300719,12.52,12.53,12.56,12.21,70317,88374812.0,2.81,0.56,0.07,3.88
2023-03-02,300719,12.61,12.84,13.02,12.51,69406,90064055.0,4.07,2.47,0.31,3.83
2023-03-03,300719,12.84,12.78,13.04,12.67,42489,55365266.0,2.88,-0.47,-0.06,2.35
2023-03-06,300719,12.84,12.89,13.08,12.77,55357,72804251.0,2.43,0.86,0.11,3.06
2023-03-07,300719,12.89,12.23,12.94,12.22,52019,66115911.0,5.59,-5.12,-0.66,2.87
2023-03-08,300719,12.1,12.48,12.54,12.1,40870,51630295.0,3.6,2.04,0.25,2.26
2023-03-09,300719,12.47,12.37,12.6,12.21,24996,31345684.0,3.13,-0.88,-0.11,1.38
2023-03-10,300719,12.3,12.11,12.42,12.1,26404,32816776.0,2.59,-2.1,-0.26,1.46
2023-03-13,300719,12.07,12.23,12.34,12.01,27997,34698673.0,2.73,0.99,0.12,1.55
2023-03-14,300719,12.17,12.02,12.24,11.85,28895,35343800.0,3.19,-1.72,-0.21,1.6
2023-03-15,300719,12.11,12.21,12.42,12.03,31608,39409257.0,3.24,1.58,0.19,1.74
2023-03-16,300719,12.24,11.65,12.24,11.56,52888,63437180.0,5.57,-4.59,-0.56,2.92
2023-03-17,300719,11.75,11.69,11.82,11.62,23753,28332548.0,1.72,0.34,0.04,1.31
2023-03-20,300719,11.79,11.55,11.79,11.46,27479,32326924.0,2.82,-1.2,-0.14,1.52
2023-03-21,300719,11.63,11.91,11.98,11.6,37426,45210782.0,3.29,3.12,0.36,2.07
2023-03-22,300719,11.91,12.1,12.11,11.79,36876,45036078.0,2.69,1.6,0.19,2.04
2023-03-23,300719,12.03,12.15,12.2,11.91,28460,34917318.0,2.4,0.41,0.05,1.57
2023-03-24,300719,12.24,12.33,12.62,12.15,43370,54530767.0,3.87,1.48,0.18,2.39
2023-03-27,300719,12.36,12.13,12.44,12.06,27901,34550903.0,3.08,-1.62,-0.2,1.54
2023-03-28,300719,12.16,11.84,12.18,11.82,25904,31429863.0,2.97,-2.39,-0.29,1.43
2023-03-29,300719,11.76,11.76,11.87,11.66,23890,28528504.0,1.77,-0.68,-0.08,1.32
2023-03-30,300719,11.76,11.65,11.79,11.56,20268,24029610.0,1.96,-0.94,-0.11,1.12
2023-03-31,300719,11.65,11.7,11.78,11.55,19315,22970412.0,1.97,0.43,0.05,1.07
2023-04-03,300719,11.7,11.83,11.88,11.55,37190,44550909.0,2.82,1.11,0.13,2.05
2023-04-04,300719,11.83,11.53,11.89,11.5,35032,41517093.0,3.3,-2.54,-0.3,1.93
2023-04-06,300719,11.52,11.72,11.78,11.44,27095,32108325.0,2.95,1.65,0.19,1.5
2023-04-07,300719,11.72,12.02,12.14,11.72,59367,72034491.0,3.58,2.56,0.3,3.28
2023-04-10,300719,12.07,11.72,12.12,11.69,38711,46641589.0,3.58,-2.5,-0.3,2.14
2023-04-11,300719,11.7,11.72,11.81,11.58,26438,31475261.0,1.96,0.0,0.0,1.46
2023-04-12,300719,11.72,11.76,11.84,11.66,20059,24006608.0,1.54,0.34,0.04,1.11
2023-04-13,300719,11.77,11.6,11.8,11.6,22177,26301449.0,1.7,-1.36,-0.16,1.22
2023-04-14,300719,11.55,11.51,11.69,11.42,21072,24719988.0,2.33,-0.78,-0.09,1.16
2023-04-17,300719,11.55,11.43,11.63,11.33,27047,31484094.0,2.61,-0.7,-0.08,1.49
2023-04-18,300719,11.4,11.16,11.45,11.1,42634,48609667.0,3.06,-2.36,-0.27,2.35
2023-04-19,300719,11.15,11.06,11.23,11.05,44160,49966519.0,1.61,-0.9,-0.1,2.44
2023-04-20,300719,11.07,10.91,11.18,10.8,35345,39368229.0,3.44,-1.36,-0.15,1.95
2023-04-21,300719,10.98,10.91,11.23,10.87,39462,44450197.0,3.3,0.0,0.0,2.18
2023-04-24,300719,10.92,10.75,10.92,10.6,46919,51185466.0,2.93,-1.47,-0.16,2.59
2023-04-25,300719,10.83,10.91,11.19,10.76,58693,65565558.0,4.0,1.49,0.16,3.24
2023-04-26,300719,10.86,11.13,11.51,10.72,49910,56925287.0,7.24,2.02,0.22,2.76
2023-04-27,300719,11.03,11.43,11.6,10.96,49322,57135057.0,5.75,2.7,0.3,2.72
2023-04-28,300719,11.46,11.6,11.66,11.35,34030,40000694.0,2.71,1.49,0.17,1.88
2023-05-04,300719,11.6,11.93,12.13,11.48,66109,80221803.0,5.6,2.84,0.33,3.65
2023-05-05,300719,11.93,11.74,11.93,11.62,33775,40406302.0,2.6,-1.59,-0.19,1.86
2023-05-08,300719,11.7,12.02,12.06,11.7,36947,44942347.0,3.07,2.39,0.28,2.04
2023-05-09,300719,12.12,11.78,12.12,11.78,36215,43812033.0,2.83,-2.0,-0.24,2.0
2023-05-10,300719,11.81,11.76,11.81,11.63,24388,29030212.0,1.53,-0.17,-0.02,1.35
2023-05-11,300719,11.76,11.79,11.85,11.66,18795,22499259.0,1.62,0.26,0.03,1.04
2023-05-12,300719,11.8,11.63,11.83,11.58,31526,37390380.0,2.12,-1.36,-0.16,1.74
2023-05-15,300719,11.68,11.89,11.92,11.59,23595,28149288.0,2.84,2.24,0.26,1.3
2023-05-16,300719,11.84,11.89,12.08,11.81,21616,26191341.0,2.27,0.0,0.0,1.19
2023-05-17,300719,11.89,12.25,12.36,11.8,68534,84781574.0,4.71,3.03,0.36,3.78
2023-05-18,300719,12.22,12.39,12.44,12.13,52321,65525400.0,2.53,1.14,0.14,2.89
2023-05-19,300719,12.38,12.53,12.75,12.33,56712,72360881.0,3.39,1.13,0.14,3.13
2023-05-22,300719,12.49,12.76,12.88,12.41,49326,63838303.0,3.75,1.84,0.23,2.72
2023-05-23,300719,12.68,12.59,12.88,12.5,39715,50975288.0,2.98,-1.33,-0.17,2.19
2023-05-24,300719,12.48,12.56,12.71,12.46,23988,30692618.0,1.99,-0.24,-0.03,1.32
2023-05-25,300719,12.56,12.59,12.75,12.4,32296,41201132.0,2.79,0.24,0.03,1.78
2023-05-26,300719,12.59,12.74,12.77,12.41,34442,44186405.0,2.86,1.19,0.15,1.9
2023-05-29,300719,13.25,12.57,13.52,12.45,104907,135937502.0,8.4,-1.33,-0.17,5.79
2023-05-30,300719,12.6,12.65,12.77,12.38,55265,70611662.0,3.1,0.64,0.08,3.05
2023-05-31,300719,12.78,12.75,13.1,12.52,65185,84805980.0,4.58,0.79,0.1,3.6
2023-06-01,300719,12.76,12.74,12.87,12.6,48562,62907915.0,2.12,-0.08,-0.01,2.68
2023-06-02,300719,12.61,12.57,12.9,12.57,37270,47913515.0,2.59,-1.33,-0.17,2.06
2023-06-05,300719,12.69,12.54,12.77,12.44,33018,42121150.0,2.63,-0.24,-0.03,1.82
2023-06-06,300719,12.51,12.35,12.97,12.34,43046,54893214.0,5.02,-1.52,-0.19,2.38
2023-06-07,300719,12.22,12.53,12.64,12.21,43807,55453487.0,3.48,1.46,0.18,2.42
2023-06-08,300719,12.49,12.53,12.6,12.3,28050,35605198.0,2.39,0.0,0.0,1.55
2023-06-09,300719,12.55,12.72,12.75,12.45,26140,33476892.0,2.39,1.52,0.19,1.44
2023-06-12,300719,12.62,12.61,12.74,12.52,36342,46509363.0,1.73,-0.86,-0.11,2.01
2023-06-13,300719,12.6,12.57,12.69,12.4,31546,40072208.0,2.3,-0.32,-0.04,1.74
2023-06-14,300719,12.56,12.39,12.63,12.3,34294,43167162.0,2.63,-1.43,-0.18,1.89
2023-06-15,300719,12.48,12.44,12.53,12.33,21187,26764254.0,1.61,0.4,0.05,1.17
2023-06-16,300719,12.47,13.09,13.15,12.46,76503,100457631.0,5.55,5.23,0.65,4.22
2023-06-19,300719,13.0,13.2,13.4,12.95,55682,74780269.0,3.44,0.84,0.11,3.07
2023-06-20,300719,13.31,13.47,13.53,13.01,69517,94412047.0,3.94,2.05,0.27,3.84
2023-06-21,300719,13.42,13.46,13.58,13.29,51013,69622224.0,2.15,-0.07,-0.01,2.82
2023-06-26,300719,13.27,13.14,13.45,13.08,42771,57446907.0,2.75,-2.38,-0.32,2.36
2023-06-27,300719,13.29,13.46,13.48,13.02,34506,46680997.0,3.5,2.44,0.32,1.9
2023-06-28,300719,13.41,13.49,13.55,12.98,40829,55071260.0,4.23,0.22,0.03,2.25
2023-06-29,300719,13.48,13.96,14.15,13.4,77963,110009251.0,5.56,3.48,0.47,4.3
2023-06-30,300719,14.09,13.92,14.13,13.8,45160,63832729.0,2.36,-0.29,-0.04,2.51
2023-07-03,300719,13.92,13.72,13.98,13.62,37256,52033790.0,2.59,-1.44,-0.2,2.07
2023-07-04,300719,13.63,13.72,13.82,13.6,26681,37123986.0,1.6,0.0,0.0,1.48
2023-07-05,300719,13.66,13.47,13.75,13.47,22445,30922535.0,2.04,-1.82,-0.25,1.25
2023-07-06,300719,13.55,13.4,13.58,13.36,19451,26570509.0,1.63,-0.52,-0.07,1.08
2023-07-07,300719,13.48,13.16,13.48,13.13,28046,37641096.0,2.61,-1.79,-0.24,1.56
2023-07-10,300719,13.22,13.26,13.37,13.0,33500,44884564.0,2.81,0.76,0.1,1.86
2023-07-11,300719,13.24,13.52,13.59,13.18,29781,40592362.0,3.09,1.96,0.26,1.65
2023-07-12,300719,13.48,13.13,13.5,13.08,27533,37076825.0,3.11,-2.88,-0.39,1.53
2023-07-13,300719,13.13,13.18,13.23,13.01,23581,31457590.0,1.68,0.38,0.05,1.31
2023-07-14,300719,13.19,13.1,13.21,13.0,23395,31125518.0,1.59,-0.61,-0.08,1.3
2023-07-17,300719,12.8,12.68,12.97,12.45,47036,60553793.0,3.97,-3.21,-0.42,2.61
2023-07-18,300719,12.8,12.83,12.95,12.5,31047,40316966.0,3.55,1.18,0.15,1.72
2023-07-19,300719,12.92,12.55,12.93,12.5,23337,29961863.0,3.35,-2.18,-0.28,1.3
2023-07-20,300719,12.57,12.37,12.58,12.33,22546,28511294.0,1.99,-1.43,-0.18,1.25
2023-07-21,300719,12.25,12.12,12.37,12.1,19374,24075647.0,2.18,-2.02,-0.25,1.08
2023-07-24,300719,12.15,12.3,12.52,12.11,27924,34944869.0,3.38,1.49,0.18,1.55
2023-07-25,300719,12.48,12.55,12.57,12.28,26044,32908522.0,2.36,2.03,0.25,1.45
2023-07-26,300719,12.5,12.24,12.56,12.21,24454,30598181.0,2.79,-2.47,-0.31,1.36
2023-07-27,300719,12.32,12.15,12.41,12.11,27261,33953050.0,2.45,-0.74,-0.09,1.51
2023-07-28,300719,12.2,12.22,12.27,12.03,23802,29467331.0,1.98,0.58,0.07,1.32
2023-07-31,300719,12.21,12.01,12.27,11.95,42104,51651859.0,2.62,-1.72,-0.21,2.34
2023-08-01,300719,12.01,11.94,12.07,11.85,22259,26997287.0,1.83,-0.58,-0.07,1.24
2023-08-02,300719,11.88,11.87,11.95,11.81,18291,22081222.0,1.17,-0.59,-0.07,1.02
2023-08-03,300719,12.06,11.85,12.06,11.82,23583,28500200.0,2.02,-0.17,-0.02,1.31
2023-08-04,300719,11.86,11.92,12.23,11.86,29074,35268945.0,3.12,0.59,0.07,1.62
2023-08-07,300719,11.92,11.81,11.92,11.78,25315,30449952.0,1.17,-0.92,-0.11,1.41
2023-08-08,300719,11.83,11.85,11.88,11.75,16505,19836698.0,1.1,0.34,0.04,0.92
2023-08-09,300719,11.85,11.89,12.05,11.75,34337,41560777.0,2.53,0.34,0.04,1.91
2023-08-10,300719,11.83,11.98,12.06,11.83,30422,37047428.0,1.93,0.76,0.09,1.69
2023-08-11,300719,11.98,11.85,12.08,11.83,26927,32761991.0,2.09,-1.09,-0.13,1.5
2023-08-14,300719,11.75,11.94,11.98,11.68,20737,24959316.0,2.53,0.76,0.09,1.15
2023-08-15,300719,11.89,11.77,11.98,11.74,21129,25422795.0,2.01,-1.42,-0.17,1.17
2023-08-16,300719,11.79,11.59,11.96,11.59,20172,24075713.0,3.14,-1.53,-0.18,1.12
2023-08-17,300719,11.55,12.2,12.22,11.5,68487,83744134.0,6.21,5.26,0.61,3.8
2023-08-18,300719,12.19,12.19,12.46,12.09,53486,66907910.0,3.03,-0.08,-0.01,2.97
2023-08-21,300719,12.31,11.92,12.5,11.9,37789,46557498.0,4.92,-2.21,-0.27,2.1
2023-08-22,300719,11.96,12.07,12.18,11.8,33246,40546440.0,3.19,1.26,0.15,1.85
2023-08-23,300719,12.03,11.67,12.03,11.66,28220,33836630.0,3.07,-3.31,-0.4,1.57
2023-08-24,300719,11.75,11.57,11.84,11.48,30507,36113414.0,3.08,-0.86,-0.1,1.69
2023-08-25,300719,11.57,11.26,11.63,11.19,29455,34181234.0,3.8,-2.68,-0.31,1.64
2023-08-28,300719,11.81,11.19,11.92,11.1,33162,38703244.0,7.28,-0.62,-0.07,1.84
2023-08-29,300719,11.18,11.83,11.88,11.11,44414,52631156.0,6.88,5.72,0.64,2.47
2023-08-30,300719,11.86,12.11,12.26,11.86,45993,56582895.0,3.38,2.37,0.28,2.55
2023-08-31,300719,12.07,11.95,12.19,11.93,26515,32402470.0,2.15,-1.32,-0.16,1.47
2023-09-01,300719,12.04,11.91,12.07,11.81,25303,30612595.0,2.18,-0.33,-0.04,1.41
2023-09-04,300719,11.9,11.94,12.09,11.85,25652,31104972.0,2.02,0.25,0.03,1.42
2023-09-05,300719,11.95,12.12,12.23,11.88,44274,54578770.0,2.93,1.51,0.18,2.46
2023-09-06,300719,12.12,12.55,12.57,12.04,51461,64869812.0,4.37,3.55,0.43,2.86
2023-09-07,300719,12.45,12.43,12.78,12.42,47087,60048007.0,2.87,-0.96,-0.12,2.62
2023-09-08,300719,12.38,13.02,13.24,12.38,113748,149236016.0,6.92,4.75,0.59,6.32
2023-09-11,300719,12.92,12.71,13.0,12.55,89622,115269548.0,3.46,-2.38,-0.31,4.98
2023-09-12,300719,12.78,12.51,12.78,12.49,53564,68380452.0,2.28,-1.57,-0.2,2.98
2023-09-13,300719,12.52,12.29,12.56,12.16,41815,52355468.0,3.2,-1.76,-0.22,2.32
2023-09-14,300719,12.29,12.27,12.44,12.18,27725,34578732.0,2.12,-0.16,-0.02,1.54
2023-09-15,300719,12.27,12.14,12.36,12.03,31471,38777731.0,2.69,-1.06,-0.13,1.75
2023-09-18,300719,12.01,12.06,12.2,11.98,20064,24645484.0,1.81,-0.66,-0.08,1.11
2023-09-19,300719,12.04,11.78,12.07,11.75,28549,34426626.0,2.65,-2.32,-0.28,1.59
2023-09-20,300719,11.79,11.56,11.84,11.54,28921,34262037.0,2.55,-1.87,-0.22,1.61
2023-09-21,300719,11.56,11.63,11.77,11.5,24252,28746651.0,2.34,0.61,0.07,1.35
2023-09-22,300719,11.64,11.73,11.76,11.5,24054,28541782.0,2.24,0.86,0.1,1.34
2023-09-25,300719,11.76,11.58,11.79,11.55,22254,26352414.0,2.05,-1.28,-0.15,1.24
2023-09-26,300719,11.55,11.5,11.68,11.46,19228,22544758.0,1.9,-0.69,-0.08,1.07
2023-09-27,300719,11.46,11.5,11.64,11.46,20452,24025341.0,1.57,0.0,0.0,1.14
2023-09-28,300719,11.53,11.91,11.93,11.51,35606,42647127.0,3.65,3.57,0.41,1.98
2023-10-09,300719,12.4,12.62,12.89,12.19,114214,145546755.0,5.88,5.96,0.71,6.34
2023-10-10,300719,12.72,13.05,13.45,12.66,139186,185073261.0,6.26,3.41,0.43,7.73
2023-10-11,300719,13.07,12.81,13.35,12.71,110939,145894396.0,4.9,-1.84,-0.24,6.16
2023-10-12,300719,12.74,12.34,12.89,12.28,70230,88829315.0,4.76,-3.67,-0.47,3.9
2023-10-13,300719,12.35,12.15,12.37,12.13,51140,63504784.0,1.94,-1.54,-0.19,2.84
2023-10-16,300719,12.29,12.72,13.05,12.25,114653,147447514.0,6.58,4.69,0.57,6.37
2023-10-17,300719,12.52,12.73,12.78,12.41,78686,100791703.0,2.91,0.08,0.01,4.37
2023-10-18,300719,12.73,12.4,12.75,12.35,42142,53410574.0,3.14,-2.59,-0.33,2.34
2023-10-19,300719,12.44,12.35,12.66,12.33,46071,58407199.0,2.66,-0.4,-0.05,2.56
2023-10-20,300719,12.35,12.15,12.46,12.1,41742,51840144.0,2.91,-1.62,-0.2,2.32
2023-10-23,300719,12.08,12.16,12.36,12.01,36883,45630643.0,2.88,0.08,0.01,2.05
2023-10-24,300719,12.22,12.37,12.64,12.16,86940,109234920.0,3.95,1.73,0.21,4.83
2023-10-25,300719,12.6,12.5,12.71,12.38,72734,92633078.0,2.67,1.05,0.13,4.04
2023-10-26,300719,12.55,12.76,12.87,12.24,99153,127491333.0,5.04,2.08,0.26,5.51
2023-10-27,300719,12.76,12.82,12.88,12.56,74022,95873708.0,2.51,0.47,0.06,4.11
2023-10-30,300719,13.2,12.9,13.2,12.56,87173,113515536.0,4.99,0.62,0.08,4.84
2023-10-31,300719,12.87,13.13,13.42,12.76,104010,139032002.0,5.12,1.78,0.23,5.78
2023-11-01,300719,13.01,13.06,13.28,12.94,73859,98272496.0,2.59,-0.53,-0.07,4.1
2023-11-02,300719,12.96,12.75,13.13,12.73,56886,74432062.0,3.06,-2.37,-0.31,3.16
2023-11-03,300719,12.8,12.99,13.07,12.76,43085,56793565.0,2.43,1.88,0.24,2.39
2023-11-06,300719,13.04,13.25,13.28,12.96,50017,66802189.0,2.46,2.0,0.26,2.78
2023-11-07,300719,13.14,13.55,13.68,13.14,96787,132594872.0,4.08,2.26,0.3,5.38
2023-11-08,300719,13.55,13.36,13.59,13.25,60690,82185740.0,2.51,-1.4,-0.19,3.37
2023-11-09,300719,13.34,13.23,13.44,13.13,42250,56801865.0,2.32,-0.97,-0.13,2.35
2023-11-10,300719,13.22,13.47,13.57,13.14,59730,81438764.0,3.25,1.81,0.24,3.32
2023-11-13,300719,13.45,13.8,13.87,13.25,88742,122899092.0,4.6,2.45,0.33,4.93
2023-11-14,300719,13.79,13.77,13.89,13.66,58975,82357767.0,1.67,-0.22,-0.03,3.28
2023-11-15,300719,13.84,13.66,13.91,13.6,37856,52542587.0,2.25,-0.8,-0.11,2.1
2023-11-16,300719,13.66,13.58,13.9,13.52,51398,71359178.0,2.78,-0.59,-0.08,2.86
2023-11-17,300719,13.52,13.64,13.72,13.51,39394,54449117.0,1.55,0.44,0.06,2.19
2023-11-20,300719,13.72,13.85,13.94,13.65,53848,75529334.0,2.13,1.54,0.21,2.99
2023-11-21,300719,13.9,13.61,13.9,13.57,42416,58876718.0,2.38,-1.73,-0.24,2.36
2023-11-22,300719,13.61,13.44,13.7,13.42,30896,42470929.0,2.06,-1.25,-0.17,1.72
2023-11-23,300719,13.41,13.75,13.78,13.41,40483,56213805.0,2.75,2.31,0.31,2.25
2023-11-24,300719,13.74,13.54,13.77,13.46,32725,45060732.0,2.25,-1.53,-0.21,1.82
2023-11-27,300719,13.52,13.66,13.75,13.45,30617,42476879.0,2.22,0.89,0.12,1.7
2023-11-28,300719,13.67,13.54,13.87,13.5,38337,53028523.0,2.71,-0.88,-0.12,2.13
2023-11-29,300719,13.55,13.53,13.74,13.45,31219,43006467.0,2.14,-0.07,-0.01,1.73
2023-11-30,300719,13.57,13.38,13.6,13.25,31308,42486244.0,2.59,-1.11,-0.15,1.74
2023-12-01,300719,13.43,13.45,13.54,13.27,27810,37955154.0,2.02,0.52,0.07,1.54
2023-12-04,300719,13.44,13.58,13.7,13.44,38978,53781915.0,1.93,0.97,0.13,2.17
2023-12-05,300719,13.58,13.37,13.59,13.37,32140,43906885.0,1.62,-1.55,-0.21,1.79
2023-12-06,300719,13.45,13.3,13.53,13.2,30632,41606203.0,2.47,-0.52,-0.07,1.7
2023-12-07,300719,13.27,13.28,13.41,13.23,28465,38482076.0,1.35,-0.15,-0.02,1.58
2023-12-08,300719,13.29,12.94,13.43,12.9,37282,49506185.0,3.99,-2.56,-0.34,2.07
2023-12-11,300719,12.84,13.13,13.18,12.81,38229,50622285.0,2.86,1.47,0.19,2.12
2023-12-12,300719,13.17,13.17,13.46,13.13,26299,35311568.0,2.51,0.3,0.04,1.46
2023-12-13,300719,13.23,13.01,13.32,12.99,35871,47921293.0,2.51,-1.21,-0.16,1.99
2023-12-14,300719,13.15,12.98,13.22,12.94,26463,35060255.0,2.15,-0.23,-0.03,1.47
2023-12-15,300719,13.01,12.87,13.05,12.8,35706,46670886.0,1.93,-0.85,-0.11,1.98
2023-12-18,300719,12.9,12.7,12.97,12.67,34179,44436121.0,2.33,-1.32,-0.17,1.9
2023-12-19,300719,12.77,12.77,12.93,12.6,43044,55601762.0,2.6,0.55,0.07,2.39
2023-12-20,300719,12.87,12.61,12.92,12.58,29164,37810686.0,2.66,-1.25,-0.16,1.62
2023-12-21,300719,12.63,12.67,12.73,12.39,28254,36085920.0,2.7,0.48,0.06,1.57
2023-12-22,300719,12.67,12.76,12.95,12.66,32460,42270280.0,2.29,0.71,0.09,1.8
2023-12-25,300719,12.76,12.8,13.04,12.68,33334,43557592.0,2.82,0.31,0.04,1.85
2023-12-26,300719,12.85,12.6,12.86,12.5,31140,39832294.0,2.81,-1.56,-0.2,1.73
2023-12-27,300719,12.56,12.63,12.68,12.43,28564,36441195.0,1.98,0.24,0.03,1.59
2023-12-28,300719,12.63,12.81,12.89,12.51,32419,41947099.0,3.01,1.43,0.18,1.8
2023-12-29,300719,12.78,13.13,13.16,12.78,37738,49931849.0,2.97,2.5,0.32,2.1
2024-01-02,300719,13.14,13.42,13.57,13.02,51009,69614052.0,4.19,2.21,0.29,2.83
2024-01-03,300719,13.45,13.4,13.54,13.21,38843,52583325.0,2.46,-0.15,-0.02,2.16
2024-01-04,300719,13.33,13.37,13.52,13.24,36628,49632778.0,2.09,-0.22,-0.03,2.03
2024-01-05,300719,13.36,13.11,13.49,13.03,37055,49789289.0,3.44,-1.94,-0.26,2.06
2024-01-08,300719,13.15,12.61,13.15,12.58,49826,64709795.0,4.35,-3.81,-0.5,2.77
2024-01-09,300719,12.66,12.7,12.88,12.62,41599,53837220.0,2.06,0.71,0.09,2.31
2024-01-10,300719,12.79,12.65,12.82,12.44,36291,46677359.0,2.99,-0.39,-0.05,2.02
2024-01-11,300719,12.73,12.87,12.93,12.54,29093,37650923.0,3.08,1.74,0.22,1.62
2024-01-12,300719,12.87,12.65,12.98,12.55,55844,72096762.0,3.34,-1.71,-0.22,3.1
2024-01-15,300719,12.64,12.81,12.81,12.33,67204,86099858.0,3.79,1.26,0.16,3.73
2024-01-16,300719,15.28,13.77,15.28,13.11,344900,482755854.0,16.94,7.49,0.96,19.16
2024-01-17,300719,13.68,12.99,13.76,12.95,253359,340580238.0,5.88,-5.66,-0.78,14.07
2024-01-18,300719,12.75,12.75,12.95,11.97,188661,239446468.0,7.54,-1.85,-0.24,10.48
2024-01-19,300719,12.64,12.19,12.73,12.08,126791,158171685.0,5.1,-4.39,-0.56,7.04
2024-01-22,300719,12.11,11.37,12.36,11.2,129910,156601964.0,9.52,-6.73,-0.82,7.22
2024-01-23,300719,11.25,11.48,11.6,11.1,82439,95114880.0,4.4,0.97,0.11,4.58
2024-01-24,300719,11.47,11.38,11.71,10.98,81560,93809136.0,6.36,-0.87,-0.1,4.53
2024-01-25,300719,11.35,11.91,11.95,11.25,73726,87355446.0,6.15,4.66,0.53,4.1
2024-01-26,300719,11.81,11.95,12.27,11.81,75090,92210331.0,3.86,0.34,0.04,4.17
2024-01-29,300719,11.97,11.42,12.08,11.39,49230,58420084.0,5.77,-4.44,-0.53,2.73
2024-01-30,300719,11.47,11.0,11.47,10.94,52978,60376986.0,4.64,-3.68,-0.42,2.94
2024-01-31,300719,11.03,10.29,11.09,10.21,76061,82225194.0,8.0,-6.45,-0.71,4.23
2024-02-01,300719,10.21,10.14,10.31,9.71,81048,82975223.0,5.83,-1.46,-0.15,4.5
2024-02-02,300719,9.88,9.12,10.19,8.95,108072,105247271.0,12.23,-10.06,-1.02,6.0
2024-02-05,300719,9.01,8.0,9.17,7.51,123470,102341299.0,18.2,-12.28,-1.12,6.86
2024-02-06,300719,7.74,8.01,8.2,7.17,139053,109718819.0,12.88,0.13,0.01,7.72
2024-02-07,300719,7.98,7.55,8.06,7.37,192577,150484932.0,8.61,-5.74,-0.46,10.7
2024-02-08,300719,7.75,8.6,8.65,7.46,202672,165090644.0,15.76,13.91,1.05,11.26
2024-02-19,300719,8.8,8.85,9.26,8.67,169636,155082931.0,6.86,2.91,0.25,9.42
2024-02-20,300719,8.85,8.95,9.01,8.69,69373,63008679.0,3.62,1.13,0.1,3.85
2024-02-21,300719,8.82,9.17,9.36,8.77,81910,76590417.0,6.59,2.46,0.22,4.55
2024-02-22,300719,9.16,9.5,9.5,9.1,79481,75846470.0,4.36,3.6,0.33,4.42
2024-02-23,300719,9.47,9.78,9.85,9.41,69009,67973903.0,4.63,2.95,0.28,3.83
2024-02-26,300719,9.77,10.16,10.53,9.73,108514,112350525.0,8.18,3.89,0.38,6.03
2024-02-27,300719,10.09,10.63,10.64,10.0,71047,74776509.0,6.3,4.63,0.47,3.95
2024-02-28,300719,10.63,9.53,10.68,9.5,109267,112983343.0,11.1,-10.35,-1.1,6.07
2024-02-29,300719,9.5,9.94,9.95,9.47,83561,83359910.0,5.04,4.3,0.41,4.64
2024-03-01,300719,10.3,10.42,10.7,10.22,122378,129867887.0,4.83,4.83,0.48,6.8
2024-03-04,300719,10.39,10.17,10.54,10.0,89867,93331094.0,5.18,-2.4,-0.25,4.99
2024-03-05,300719,10.12,10.57,11.02,9.98,183991,200451105.0,10.23,3.93,0.4,10.22
2024-03-06,300719,10.32,10.51,10.6,10.12,124214,130786595.0,4.54,-0.57,-0.06,6.9
2024-03-07,300719,10.46,10.19,10.62,10.19,92129,97589589.0,4.09,-3.04,-0.32,5.12
2024-03-08,300719,10.3,10.52,10.52,10.25,72463,76705950.0,2.65,3.24,0.33,4.03
2024-03-11,300719,10.48,10.93,10.95,10.42,133686,146423700.0,5.04,3.9,0.41,7.43
2024-03-12,300719,10.94,11.81,12.2,10.9,226536,268374297.0,11.89,8.05,0.88,12.58
2024-03-13,300719,11.62,11.6,11.97,11.26,197544,231682493.0,6.01,-1.78,-0.21,10.97
2024-03-14,300719,11.58,11.2,11.62,11.0,116697,134079140.0,5.34,-3.45,-0.4,6.48
2024-03-15,300719,11.2,11.66,12.04,11.16,177154,210867485.0,7.86,4.11,0.46,9.84
2024-03-18,300719,11.66,12.6,12.61,11.61,221547,276846706.0,8.58,8.06,0.94,12.31
2024-03-19,300719,12.21,12.15,12.55,12.13,169521,211308310.0,3.33,-3.57,-0.45,9.42
2024-03-20,300719,12.41,12.77,12.8,12.29,186789,237637847.0,4.2,5.1,0.62,10.38
2024-03-21,300719,12.55,13.72,14.52,12.51,322663,441217210.0,15.74,7.44,0.95,17.92
2024-03-22,300719,13.55,13.4,13.86,13.1,247313,337935820.0,5.54,-2.33,-0.32,13.74
2024-03-25,300719,13.2,12.56,13.7,12.47,210926,278445603.0,9.18,-6.27,-0.84,11.72
2024-03-26,300719,12.57,12.24,12.76,12.08,158847,199339938.0,5.41,-2.55,-0.32,8.82
2024-03-27,300719,12.21,11.88,12.33,11.56,136851,165686814.0,6.29,-2.94,-0.36,7.6
2024-03-28,300719,12.24,14.14,14.25,12.2,378601,517030169.0,17.26,19.02,2.26,21.03
2024-03-29,300719,13.7,13.84,14.1,13.61,252128,353441695.0,3.47,-2.12,-0.3,14.01
2024-04-01,300719,13.83,13.86,14.08,13.52,200712,280758323.0,4.05,0.14,0.02,11.15
2024-04-02,300719,13.7,14.02,14.98,13.63,326960,474962097.0,9.74,1.15,0.16,18.16
2024-04-03,300719,13.82,13.38,13.98,13.06,221161,300446519.0,6.56,-4.56,-0.64,12.29
2024-04-08,300719,13.23,12.82,13.4,12.8,131437,172973698.0,4.48,-4.19,-0.56,7.3
2024-04-09,300719,12.85,13.23,14.05,12.81,184527,250960907.0,9.67,3.2,0.41,10.25
2024-04-10,300719,13.16,13.74,13.76,12.64,238005,320338676.0,8.47,3.85,0.51,13.22
2024-04-11,300719,13.13,12.53,13.14,12.46,189059,245056367.0,4.95,-8.81,-1.21,10.5
2024-04-12,300719,12.45,12.34,12.76,12.25,115716,146435716.0,4.07,-1.52,-0.19,6.43
2024-04-15,300719,12.27,12.58,12.71,11.71,134370,168972603.0,8.1,1.94,0.24,7.46
2024-04-16,300719,11.96,11.71,12.3,11.4,148314,179233573.0,7.15,-6.92,-0.87,8.26
2024-04-17,300719,12.15,12.94,12.97,12.02,178556,229524535.0,8.11,10.5,1.23,9.94
2024-04-18,300719,13.83,15.57,15.57,13.82,418298,636196160.0,13.52,20.32,2.63,23.29
2024-04-19,300719,16.06,18.72,18.72,16.02,613821,1090463883.0,17.34,20.23,3.15,34.17
2024-04-22,300719,19.79,19.95,21.3,18.3,760529,1525212308.0,16.03,6.57,1.23,42.34
2024-04-23,300719,19.8,22.96,22.98,19.45,680673,1463377181.0,17.69,15.09,3.01,37.9
2024-04-24,300719,20.6,22.16,23.4,20.6,637668,1435166152.0,12.2,-3.48,-0.8,35.5
2024-04-25,300719,23.29,22.43,23.72,21.68,485707,1102530103.0,9.21,1.22,0.27,27.04
2024-04-26,300719,21.78,21.0,22.93,20.76,539320,1178526184.0,9.67,-6.38,-1.43,30.03
2024-04-29,300719,20.7,20.71,21.3,20.22,409445,855187404.0,5.14,-1.38,-0.29,22.8
2024-04-30,300719,20.1,18.62,20.41,17.85,407045,770038262.0,12.36,-10.09,-2.09,22.66
2024-05-06,300719,18.56,18.77,19.02,18.55,254596,482222635.0,2.52,0.81,0.15,14.17
2024-05-07,300719,19.17,22.56,22.56,19.17,363945,789385504.0,18.06,20.19,3.79,20.26
2024-05-08,300719,23.3,23.82,24.35,21.84,788363,1863263650.0,11.13,5.59,1.26,43.89
2024-05-09,300719,22.4,22.13,22.79,21.26,544722,1207988072.0,6.42,-7.09,-1.69,30.33
2024-05-10,300719,21.59,20.46,22.55,20.3,429041,913627893.0,10.17,-7.55,-1.67,23.89
2024-05-13,300719,19.96,20.82,21.12,19.57,308203,631032254.0,7.58,1.76,0.36,17.16
2024-05-14,300719,20.52,21.03,21.45,19.91,322501,676273244.0,7.4,1.01,0.21,17.95
2024-05-15,300719,20.78,22.09,24.08,20.63,575060,1301928685.0,16.41,5.04,1.06,32.02
2024-05-16,300719,21.5,21.6,22.95,21.32,458888,1019807741.0,7.38,-2.22,-0.49,25.55
2024-05-17,300719,22.93,25.34,25.88,21.99,724573,1738189986.0,18.01,17.31,3.74,40.34
2024-05-20,300719,23.8,24.83,25.05,23.78,581849,1429715809.0,5.01,-2.01,-0.51,32.39
2024-05-21,300719,23.75,23.1,23.9,22.8,405937,951017359.0,4.43,-6.97,-1.73,22.6
2024-05-22,300719,22.86,23.92,24.68,22.86,441721,1064085601.0,7.88,3.55,0.82,24.59
2024-05-23,300719,25.0,22.94,25.73,22.81,508699,1251252345.0,12.21,-4.1,-0.98,28.32
2024-05-24,300719,22.29,20.6,22.53,20.11,411373,869742559.0,10.55,-10.2,-2.34,22.9
2024-05-27,300719,20.7,20.7,20.96,19.58,272715,558768133.0,6.7,0.49,0.1,15.18
2024-05-28,300719,20.17,19.85,20.59,19.7,242456,489962999.0,4.3,-4.11,-0.85,13.5
2024-05-29,300719,19.74,19.7,20.25,19.46,194973,388695366.0,3.98,-0.76,-0.15,10.85
2024-05-30,300719,19.8,18.94,19.97,18.86,222700,435810245.0,5.63,-3.86,-0.76,12.4
2024-05-31,300719,18.89,19.37,19.63,18.57,239593,463136748.0,5.6,2.27,0.43,13.34
2024-06-03,300719,19.63,19.72,20.79,19.53,296593,603146572.0,6.5,1.81,0.35,16.51
2024-06-04,300719,19.58,19.27,20.29,18.83,239277,473139407.0,7.4,-2.28,-0.45,13.32
2024-06-05,300719,19.09,18.8,19.68,18.61,197711,380770097.0,5.55,-2.44,-0.47,11.01
2024-06-06,300719,19.16,17.9,19.27,17.7,236751,433674584.0,8.35,-4.79,-0.9,13.18
2024-06-07,300719,18.22,18.06,18.24,17.58,166935,302416465.0,3.69,0.89,0.16,9.29
2024-06-11,300719,17.7,17.92,18.0,17.39,161048,288221013.0,3.38,-0.78,-0.14,8.97
2024-06-12,300719,17.78,18.1,18.2,17.72,149424,272244240.0,2.68,1.0,0.18,8.32
2024-06-13,300719,18.05,17.85,18.18,17.67,148190,267604933.0,2.82,-1.38,-0.25,8.25
2024-06-14,300719,17.88,17.51,17.9,17.37,141178,250126846.0,2.97,-1.9,-0.34,7.86
2024-06-17,300719,17.52,17.85,18.33,17.46,210229,382681372.0,4.97,1.94,0.34,11.7
2024-06-18,300719,17.75,18.92,19.04,17.75,315970,593379427.0,7.23,5.99,1.07,17.59
2024-06-19,300719,18.6,19.22,20.41,18.53,378437,739208793.0,9.94,1.59,0.3,21.07
2024-06-20,300719,19.02,17.77,19.1,17.69,246087,451930617.0,7.34,-7.54,-1.45,13.7
2024-06-21,300719,17.58,17.34,18.07,17.2,150921,267294025.0,4.9,-2.42,-0.43,8.4
2024-06-24,300719,17.28,16.5,17.49,16.46,148665,252598116.0,5.94,-4.84,-0.84,8.28
2024-06-25,300719,16.65,16.65,17.15,16.47,136996,230316582.0,4.12,0.91,0.15,7.63
2024-06-26,300719,16.65,16.95,16.97,16.21,124685,206543825.0,4.56,1.8,0.3,6.94
2024-06-27,300719,16.79,16.33,16.86,16.3,97656,161604489.0,3.3,-3.66,-0.62,5.44
2024-06-28,300719,16.45,16.95,17.48,16.45,186875,318944243.0,6.31,3.8,0.62,10.4
2024-07-01,300719,16.72,16.96,17.1,16.49,110189,184777977.0,3.6,0.06,0.01,6.13
2024-07-02,300719,17.07,16.72,17.19,16.66,92739,156321730.0,3.13,-1.42,-0.24,5.16
2024-07-03,300719,16.62,16.32,16.87,16.24,81105,133131149.0,3.77,-2.39,-0.4,4.52
2024-07-04,300719,16.36,15.86,16.45,15.78,97301,156160328.0,4.11,-2.82,-0.46,5.42
2024-07-05,300719,15.85,15.93,16.0,15.49,69851,110211015.0,3.22,0.44,0.07,3.89
2024-07-08,300719,15.9,15.53,15.91,15.46,64811,100977034.0,2.82,-2.51,-0.4,3.61
2024-07-09,300719,15.7,16.0,16.03,15.18,128021,200549567.0,5.47,3.03,0.47,7.13
2024-07-10,300719,15.85,15.84,16.14,15.75,89781,143051397.0,2.44,-1.0,-0.16,5.0
2024-07-11,300719,16.1,16.24,16.35,15.89,108857,175896597.0,2.9,2.53,0.4,6.06
2024-07-12,300719,16.27,16.01,16.39,15.93,89068,143847013.0,2.83,-1.42,-0.23,4.96
2024-07-15,300719,15.88,15.81,16.2,15.73,67881,107913715.0,2.94,-1.25,-0.2,3.78
2024-07-16,300719,15.7,15.87,15.95,15.52,62936,99003830.0,2.72,0.38,0.06,3.5
2024-07-17,300719,15.79,15.12,15.87,15.12,81762,125910844.0,4.73,-4.73,-0.75,4.55
2024-07-18,300719,15.77,15.56,15.8,15.01,160729,247485418.0,5.22,2.91,0.44,8.95
2024-07-19,300719,15.4,15.4,15.68,15.2,117144,180829845.0,3.08,-1.03,-0.16,6.52
2024-07-22,300719,15.4,15.59,15.74,15.3,89966,139858069.0,2.86,1.23,0.19,5.01
2024-07-23,300719,15.53,15.18,15.67,15.14,69593,107223584.0,3.4,-2.63,-0.41,3.87
2024-07-24,300719,15.11,15.29,15.88,14.95,116180,178688985.0,6.13,0.72,0.11,6.47
2024-07-25,300719,14.89,15.53,15.79,14.81,139977,215691747.0,6.41,1.57,0.24,7.79
2024-07-26,300719,15.3,17.0,17.86,15.27,368851,610207710.0,16.68,9.47,1.47,20.54
2024-07-29,300719,17.5,18.12,18.87,16.98,421912,745244056.0,11.12,6.59,1.12,23.49
2024-07-30,300719,17.86,17.58,17.95,17.35,319357,562032433.0,3.31,-2.98,-0.54,17.78
2024-07-31,300719,17.4,17.74,18.46,16.7,402653,701502057.0,10.01,0.91,0.16,22.42
2024-08-01,300719,17.33,18.48,18.61,17.25,401150,727078859.0,7.67,4.17,0.74,22.33
2024-08-02,300719,18.23,19.15,20.0,18.14,480879,927701519.0,10.06,3.63,0.67,26.77
2024-08-05,300719,18.62,17.75,19.78,17.71,322284,606567668.0,10.81,-7.31,-1.4,17.94
2024-08-06,300719,18.08,18.0,18.38,16.99,238194,426982585.0,7.83,1.41,0.25,13.26
2024-08-07,300719,17.7,17.8,18.29,17.63,199716,358153152.0,3.67,-1.11,-0.2,11.12
2024-08-08,300719,17.5,16.51,17.66,16.45,243477,408473715.0,6.8,-7.25,-1.29,13.56
2024-08-09,300719,16.66,16.29,16.97,16.29,126497,209526075.0,4.12,-1.33,-0.22,7.04
2024-08-12,300719,16.42,15.92,16.47,15.63,105217,166967087.0,5.16,-2.27,-0.37,5.86
2024-08-13,300719,16.0,16.39,16.58,15.96,155768,253681706.0,3.89,2.95,0.47,8.67
2024-08-14,300719,16.39,15.99,16.47,15.99,115333,186659160.0,2.93,-2.44,-0.4,6.42
2024-08-15,300719,15.84,15.99,16.1,15.5,105878,167434229.0,3.75,0.0,0.0,5.89
2024-08-16,300719,15.97,15.63,16.11,15.55,95872,151109188.0,3.5,-2.25,-0.36,5.34
2024-08-19,300719,15.65,15.43,15.72,15.39,79359,123027135.0,2.11,-1.28,-0.2,4.42
2024-08-20,300719,15.42,14.96,15.49,14.87,80337,121073347.0,4.02,-3.05,-0.47,4.47
2024-08-21,300719,14.88,14.99,15.1,14.75,61285,91786427.0,2.34,0.2,0.03,3.41
2024-08-22,300719,14.99,14.86,15.23,14.72,102739,154010889.0,3.4,-0.87,-0.13,5.72
2024-08-23,300719,14.98,14.44,15.0,14.34,80173,116594540.0,4.44,-2.83,-0.42,4.46
2024-08-26,300719,14.43,14.91,15.03,14.38,109397,161721566.0,4.5,3.25,0.47,6.09
2024-08-27,300719,14.78,14.38,14.82,14.35,71926,104439630.0,3.15,-3.55,-0.53,4.0
2024-08-28,300719,14.35,14.18,14.44,14.13,61996,88489679.0,2.16,-1.39,-0.2,3.45
2024-08-29,300719,14.14,14.75,14.88,14.05,104086,151725723.0,5.85,4.02,0.57,5.79
2024-08-30,300719,14.58,14.95,15.28,14.51,130916,196255812.0,5.22,1.36,0.2,7.29
2024-09-02,300719,14.83,14.36,15.07,14.36,92845,136181906.0,4.75,-3.95,-0.59,5.17
2024-09-03,300719,14.38,14.63,15.05,14.38,90342,133091108.0,4.67,1.88,0.27,5.03
2024-09-04,300719,14.49,14.73,14.89,14.44,84130,123850934.0,3.08,0.68,0.1,4.68
2024-09-05,300719,14.73,14.89,15.03,14.61,84263,125359196.0,2.85,1.09,0.16,4.69
2024-09-06,300719,14.89,14.46,15.09,14.44,106168,156818356.0,4.37,-2.89,-0.43,5.91
2024-09-09,300719,14.36,14.47,14.67,14.25,63691,92196169.0,2.9,0.07,0.01,3.55
2024-09-10,300719,14.49,14.74,14.93,14.42,89130,130629355.0,3.52,1.87,0.27,4.96
2024-09-11,300719,14.57,14.51,14.72,14.43,62880,91464333.0,1.97,-1.56,-0.23,3.5
2024-09-12,300719,14.58,14.41,14.8,14.41,61169,89489646.0,2.69,-0.69,-0.1,3.41
2024-09-13,300719,14.49,14.15,14.68,14.13,54388,77719426.0,3.82,-1.8,-0.26,3.03
2024-09-18,300719,14.15,14.2,14.33,13.89,54859,77334117.0,3.11,0.35,0.05,3.05
2024-09-19,300719,14.21,14.47,14.61,14.21,63860,92164640.0,2.82,1.9,0.27,3.56
2024-09-20,300719,14.45,14.31,14.62,14.24,50433,72448487.0,2.63,-1.11,-0.16,2.81
2024-09-23,300719,14.31,14.28,14.49,14.14,59842,85814002.0,2.45,-0.21,-0.03,3.33
2024-09-24,300719,14.44,15.27,15.48,14.36,238551,358945033.0,7.84,6.93,0.99,13.28
2024-09-25,300719,15.17,15.26,15.62,15.1,214716,329714894.0,3.41,-0.07,-0.01,11.95
2024-09-26,300719,15.2,15.6,15.65,14.96,183160,280941942.0,4.52,2.23,0.34,10.2
2024-09-27,300719,15.9,16.46,16.62,15.64,216902,349631484.0,6.28,5.51,0.86,12.08
2024-09-30,300719,17.13,19.07,19.26,16.47,369591,658697475.0,16.95,15.86,2.61,20.58
2024-10-08,300719,22.0,22.88,22.88,19.28,400521,855166913.0,18.88,19.98,3.81,22.3
2024-10-09,300719,21.76,22.22,24.98,20.52,535413,1242189657.0,19.49,-2.88,-0.66,29.81
2024-10-10,300719,21.8,22.41,23.87,20.72,384324,854205428.0,14.18,0.86,0.19,21.4
2024-10-11,300719,21.58,19.55,22.06,19.17,288786,583384405.0,12.9,-12.76,-2.86,16.08
2024-10-14,300719,20.2,21.51,22.3,20.05,360202,764789826.0,11.51,10.03,1.96,20.05
2024-10-15,300719,21.0,22.31,23.36,20.45,476256,1037189049.0,13.53,3.72,0.8,26.51
2024-10-16,300719,21.4,21.56,22.2,21.22,283219,613610791.0,4.39,-3.36,-0.75,15.77
2024-10-17,300719,21.53,21.68,22.33,21.41,305761,669699849.0,4.27,0.56,0.12,17.02
2024-10-18,300719,21.38,23.09,23.89,21.0,461216,1047813093.0,13.33,6.5,1.41,25.68
2024-10-21,300719,23.29,26.57,27.19,23.29,563340,1401650885.0,16.89,15.07,3.48,31.36
2024-10-22,300719,25.68,24.2,26.36,24.11,440567,1101012856.0,8.47,-8.92,-2.37,24.53
2024-10-23,300719,23.4,24.0,26.21,23.39,386179,957851845.0,11.65,-0.83,-0.2,21.5
2024-10-24,300719,23.82,23.09,23.9,22.76,246745,571331139.0,4.75,-3.79,-0.91,13.74
2024-10-25,300719,23.09,23.26,24.1,22.92,279336,658437386.0,5.11,0.74,0.17,15.55
2024-10-28,300719,23.95,24.21,24.79,23.48,283800,683958506.0,5.63,4.08,0.95,15.8
2024-10-29,300719,22.76,21.98,23.64,21.81,368563,828078261.0,7.56,-9.21,-2.23,20.52
2024-10-30,300719,21.62,22.26,22.53,21.11,247681,546581463.0,6.46,1.27,0.28,13.79
2024-10-31,300719,22.31,22.21,22.7,22.0,244867,547343721.0,3.14,-0.22,-0.05,13.63
2024-11-01,300719,21.9,20.36,22.17,20.31,235133,491175275.0,8.37,-8.33,-1.85,13.09
2024-11-04,300719,20.36,20.99,21.09,20.36,128621,268119819.0,3.59,3.09,0.63,7.16
2024-11-05,300719,21.1,22.15,22.34,21.1,239370,526904152.0,5.91,5.53,1.16,13.33
2024-11-06,300719,23.3,22.62,23.58,22.35,368355,847531585.0,5.55,2.12,0.47,20.51
2024-11-07,300719,21.75,21.98,22.32,21.4,225731,492964987.0,4.07,-2.83,-0.64,12.57
2024-11-08,300719,22.06,22.5,22.82,22.06,211447,474773199.0,3.46,2.37,0.52,11.77
2024-11-11,300719,22.71,22.73,22.85,22.08,191698,432789347.0,3.42,1.02,0.23,10.67
2024-11-12,300719,22.98,22.03,23.0,21.82,166364,371730612.0,5.19,-3.08,-0.7,9.26
2024-11-13,300719,21.82,21.77,22.1,21.09,119523,257581357.0,4.58,-1.18,-0.26,6.65
2024-11-14,300719,21.77,20.69,21.87,20.64,100805,212903508.0,5.65,-4.96,-1.08,5.61
2024-11-15,300719,20.46,19.45,20.7,19.4,123469,247605590.0,6.28,-5.99,-1.24,6.87
2024-11-18,300719,19.45,18.78,19.84,18.31,101613,190783266.0,7.87,-3.44,-0.67,5.66
2024-11-19,300719,18.95,19.78,19.78,18.85,120031,231806919.0,4.95,5.32,1.0,6.68
2024-11-20,300719,19.79,20.08,20.11,19.54,96048,191292320.0,2.88,1.52,0.3,5.35
2024-11-21,300719,20.02,19.8,20.12,19.48,74709,148067320.0,3.19,-1.39,-0.28,4.16
2024-11-22,300719,19.6,19.42,20.28,19.05,146393,288542854.0,6.21,-1.92,-0.38,8.15
2024-11-25,300719,19.35,19.32,19.42,18.77,89554,170609488.0,3.35,-0.51,-0.1,4.99
2024-11-26,300719,19.28,18.82,19.61,18.8,64166,123102495.0,4.19,-2.59,-0.5,3.57
2024-11-27,300719,18.84,19.39,19.4,18.34,77203,145855213.0,5.63,3.03,0.57,4.3
2024-11-28,300719,19.36,19.43,19.82,19.23,96550,189043205.0,3.04,0.21,0.04,5.38
2024-11-29,300719,19.34,19.58,19.77,18.96,93072,180820247.0,4.17,0.77,0.15,5.18
2024-12-02,300719,19.6,20.07,20.18,19.6,100767,201323753.0,2.96,2.5,0.49,5.61
2024-12-03,300719,20.01,19.86,20.06,19.57,75586,149877270.0,2.44,-1.05,-0.21,4.21
2024-12-04,300719,19.8,19.26,19.83,19.11,76387,148830949.0,3.63,-3.02,-0.6,4.25
2024-12-05,300719,19.17,19.6,19.74,19.12,61183,119264504.0,3.22,1.77,0.34,3.41
2024-12-06,300719,19.62,19.62,19.76,19.25,69523,135580401.0,2.6,0.1,0.02,3.87
2024-12-09,300719,19.66,19.15,19.66,18.93,68884,132331031.0,3.72,-2.4,-0.47,3.83
2024-12-10,300719,19.79,20.06,20.12,19.56,154084,306676756.0,2.92,4.75,0.91,8.58
2024-12-11,300719,20.0,20.16,20.22,19.82,102262,204734725.0,1.99,0.5,0.1,5.69
2024-12-12,300719,20.2,20.99,21.19,20.1,204763,426035428.0,5.41,4.12,0.83,11.4
2024-12-13,300719,20.82,20.13,20.82,20.12,125795,256574831.0,3.33,-4.1,-0.86,7.0
2024-12-16,300719,20.16,20.02,20.52,19.79,89934,181306472.0,3.63,-0.55,-0.11,5.01
2024-12-17,300719,19.9,18.72,20.09,18.65,102262,196017692.0,7.19,-6.49,-1.3,5.69
2024-12-18,300719,18.74,18.55,18.99,18.25,63348,117858067.0,3.95,-0.91,-0.17,3.53
2024-12-19,300719,18.21,18.41,18.62,18.15,59820,109858330.0,2.53,-0.75,-0.14,3.33
2024-12-20,300719,18.36,18.9,19.05,18.27,70790,133208065.0,4.24,2.66,0.49,3.94
2024-12-23,300719,18.9,18.2,19.0,18.15,56424,104147172.0,4.5,-3.7,-0.7,3.14
2024-12-24,300719,18.28,18.31,18.63,17.98,45791,83627764.0,3.57,0.6,0.11,2.55
2024-12-25,300719,18.3,18.86,19.5,17.51,126262,234689017.0,10.87,3.0,0.55,7.03
2024-12-26,300719,18.98,19.03,19.33,18.87,80482,153691439.0,2.44,0.9,0.17,4.48
2024-12-27,300719,19.93,19.08,20.39,19.05,144881,287283187.0,7.04,0.26,0.05,8.07
2024-12-30,300719,18.81,19.07,19.81,18.81,103868,200268009.0,5.24,-0.05,-0.01,5.78
2024-12-31,300719,18.9,17.91,18.95,17.91,88248,162397905.0,5.45,-6.08,-1.16,4.91
2025-01-02,300719,17.89,17.02,17.9,16.84,81330,140702458.0,5.92,-4.97,-0.89,4.53
2025-01-03,300719,17.05,15.9,17.11,15.86,71867,117960024.0,7.34,-6.58,-1.12,4.0
2025-01-06,300719,15.95,15.72,16.2,15.42,48557,76911950.0,4.91,-1.13,-0.18,2.7
2025-01-07,300719,15.87,16.29,16.3,15.8,42898,68818607.0,3.18,3.63,0.57,2.39
2025-01-08,300719,16.1,16.2,16.45,15.6,51508,82703985.0,5.22,-0.55,-0.09,2.87
2025-01-09,300719,16.16,16.45,16.68,16.09,52692,86470137.0,3.64,1.54,0.25,2.93
2025-01-10,300719,16.33,15.86,16.57,15.86,49305,80135294.0,4.32,-3.59,-0.59,2.74
2025-01-13,300719,16.0,16.12,16.29,15.36,45466,72485516.0,5.86,1.64,0.26,2.53
2025-01-14,300719,16.2,16.94,16.98,16.13,61640,102509872.0,5.27,5.09,0.82,3.43
2025-01-15,300719,16.81,16.69,17.04,16.65,52111,87722506.0,2.3,-1.48,-0.25,2.9
2025-01-16,300719,16.8,16.68,17.07,16.46,46331,77660724.0,3.65,-0.06,-0.01,2.58
2025-01-17,300719,16.68,16.73,16.87,16.5,37180,62082005.0,2.22,0.3,0.05,2.07
2025-01-20,300719,16.83,16.75,16.99,16.6,33911,56929386.0,2.33,0.12,0.02,1.89
2025-01-21,300719,16.89,16.68,16.89,16.4,37836,62678755.0,2.93,-0.42,-0.07,2.11
2025-01-22,300719,16.8,16.47,16.8,16.28,36103,59742151.0,3.12,-1.26,-0.21,2.01
2025-01-23,300719,16.51,16.41,16.96,16.4,59471,99539752.0,3.4,-0.36,-0.06,3.31
2025-01-24,300719,16.5,16.62,16.65,16.27,40998,67450168.0,2.32,1.28,0.21,2.28
2025-01-27,300719,16.64,16.14,16.87,16.13,35989,59133688.0,4.45,-2.89,-0.48,2.0
2025-02-05,300719,16.25,16.83,17.04,16.21,61883,103509689.0,5.14,4.28,0.69,3.45
2025-02-06,300719,17.0,17.44,17.54,16.78,72728,125564280.0,4.52,3.62,0.61,4.05
2025-02-07,300719,17.38,17.44,17.71,17.15,79054,138476900.0,3.21,0.0,0.0,4.4
2025-02-10,300719,17.45,17.6,17.7,17.41,58387,102347895.0,1.66,0.92,0.16,3.25
2025-02-11,300719,17.54,17.41,17.65,17.15,54747,95083843.0,2.84,-1.08,-0.19,3.05
2025-02-12,300719,17.36,17.68,17.68,17.3,61740,108431584.0,2.18,1.55,0.27,3.44
2025-02-13,300719,18.01,18.76,20.48,18.01,248524,475311705.0,13.97,6.11,1.08,13.84
2025-02-14,300719,18.25,19.72,20.0,18.1,245291,466283968.0,10.13,5.12,0.96,13.66
2025-02-17,300719,19.38,19.45,19.89,19.18,177866,347441901.0,3.6,-1.37,-0.27,9.9
2025-02-18,300719,19.47,18.66,19.87,18.58,146094,282223983.0,6.63,-4.06,-0.79,8.13
2025-02-19,300719,18.6,18.99,19.01,18.48,108450,203815592.0,2.84,1.77,0.33,6.04
2025-02-20,300719,18.95,19.5,19.67,18.66,144099,277446190.0,5.32,2.69,0.51,8.02
2025-02-21,300719,19.36,19.45,19.55,19.14,111719,215921443.0,2.1,-0.26,-0.05,6.22
2025-02-24,300719,19.49,19.82,20.52,19.41,176944,354131823.0,5.71,1.9,0.37,9.85
2025-02-25,300719,19.25,19.32,19.66,19.04,105385,204148758.0,3.13,-2.52,-0.5,5.87
2025-02-26,300719,19.53,19.23,19.56,19.08,87347,167989928.0,2.48,-0.47,-0.09,4.86
2025-02-27,300719,19.22,18.91,19.22,18.4,108721,204283308.0,4.26,-1.66,-0.32,6.05
2025-02-28,300719,18.79,17.92,18.84,17.88,74208,135522606.0,5.08,-5.24,-0.99,4.13
2025-03-03,300719,17.91,18.0,18.3,17.73,54381,98336667.0,3.18,0.45,0.08,3.03
2025-03-04,300719,17.81,18.65,18.76,17.8,84191,155625113.0,5.33,3.61,0.65,4.69
2025-03-05,300719,18.45,18.42,18.75,18.26,55185,101827718.0,2.63,-1.23,-0.23,3.07
2025-03-06,300719,18.42,18.58,18.75,18.36,72262,134189843.0,2.12,0.87,0.16,4.02
2025-03-07,300719,18.42,18.55,19.12,18.36,93696,175847663.0,4.09,-0.16,-0.03,5.22
2025-03-10,300719,18.55,18.72,18.99,18.3,60933,114152476.0,3.72,0.92,0.17,3.39
2025-03-11,300719,18.36,19.16,19.16,18.31,104660,198018377.0,4.54,2.35,0.44,5.83
2025-03-12,300719,19.1,18.86,19.34,18.82,82001,155565115.0,2.71,-1.57,-0.3,4.57
2025-03-13,300719,18.7,18.66,18.86,18.3,64962,120229106.0,2.97,-1.06,-0.2,3.62
2025-03-14,300719,18.55,18.79,18.86,18.21,68917,128391498.0,3.48,0.7,0.13,3.84
2025-03-17,300719,18.79,18.72,19.02,18.71,51441,96936854.0,1.65,-0.37,-0.07,2.86
2025-03-18,300719,18.73,18.47,18.81,18.35,52809,97778827.0,2.46,-1.34,-0.25,2.94
2025-03-19,300719,18.4,18.2,18.45,18.0,49260,89755356.0,2.44,-1.46,-0.27,2.74
2025-03-20,300719,18.2,18.97,19.3,18.0,143547,270671141.0,7.14,4.23,0.77,7.99
2025-03-21,300719,18.72,18.53,19.05,18.33,87443,163093508.0,3.8,-2.32,-0.44,4.87
2025-03-24,300719,18.4,17.2,18.4,16.68,114071,198591339.0,9.28,-7.18,-1.33,6.35
2025-03-25,300719,17.0,17.22,17.57,16.88,52847,91744397.0,4.01,0.12,0.02,2.94
2025-03-26,300719,17.03,17.38,17.5,17.01,37697,65369362.0,2.85,0.93,0.16,2.1
2025-03-27,300719,17.21,17.15,17.42,16.77,43134,73848467.0,3.74,-1.32,-0.23,2.4
2025-03-28,300719,17.14,16.6,17.32,16.6,42005,70571489.0,4.2,-3.21,-0.55,2.34
2025-03-31,300719,16.7,16.38,16.84,16.09,40276,66052005.0,4.52,-1.33,-0.22,2.24
2025-04-01,300719,16.38,16.67,16.98,16.38,33183,55633909.0,3.66,1.77,0.29,1.85
2025-04-02,300719,16.54,16.47,16.75,16.43,29596,49060496.0,1.92,-1.2,-0.2,1.65
2025-04-03,300719,16.3,16.33,16.6,16.2,23109,37857664.0,2.43,-0.85,-0.14,1.29
2025-04-07,300719,15.68,13.07,15.68,13.06,91239,127122359.0,16.04,-19.96,-3.26,5.08
2025-04-08,300719,13.21,13.75,14.25,13.21,75195,103801526.0,7.96,5.2,0.68,4.19
2025-04-09,300719,13.66,15.56,15.8,13.36,164383,245698534.0,17.75,13.16,1.81,9.15
2025-04-10,300719,15.3,15.5,16.05,15.28,135762,212522270.0,4.95,-0.39,-0.06,7.56
2025-04-11,300719,15.3,15.41,15.68,15.3,63170,97954102.0,2.45,-0.58,-0.09,3.52
2025-04-14,300719,15.98,15.66,16.12,15.56,48491,76100779.0,3.63,1.62,0.25,2.7
2025-04-15,300719,15.66,15.58,16.13,15.36,51459,80550143.0,4.92,-0.51,-0.08,2.86
2025-04-16,300719,16.42,15.62,16.88,15.47,130909,211352875.0,9.05,0.26,0.04,7.29
2025-04-17,300719,15.21,15.81,16.2,15.16,108274,170395284.0,6.66,1.22,0.19,6.03
2025-04-18,300719,15.67,15.23,15.8,15.14,82922,127088053.0,4.17,-3.67,-0.58,4.62
2025-04-21,300719,15.26,15.83,16.36,15.2,92513,146841215.0,7.62,3.94,0.6,5.15
2025-04-22,300719,15.7,15.77,16.02,15.59,66136,104469754.0,2.72,-0.38,-0.06,3.68
2025-04-23,300719,15.79,15.83,15.96,15.6,65811,103704929.0,2.28,0.38,0.06,3.66
2025-04-24,300719,15.7,15.53,15.77,15.36,43161,67286618.0,2.59,-1.9,-0.3,2.4
2025-04-25,300719,15.68,15.36,15.75,15.33,36027,55821352.0,2.7,-1.09,-0.17,2.01
2025-04-28,300719,15.18,14.99,15.27,14.96,41706,62766904.0,2.02,-2.41,-0.37,2.32
2025-04-29,300719,14.87,15.05,15.27,14.82,37864,57215153.0,3.0,0.4,0.06,2.11
2025-04-30,300719,15.03,15.36,15.44,15.0,39671,60691251.0,2.92,2.06,0.31,2.21
2025-05-06,300719,15.48,15.8,15.8,15.38,44352,69516276.0,2.73,2.86,0.44,2.47
2025-05-07,300719,16.2,16.87,17.45,16.09,221863,371129316.0,8.61,6.77,1.07,12.35
2025-05-08,300719,16.77,17.56,17.69,16.47,209253,359232905.0,7.23,4.09,0.69,11.65
2025-05-09,300719,17.79,18.16,18.42,17.05,289379,513669753.0,7.8,3.42,0.6,16.11
2025-05-12,300719,17.46,18.73,19.08,17.2,310800,571756850.0,10.35,3.14,0.57,17.3
2025-05-13,300719,18.55,18.2,18.91,18.08,187797,344795959.0,4.43,-2.83,-0.53,10.46
2025-05-14,300719,18.2,17.82,18.74,17.71,146663,263926363.0,5.66,-2.09,-0.38,8.17
2025-05-15,300719,17.82,19.25,21.38,17.59,435453,861430564.0,21.27,8.02,1.43,24.24
2025-05-16,300719,19.14,18.07,19.2,17.96,293097,537399004.0,6.44,-6.13,-1.18,16.32
2025-05-19,300719,18.72,17.77,18.78,17.5,170199,303718229.0,7.08,-1.66,-0.3,9.48
2025-05-20,300719,17.78,17.07,17.87,16.98,173121,297528729.0,5.01,-3.94,-0.7,9.64
2025-05-21,300719,17.5,16.94,17.58,16.76,114250,194059580.0,4.8,-0.76,-0.13,6.36
2025-05-22,300719,16.63,16.68,17.2,16.59,111122,187485718.0,3.6,-1.53,-0.26,6.19
2025-05-23,300719,16.53,16.42,16.79,16.36,87110,144241138.0,2.58,-1.56,-0.26,4.85
2025-05-26,300719,16.59,16.68,16.74,16.41,54756,90850427.0,2.01,1.58,0.26,3.05
